LEN=139 TYPE=1
DA 01 00 3D E3 DE 06 00 00 00 00 C0 00 50 14 64 00 00 00 00 00 64 00 00 00 01 41 00 00 00 41 00 00 00 1E 00 00 00 32 00 00 00 30 D8 09 00 00 D0 02 2D 01 2D 01 78 69 00 00 78 69 00 00 2C 33 00 00 08 01 00 00 00 00 00 00 7D 00 0B 0A 00 0A 00 0A 00 50 14 09 0A 00 0A 00 0A 00 00 00 08 0A 00 0A 00 0A 00 00 00 0A 0A 00 0A 00 0A 00 00 00 07 0A 00 0A 00 0A 00 00 00 06 0B 00 0B 00 0B 00 21 02 0D 0A 00 0A 00 0A 00 00 00 00 

LEN=96 TYPE=10
DA 0A 00 01 01 00 00 00 03 09 00 00 00 17 00 47 6C 6F 62 61 6C 20 50 6C 61 79 65 72 20 28 47 72 61 64 65 20 31 29 0A 00 00 00 17 00 47 6C 6F 62 61 6C 20 50 6C 61 79 65 72 20 28 47 72 61 64 65 20 32 29 0B 00 00 00 17 00 47 6C 6F 62 61 6C 20 50 6C 61 79 65 72 20 28 47 72 61 64 65 20 33 29 

LEN=233 TYPE=13
DA 0D 00 04 F3 01 00 80 04 F3 01 00 80 04 FF FF FF 7F 04 FF FF FF 7F 04 FF FF FF 7F 04 FF FF FF 7F 04 E7 03 00 80 04 E7 03 00 80 04 FF FF FF 7F 04 FF FF FF 7F 04 FF FF FF 7F 04 FF FF FF 7F 04 FF FF FF 7F 04 FF FF FF 7F 04 FF FF FF 7F 04 FF FF FF 7F 04 FF FF FF 7F 04 FF FF FF 7F 04 FF FF FF 7F 04 FF FF FF 7F 04 FF FF FF 7F 04 FF FF FF 7F 04 FF FF FF 7F 04 FF FF FF 7F 04 FF FF FF 7F 04 FF FF FF 7F 04 FF FF FF 7F 00 00 00 00 00 00 00 00 00 00 00 00 00 00 26 00 26 00 00 00 2A 00 26 00 07 00 0B FD FF 01 00 00 04 FF FF FF 7F 00 00 04 FF FF FF 7F 00 00 00 04 FF FF FF 7F 04 FF FF FF 7F 00 04 FF FF FF 7F 04 FF FF FF 7F 00 00 00 00 00 00 00 00 00 00 00 04 FF FF FF 7F 04 FF FF FF 7F 04 FF FF FF 7F 00 

LEN=85 TYPE=14
DA 0E 00 04 FF FF FF 7F 04 FF FF FF 7F 04 FF FF FF 7F 04 FF FF FF 7F 04 FF FF FF 7F 00 00 00 00 00 00 04 FF FF FF 7F 00 00 0A 00 00 00 0D 00 21 00 06 0B 00 00 00 04 43 00 00 80 04 FF FF FF 7F 04 20 00 00 80 04 0D 00 00 80 04 FF FF FF 7F 04 2F F8 FF 7F 00 

LEN=70 TYPE=15
DA 0F 00 04 FF FF FF 7F 04 FF FF FF 7F 04 FF FF FF 7F 04 FF FF FF 7F 04 FF FF FF 7F 04 FF FF FF 7F 00 FF FF FF 7F 04 FF FF FF 7F 04 83 03 00 80 04 FF FF FF 7F 04 FF FF FF 7F 04 FF FF FF 7F 00 07 00 00 00 00 00 

LEN=201 TYPE=3
DA 03 00 01 00 01 00 03 00 C5 9C 84 6A 3A 00 44 69 65 64 20 61 74 20 4C 65 76 65 6C 20 31 39 34 20 62 79 20 61 20 54 68 65 20 55 6E 77 65 6C 63 6F 6D 65 2E 20 61 6E 64 20 61 20 54 68 65 20 55 6E 77 65 6C 63 6F 6D 65 2E F8 9B 84 6A 3A 00 44 69 65 64 20 61 74 20 4C 65 76 65 6C 20 31 39 37 20 62 79 20 61 20 54 68 65 20 55 6E 77 65 6C 63 6F 6D 65 2E 20 61 6E 64 20 61 20 54 68 65 20 55 6E 77 65 6C 63 6F 6D 65 2E ED 9B 84 6A 3A 00 44 69 65 64 20 61 74 20 4C 65 76 65 6C 20 32 30 30 20 62 79 20 61 20 54 68 65 20 55 6E 77 65 6C 63 6F 6D 65 2E 20 61 6E 64 20 61 20 54 68 65 20 55 6E 77 65 6C 63 6F 6D 65 2E 

LEN=9 TYPE=4
DA 04 00 00 00 00 00 00 00 

LEN=52 TYPE=6
DA 06 00 06 00 25 0B 01 00 00 00 1A 0D 00 01 00 00 00 2C 0D 00 01 00 00 00 61 0D 01 00 00 00 E0 0D 00 01 00 00 00 F4 0D 01 00 00 00 00 00 00 00 00 00 00 00 

LEN=90 TYPE=7
DA 07 00 05 00 80 00 07 00 43 69 74 69 7A 65 6E 00 00 00 00 00 00 81 00 06 00 48 75 6E 74 65 72 00 00 00 00 00 00 82 00 04 00 4D 61 67 65 00 00 00 00 00 00 83 00 06 00 4B 6E 69 67 68 74 00 00 E8 03 00 00 20 07 04 00 4D 6F 6E 6B 00 00 00 00 00 00 5F 71 27 73 00 00 00 00 

LEN=211 TYPE=8
DA 08 00 00 00 00 00 00 00 00 00 08 0D 00 54 77 69 73 74 20 4F 66 20 46 61 74 65 00 16 00 54 68 65 20 57 69 73 64 6F 6D 20 4F 66 20 53 6F 6C 69 74 75 64 65 00 18 00 54 68 65 20 53 70 61 72 6B 20 4F 66 20 54 68 65 20 50 68 6F 65 6E 69 78 00 14 00 54 68 65 20 46 69 72 65 20 4F 66 20 54 68 65 20 53 75 6E 73 00 17 00 54 68 65 20 53 70 69 72 69 74 75 61 6C 20 53 68 69 65 6C 64 69 6E 67 00 14 00 54 68 65 20 45 6D 62 72 61 63 65 20 4F 66 20 54 69 62 69 61 00 16 00 48 65 61 72 74 68 20 4F 66 20 54 68 65 20 4D 6F 75 6E 74 61 69 6E 00 15 00 42 6C 6F 6F 64 20 4F 66 20 54 68 65 20 4D 6F 75 6E 74 61 69 6E 00 00 00 00 00 00 00 00 00 00 00 

LEN=6083 TYPE=11
DA 0B 00 0E 5F 01 0C 00 47 6F 6C 64 20 48 6F 61 72 64 65 72 1F 00 45 61 72 6E 65 64 20 61 74 20 6C 65 61 73 74 20 31 2C 30 30 30 2C 30 30 30 20 67 6F 6C 64 2E 00 00 02 10 00 50 6C 61 74 69 6E 75 6D 20 48 6F 61 72 64 65 72 20 00 45 61 72 6E 65 64 20 61 74 20 6C 65 61 73 74 20 31 30 2C 30 30 30 2C 30 30 30 20 67 6F 6C 64 2E 00 00 03 0F 00 43 72 79 73 74 61 6C 20 48 6F 61 72 64 65 72 21 00 45 61 72 6E 65 64 20 61 74 20 6C 65 61 73 74 20 31 30 30 2C 30 30 30 2C 30 30 30 20 67 6F 6C 64 2E 00 00 04 16 00 42 65 61 73 74 73 74 72 69 64 65 72 20 28 47 72 61 64 65 20 31 29 1B 00 55 6E 6C 6F 63 6B 65 64 20 31 30 20 6F 72 20 6D 6F 72 65 20 4D 6F 75 6E 74 73 2E 01 00 05 16 00 42 65 61 73 74 73 74 72 69 64 65 72 20 28 47 72 61 64 65 20 32 29 1B 00 55 6E 6C 6F 63 6B 65 64 20 32 30 20 6F 72 20 6D 6F 72 65 20 4D 6F 75 6E 74 73 2E 01 00 06 16 00 42 65 61 73 74 73 74 72 69 64 65 72 20 28 47 72 61 64 65 20 33 29 1B 00 55 6E 6C 6F 63 6B 65 64 20 33 30 20 6F 72 20 6D 6F 72 65 20 4D 6F 75 6E 74 73 2E 01 00 07 16 00 42 65 61 73 74 73 74 72 69 64 65 72 20 28 47 72 61 64 65 20 34 29 1B 00 55 6E 6C 6F 63 6B 65 64 20 34 30 20 6F 72 20 6D 6F 72 65 20 4D 6F 75 6E 74 73 2E 01 00 08 16 00 42 65 61 73 74 73 74 72 69 64 65 72 20 28 47 72 61 64 65 20 35 29 1B 00 55 6E 6C 6F 63 6B 65 64 20 35 30 20 6F 72 20 6D 6F 72 65 20 4D 6F 75 6E 74 73 2E 01 00 09 1A 00 54 69 62 69 61 27 73 20 54 6F 70 6D 6F 64 65 6C 20 28 47 72 61 64 65 20 31 29 1C 00 55 6E 6C 6F 63 6B 65 64 20 31 30 20 6F 72 20 6D 6F 72 65 20 4F 75 74 66 69 74 73 2E 01 00 0A 1A 00 54 69 62 69 61 27 73 20 54 6F 70 6D 6F 64 65 6C 20 28 47 72 61 64 65 20 32 29 1C 00 55 6E 6C 6F 63 6B 65 64 20 32 30 20 6F 72 20 6D 6F 72 65 20 4F 75 74 66 69 74 73 2E 01 00 0B 1A 00 54 69 62 69 61 27 73 20 54 6F 70 6D 6F 64 65 6C 20 28 47 72 61 64 65 20 33 29 1C 00 55 6E 6C 6F 63 6B 65 64 20 33 30 20 6F 72 20 6D 6F 72 65 20 4F 75 74 66 69 74 73 2E 01 00 0C 1A 00 54 69 62 69 61 27 73 20 54 6F 70 6D 6F 64 65 6C 20 28 47 72 61 64 65 20 34 29 1C 00 55 6E 6C 6F 63 6B 65 64 20 34 30 20 6F 72 20 6D 6F 72 65 20 4F 75 74 66 69 74 73 2E 01 00 0D 1A 00 54 69 62 69 61 27 73 20 54 6F 70 6D 6F 64 65 6C 20 28 47 72 61 64 65 20 35 29 1C 00 55 6E 6C 6F 63 6B 65 64 20 35 30 20 6F 72 20 6D 6F 72 65 20 4F 75 74 66 69 74 73 2E 01 00 0E 0C 00 54 72 6F 6C 6C 74 72 61 73 68 65 72 11 00 52 65 61 63 68 65 64 20 6C 65 76 65 6C 20 35 30 2E 00 01 0F 0D 00 43 79 63 6C 6F 70 73 63 61 6D 70 65 72 12 00 52 65 61 63 68 65 64 20 6C 65 76 65 6C 20 31 30 30 2E 00 01 10 0C 00 44 72 61 67 6F 6E 64 6F 75 73 65 72 12 00 52 65 61 63 68 65 64 20 6C 65 76 65 6C 20 32 30 30 2E 00 01 11 09 00 44 65 6D 6F 6E 64 6F 6F 6D 12 00 52 65 61 63 68 65 64 20 6C 65 76 65 6C 20 33 30 30 2E 00 00 12 0A 00 44 72 61 6B 65 6E 62 61 6E 65 12 00 52 65 61 63 68 65 64 20 6C 65 76 65 6C 20 34 30 30 2E 00 00 13 08 00 53 69 6C 65 6E 63 65 72 12 00 52 65 61 63 68 65 64 20 6C 65 76 65 6C 20 35 30 30 2E 00 00 14 07 00 45 78 61 6C 74 65 64 13 00 52 65 61 63 68 65 64 20 6C 65 76 65 6C 20 31 30 30 30 2E 00 00 15 0D 00 41 70 65 78 20 50 72 65 64 61 74 6F 72 23 00 48 69 67 68 65 73 74 20 4C 65 76 65 6C 20 6F 6E 20 63 68 61 72 61 63 74 65 72 27 73 20 77 6F 72 6C 64 2E 00 01 16 08 00 42 69 67 20 42 6F 73 73 3E 00 48 69 67 68 65 73 74 20 73 63 6F 72 65 20 6F 66 20 61 63 63 75 6D 75 6C 61 74 65 64 20 62 6F 73 73 20 70 6F 69 6E 74 73 20 6F 6E 20 63 68 61 72 61 63 74 65 72 27 73 20 77 6F 72 6C 64 2E 00 00 17 12 00 4A 61 63 6B 20 6F 66 20 61 6C 6C 20 54 61 69 6E 74 73 47 00 48 69 67 68 65 73 74 20 73 63 6F 72 65 20 66 6F 72 20 6B 69 6C 6C 69 6E 67 20 47 6F 73 68 6E 61 72 20 61 6E 64 20 68 69 73 20 61 73 70 65 63 74 73 20 6F 6E 20 63 68 61 72 61 63 74 65 72 27 73 20 77 6F 72 6C 64 2E 00 00 18 11 00 4C 65 67 65 6E 64 20 6F 66 20 46 69 73 68 69 6E 67 2B 00 48 69 67 68 65 73 74 20 66 69 73 68 69 6E 67 20 6C 65 76 65 6C 20 6F 6E 20 63 68 61 72 61 63 74 65 72 27 73 20 77 6F 72 6C 64 2E 00 00 19 0F 00 4C 65 67 65 6E 64 20 6F 66 20 4D 61 67 69 63 29 00 48 69 67 68 65 73 74 20 6D 61 67 69 63 20 6C 65 76 65 6C 20 6F 6E 20 63 68 61 72 61 63 74 65 72 27 73 20 77 6F 72 6C 64 2E 00 00 1A 16 00 4C 65 67 65 6E 64 20 6F 66 20 4D 61 72 6B 73 6D 61 6E 73 68 69 70 2C 00 48 69 67 68 65 73 74 20 64 69 73 74 61 6E 63 65 20 6C 65 76 65 6C 20 6F 6E 20 63 68 61 72 61 63 74 65 72 27 73 20 77 6F 72 6C 64 2E 00 00 1B 11 00 4C 65 67 65 6E 64 20 6F 66 20 74 68 65 20 41 78 65 27 00 48 69 67 68 65 73 74 20 61 78 65 20 6C 65 76 65 6C 20 6F 6E 20 63 68 61 72 61 63 74 65 72 27 73 20 77 6F 72 6C 64 2E 00 00 1C 12 00 4C 65 67 65 6E 64 20 6F 66 20 74 68 65 20 43 6C 75 62 28 00 48 69 67 68 65 73 74 20 63 6C 75 62 20 6C 65 76 65 6C 20 6F 6E 20 63 68 61 72 61 63 74 65 72 27 73 20 77 6F 72 6C 64 2E 00 00 1D 12 00 4C 65 67 65 6E 64 20 6F 66 20 74 68 65 20 46 69 73 74 28 00 48 69 67 68 65 73 74 20 66 69 73 74 20 6C 65 76 65 6C 20 6F 6E 20 63 68 61 72 61 63 74 65 72 27 73 20 77 6F 72 6C 64 2E 00 00 1E 14 00 4C 65 67 65 6E 64 20 6F 66 20 74 68 65 20 53 68 69 65 6C 64 2D 00 48 69 67 68 65 73 74 20 73 68 69 65 6C 64 69 6E 67 20 6C 65 76 65 6C 20 6F 6E 20 63 68 61 72 61 63 74 65 72 27 73 20 77 6F 72 6C 64 2E 00 01 1F 13 00 4C 65 67 65 6E 64 20 6F 66 20 74 68 65 20 53 77 6F 72 64 29 00 48 69 67 68 65 73 74 20 73 77 6F 72 64 20 6C 65 76 65 6C 20 6F 6E 20 63 68 61 72 61 63 74 65 72 27 73 20 77 6F 72 6C 64 2E 00 00 20 0F 00 50 72 69 6E 63 65 20 43 68 61 72 6D 69 6E 67 3F 00 48 69 67 68 65 73 74 20 73 63 6F 72 65 20 6F 66 20 61 63 63 75 6D 75 6C 61 74 65 64 20 63 68 61 72 6D 20 70 6F 69 6E 74 73 20 6F 6E 20 63 68 61 72 61 63 74 65 72 27 73 20 77 6F 72 6C 64 2E 00 00 21 17 00 52 65 69 67 6E 69 6E 67 20 44 72 6F 6D 65 20 43 68 61 6D 70 69 6F 6E 39 00 46 69 6E 69 73 68 65 64 20 6D 6F 73 74 20 72 65 63 65 6E 74 20 54 69 62 69 61 64 72 6F 6D 65 20 72 6F 74 61 20 72 61 6E 6B 65 64 20 69 6E 20 74 68 65 20 74 6F 70 20 35 2E 00 00 22 0A 00 42 69 70 65 64 61 6E 74 69 63 27 00 55 6E 6C 6F 63 6B 65 64 20 41 6C 6C 20 48 75 6D 61 6E 6F 69 64 20 42 65 73 74 69 61 72 79 20 65 6E 74 72 69 65 73 2E 00 00 23 11 00 42 6C 6F 6F 64 20 4D 6F 6F 6E 20 48 75 6E 74 65 72 2A 00 55 6E 6C 6F 63 6B 65 64 20 41 6C 6C 20 4C 79 63 61 6E 74 68 72 6F 70 65 20 42 65 73 74 69 61 72 79 20 65 6E 74 72 69 65 73 2E 00 00 24 0B 00 43 6F 6C 64 62 6C 6F 6F 64 65 64 27 00 55 6E 6C 6F 63 6B 65 64 20 41 6C 6C 20 41 6D 70 68 69 62 69 63 20 42 65 73 74 69 61 72 79 20 65 6E 74 72 69 65 73 2E 00 00 25 10 00 44 65 61 74 68 20 66 72 6F 6D 20 42 65 6C 6F 77 23 00 55 6E 6C 6F 63 6B 65 64 20 61 6C 6C 20 42 69 72 64 20 42 65 73 74 69 61 72 79 20 65 6E 74 72 69 65 73 2E 00 00 26 09 00 44 65 6D 6F 6E 61 74 6F 72 24 00 55 6E 6C 6F 63 6B 65 64 20 61 6C 6C 20 44 65 6D 6F 6E 20 42 65 73 74 69 61 72 79 20 65 6E 74 72 69 65 73 2E 00 00 27 0C 00 44 72 61 67 6F 6E 73 6C 61 79 65 72 25 00 55 6E 6C 6F 63 6B 65 64 20 61 6C 6C 20 44 72 61 67 6F 6E 20 42 65 73 74 69 61 72 79 20 65 6E 74 72 69 65 73 2E 00 00 28 0C 00 45 6C 65 6D 65 6E 74 61 6C 69 73 74 28 00 55 6E 6C 6F 63 6B 65 64 20 61 6C 6C 20 45 6C 65 6D 65 6E 74 61 6C 20 42 65 73 74 69 61 72 79 20 65 6E 74 72 69 65 73 2E 00 00 29 0C 00 45 78 74 65 72 6D 69 6E 61 74 6F 72 25 00 55 6E 6C 6F 63 6B 65 64 20 61 6C 6C 20 56 65 72 6D 69 6E 20 42 65 73 74 69 61 72 79 20 65 6E 74 72 69 65 73 2E 00 00 2A 0B 00 46 65 79 20 53 77 61 74 74 65 72 22 00 55 6E 6C 6F 63 6B 65 64 20 61 6C 6C 20 46 65 79 20 42 65 73 74 69 61 72 79 20 65 6E 74 72 69 65 73 2E 00 00 2B 0B 00 47 68 6F 73 74 68 75 6E 74 65 72 25 00 55 6E 6C 6F 63 6B 65 64 20 61 6C 6C 20 55 6E 64 65 61 64 20 42 65 73 74 69 61 72 79 20 65 6E 74 72 69 65 73 2E 00 00 2C 08 00 48 61 6E 64 79 6D 61 6E 28 00 55 6E 6C 6F 63 6B 65 64 20 61 6C 6C 20 43 6F 6E 73 74 72 75 63 74 20 42 65 73 74 69 61 72 79 20 65 6E 74 72 69 65 73 2E 00 00 2D 08 00 48 75 6E 74 73 6D 61 6E 25 00 55 6E 6C 6F 63 6B 65 64 20 61 6C 6C 20 4D 61 6D 6D 61 6C 20 42 65 73 74 69 61 72 79 20 65 6E 74 72 69 65 73 2E 00 00 2E 1A 00 49 6E 74 65 72 64 69 6D 65 6E 73 69 6F 6E 61 6C 20 44 65 73 74 72 6F 79 65 72 30 00 55 6E 6C 6F 63 6B 65 64 20 61 6C 6C 20 45 78 74 72 61 20 44 69 6D 65 6E 73 69 6F 6E 61 6C 20 42 65 73 74 69 61 72 79 20 65 6E 74 72 69 65 73 2E 00 00 2F 09 00 4D 61 6E 68 75 6E 74 65 72 24 00 55 6E 6C 6F 63 6B 65 64 20 61 6C 6C 20 48 75 6D 61 6E 20 42 65 73 74 69 61 72 79 20 65 6E 74 72 69 65 73 2E 00 00 30 12 00 4D 61 73 74 65 72 20 6F 66 20 49 6C 6C 75 73 69 6F 6E 26 00 55 6E 6C 6F 63 6B 65 64 20 61 6C 6C 20 4D 61 67 69 63 61 6C 20 42 65 73 74 69 61 72 79 20 65 6E 74 72 69 65 73 2E 00 00 31 0A 00 4F 6F 7A 65 20 42 6C 75 65 73 24 00 55 6E 6C 6F 63 6B 65 64 20 61 6C 6C 20 53 6C 69 6D 65 20 42 65 73 74 69 61 72 79 20 65 6E 74 72 69 65 73 2E 00 00 32 08 00 53 65 61 20 42 61 6E 65 26 00 55 6E 6C 6F 63 6B 65 64 20 61 6C 6C 20 41 71 75 61 74 69 63 20 42 65 73 74 69 61 72 79 20 65 6E 74 72 69 65 73 2E 00 00 33 0D 00 53 6E 61 6B 65 20 43 68 61 72 6D 65 72 26 00 55 6E 6C 6F 63 6B 65 64 20 61 6C 6C 20 52 65 70 74 69 6C 65 20 42 65 73 74 69 61 72 79 20 65 6E 74 72 69 65 73 2E 00 00 34 07 00 54 75 6D 62 6C 65 72 24 00 55 6E 6C 6F 63 6B 65 64 20 61 6C 6C 20 47 69 61 6E 74 20 42 65 73 74 69 61 72 79 20 65 6E 74 72 69 65 73 2E 00 00 35 0A 00 57 65 65 64 6B 69 6C 6C 65 72 24 00 55 6E 6C 6F 63 6B 65 64 20 61 6C 6C 20 50 6C 61 6E 74 20 42 65 73 74 69 61 72 79 20 65 6E 74 72 69 65 73 2E 00 00 36 0A 00 49 6E 6B 20 45 72 61 73 65 72 26 00 55 6E 6C 6F 63 6B 65 64 20 61 6C 6C 20 49 6E 6B 62 6F 72 6E 20 42 65 73 74 69 61 72 79 20 65 6E 74 72 69 65 73 2E 00 00 37 0B 00 45 78 65 63 75 74 69 6F 6E 65 72 1E 00 55 6E 6C 6F 63 6B 65 64 20 61 6C 6C 20 42 65 73 74 69 61 72 79 20 65 6E 74 72 69 65 73 2E 00 00 38 10 00 42 6F 73 73 20 41 6E 6E 69 68 69 6C 61 74 6F 72 1C 00 55 6E 6C 6F 63 6B 65 64 20 61 6C 6C 20 4E 65 6D 65 73 69 73 20 62 6F 73 73 65 73 2E 00 00 39 0E 00 42 6F 73 73 20 44 65 73 74 72 6F 79 65 72 23 00 55 6E 6C 6F 63 6B 65 64 20 31 30 20 6F 72 20 6D 6F 72 65 20 41 72 63 68 66 6F 65 20 62 6F 73 73 65 73 2E 01 00 3A 0F 00 42 6F 73 73 20 44 65 76 61 73 74 61 74 6F 72 23 00 55 6E 6C 6F 63 6B 65 64 20 31 30 20 6F 72 20 6D 6F 72 65 20 4E 65 6D 65 73 69 73 20 62 6F 73 73 65 73 2E 01 00 3B 0B 00 42 6F 73 73 20 45 72 61 73 65 72 1C 00 55 6E 6C 6F 63 6B 65 64 20 61 6C 6C 20 41 72 63 68 66 6F 65 20 62 6F 73 73 65 73 2E 00 00 3C 10 00 42 6F 73 73 20 45 78 65 63 75 74 69 6F 6E 65 72 14 00 55 6E 6C 6F 63 6B 65 64 20 61 6C 6C 20 62 6F 73 73 65 73 2E 00 00 3D 0B 00 42 6F 73 73 20 48 75 6E 74 65 72 20 00 55 6E 6C 6F 63 6B 65 64 20 31 30 20 6F 72 20 6D 6F 72 65 20 42 61 6E 65 20 62 6F 73 73 65 73 2E 01 00 3E 10 00 42 6F 73 73 20 4F 62 6C 69 74 65 72 61 74 6F 72 23 00 55 6E 6C 6F 63 6B 65 64 20 34 30 20 6F 72 20 6D 6F 72 65 20 4E 65 6D 65 73 69 73 20 62 6F 73 73 65 73 2E 01 00 3F 0B 00 42 6F 73 73 20 53 6C 61 79 65 72 19 00 55 6E 6C 6F 63 6B 65 64 20 61 6C 6C 20 42 61 6E 65 20 62 6F 73 73 65 73 2E 00 00 40 0B 00 42 6F 73 73 20 53 6D 69 74 65 72 23 00 55 6E 6C 6F 63 6B 65 64 20 34 30 20 6F 72 20 6D 6F 72 65 20 41 72 63 68 66 6F 65 20 62 6F 73 73 65 73 2E 01 00 41 0C 00 42 6F 73 73 20 56 65 74 65 72 61 6E 20 00 55 6E 6C 6F 63 6B 65 64 20 34 30 20 6F 72 20 6D 6F 72 65 20 42 61 6E 65 20 62 6F 73 73 65 73 2E 01 00 42 1B 00 43 72 65 61 74 75 72 65 20 6F 66 20 48 61 62 69 74 20 28 47 72 61 64 65 20 31 29 37 00 52 65 77 61 72 64 20 53 74 72 65 61 6B 20 6F 66 20 61 74 20 6C 65 61 73 74 20 37 20 64 61 79 73 20 6F 66 20 63 6F 6E 73 65 63 75 74 69 76 65 20 6C 6F 67 69 6E 73 2E 01 00 43 1B 00 43 72 65 61 74 75 72 65 20 6F 66 20 48 61 62 69 74 20 28 47 72 61 64 65 20 32 29 38 00 52 65 77 61 72 64 20 53 74 72 65 61 6B 20 6F 66 20 61 74 20 6C 65 61 73 74 20 33 30 20 64 61 79 73 20 6F 66 20 63 6F 6E 73 65 63 75 74 69 76 65 20 6C 6F 67 69 6E 73 2E 01 00 44 1B 00 43 72 65 61 74 75 72 65 20 6F 66 20 48 61 62 69 74 20 28 47 72 61 64 65 20 33 29 38 00 52 65 77 61 72 64 20 53 74 72 65 61 6B 20 6F 66 20 61 74 20 6C 65 61 73 74 20 39 30 20 64 61 79 73 20 6F 66 20 63 6F 6E 73 65 63 75 74 69 76 65 20 6C 6F 67 69 6E 73 2E 01 00 45 1B 00 43 72 65 61 74 75 72 65 20 6F 66 20 48 61 62 69 74 20 28 47 72 61 64 65 20 34 29 39 00 52 65 77 61 72 64 20 53 74 72 65 61 6B 20 6F 66 20 61 74 20 6C 65 61 73 74 20 31 38 30 20 64 61 79 73 20 6F 66 20 63 6F 6E 73 65 63 75 74 69 76 65 20 6C 6F 67 69 6E 73 2E 01 00 46 1B 00 43 72 65 61 74 75 72 65 20 6F 66 20 48 61 62 69 74 20 28 47 72 61 64 65 20 35 29 39 00 52 65 77 61 72 64 20 53 74 72 65 61 6B 20 6F 66 20 61 74 20 6C 65 61 73 74 20 33 36 35 20 64 61 79 73 20 6F 66 20 63 6F 6E 73 65 63 75 74 69 76 65 20 6C 6F 67 69 6E 73 2E 01 00 47 11 00 41 73 70 69 72 69 6E 67 20 48 75 6E 74 73 6D 61 6E 1E 00 49 6E 76 65 73 74 65 64 20 31 36 30 2C 30 30 30 20 74 61 73 6B 73 20 70 6F 69 6E 74 73 2E 01 00 48 15 00 43 6F 6D 70 65 74 65 6E 74 20 42 65 61 73 74 73 6C 61 79 65 72 1E 00 49 6E 76 65 73 74 65 64 20 33 32 30 2C 30 30 30 20 74 61 73 6B 73 20 70 6F 69 6E 74 73 2E 01 00 49 13 00 46 65 61 72 65 64 20 42 6F 75 6E 74 79 68 75 6E 74 65 72 1E 00 49 6E 76 65 73 74 65 64 20 34 33 30 2C 30 30 30 20 74 61 73 6B 73 20 70 6F 69 6E 74 73 2E 01 00 4A 16 00 44 65 64 69 63 61 74 65 64 20 45 6E 74 72 65 70 72 65 6E 65 75 72 22 00 45 78 70 6C 6F 72 65 64 20 35 30 25 20 6F 66 20 61 6C 6C 20 74 68 65 20 6D 61 70 20 61 72 65 61 73 2E 00 00 4B 0C 00 47 6C 6F 62 65 74 72 6F 74 74 65 72 17 00 45 78 70 6C 6F 72 65 64 20 61 6C 6C 20 6D 61 70 20 61 72 65 61 73 2E 00 00 4C 0C 00 47 75 69 6C 64 20 4C 65 61 64 65 72 10 00 4C 65 61 64 69 6E 67 20 61 20 47 75 69 6C 64 2E 00 00 4D 14 00 50 72 6F 63 6F 6E 73 75 6C 20 6F 66 20 49 6B 73 75 70 61 6E 6F 00 4F 6E 6C 79 20 61 20 74 72 75 65 20 64 65 76 6F 74 65 65 20 74 6F 20 74 68 65 20 63 61 75 73 65 20 6F 66 20 74 68 65 20 61 6E 63 69 65 6E 74 20 49 6B 73 20 61 6E 64 20 74 68 65 69 72 20 6C 6F 73 74 20 6C 65 67 61 63 79 20 6D 61 79 20 73 74 65 70 20 75 70 20 74 6F 20 74 68 65 20 72 61 6E 6B 20 6F 66 20 70 72 6F 63 6F 6E 73 75 6C 2E 01 00 4E 14 00 41 64 6D 69 72 65 72 20 6F 66 20 74 68 65 20 43 72 6F 77 6E 20 00 41 64 6A 75 73 74 20 79 6F 75 72 20 63 72 6F 77 6E 20 61 6E 64 20 68 61 6E 64 6C 65 20 69 74 2E 01 00 4F 0B 00 42 69 67 20 53 70 65 6E 64 65 72 20 00 55 6E 6C 6F 63 6B 65 64 20 74 68 65 20 66 75 6C 6C 20 47 6F 6C 64 65 6E 20 4F 75 74 66 69 74 2E 01 00 50 15 00 43 68 61 6C 6C 65 6E 67 65 72 20 6F 66 20 74 68 65 20 49 6B 73 48 00 43 68 61 6C 6C 65 6E 67 65 64 20 41 68 61 75 2C 20 67 75 61 72 64 69 61 6E 20 6F 66 20 49 6B 73 75 70 61 6E 2C 20 69 6E 20 74 72 61 64 69 74 69 6F 6E 61 6C 20 49 6B 73 20 77 61 72 72 69 6F 72 20 61 74 74 69 72 65 2E 01 00 51 17 00 52 6F 79 61 6C 20 42 6F 75 6E 61 63 65 61 6E 20 41 64 76 69 73 6F 72 3B 00 43 61 6C 6C 65 64 20 74 6F 20 74 68 65 20 63 6F 75 72 74 20 6F 66 20 42 6F 75 6E 61 63 20 62 79 20 4B 65 73 61 72 20 74 68 65 20 59 6F 75 6E 67 65 72 20 68 69 6D 73 65 6C 66 2E 01 00 52 08 00 41 65 74 65 72 6E 61 6C 51 00 41 77 61 72 64 65 64 20 65 78 63 6C 75 73 69 76 65 6C 79 20 74 6F 20 73 74 61 6C 77 61 72 74 20 68 65 72 6F 65 73 20 6B 65 65 70 69 6E 67 20 74 68 65 20 66 61 69 74 68 20 75 6E 64 65 72 20 61 6C 6C 20 63 69 72 63 75 6D 73 74 61 6E 63 65 73 2E 01 00 53 0F 00 52 6F 62 69 6E 73 6F 6E 20 43 72 75 73 6F 65 75 00 53 6F 6D 65 20 64 69 73 63 6F 76 65 72 69 65 73 20 61 72 65 20 72 65 73 65 72 76 65 64 20 74 6F 20 6F 6E 6C 79 20 74 68 65 20 6D 6F 73 74 20 65 78 70 65 72 69 65 6E 63 65 64 20 61 64 76 65 6E 74 75 72 65 72 73 2E 20 55 6E 74 69 6C 20 74 68 65 20 6E 65 78 74 20 66 72 6F 6E 74 69 65 72 20 6F 70 65 6E 73 20 6F 6E 20 74 68 65 20 68 6F 72 69 7A 6F 6E 2E 01 00 54 0C 00 43 68 6F 6D 70 6D 65 69 73 74 65 72 56 00 41 77 61 72 64 65 64 20 6F 6E 6C 79 20 74 6F 20 74 72 75 65 20 63 6F 6E 6E 6F 69 73 73 65 75 72 73 20 75 6E 64 65 72 74 61 6B 69 6E 67 20 65 76 65 6E 20 74 68 65 20 6D 6F 73 74 20 65 78 6F 74 69 63 20 63 75 6C 69 6E 61 72 79 20 65 73 63 61 70 61 64 65 73 2E 01 00 55 0F 00 42 72 69 6E 67 65 72 20 6F 66 20 52 61 69 6E 3A 00 46 6F 72 67 69 6E 67 20 74 68 72 6F 75 67 68 20 62 61 74 74 6C 65 20 61 66 74 65 72 20 62 61 74 74 6C 65 20 6C 69 6B 65 20 61 20 74 72 75 65 20 67 6C 61 64 69 61 74 6F 72 2E 01 00 56 07 00 42 65 61 73 74 6C 79 29 00 52 65 61 63 68 65 64 20 32 30 30 30 20 63 68 61 72 6D 20 70 6F 69 6E 74 73 2E 20 51 75 69 74 65 20 62 65 61 73 74 6C 79 21 01 00 57 0F 00 4D 69 64 6E 69 67 68 74 20 48 75 6E 74 65 72 42 00 57 68 65 6E 20 74 68 65 20 68 75 6E 74 65 72 20 62 65 63 6F 6D 65 73 20 74 68 65 20 68 75 6E 74 65 64 2C 20 70 65 72 73 65 76 65 72 61 6E 63 65 20 64 65 63 69 64 65 73 20 74 68 65 20 67 61 6D 65 2E 01 00 58 09 00 52 61 74 69 6E 61 74 6F 72 5B 00 4B 69 6C 6C 69 6E 67 20 73 6F 6D 65 20 73 6E 61 72 6B 79 20 63 61 76 65 20 72 61 74 73 20 69 73 20 68 65 6C 70 66 75 6C 2C 20 6B 69 6C 6C 69 6E 67 20 6F 76 65 72 20 74 65 6E 20 74 68 6F 75 73 61 6E 64 20 6F 66 20 74 68 65 6D 20 69 73 20 61 20 73 74 61 74 65 6D 65 6E 74 2E 01 00 59 10 00 44 6F 6F 6D 73 64 61 79 20 4E 65 6D 65 73 69 73 3A 00 41 77 61 72 64 65 64 20 66 6F 72 20 67 72 65 61 74 20 68 65 6C 70 20 69 6E 20 74 68 65 20 62 61 74 74 6C 65 20 61 67 61 69 6E 73 74 20 47 61 7A 27 68 61 72 61 67 6F 74 68 2E 01 00 5A 0E 00 48 65 72 6F 20 6F 66 20 42 6F 75 6E 61 63 6A 00 59 6F 75 20 70 72 65 76 61 69 6C 65 64 20 64 75 72 69 6E 67 20 74 68 65 20 62 61 74 74 6C 65 20 6F 66 20 42 6F 75 6E 61 63 20 61 6E 64 20 62 72 6F 6B 65 20 74 68 65 20 73 69 65 67 65 20 74 68 61 74 20 68 65 6C 64 20 42 6F 75 6E 61 63 27 73 20 70 65 6F 70 6C 65 20 69 6E 20 69 74 73 20 66 69 72 6D 20 67 72 61 73 70 2E 01 00 5B 0D 00 4B 69 6E 67 20 6F 66 20 44 65 6D 6F 6E 1A 00 44 65 66 65 61 74 20 4D 6F 72 73 68 61 62 61 61 6C 20 35 20 74 69 6D 65 73 2E 01 00 5C 0A 00 50 6C 61 6E 65 67 61 7A 65 72 32 00 46 6F 6C 6C 6F 77 65 64 20 74 68 65 20 74 72 61 69 6C 20 6F 66 20 74 68 65 20 50 6C 61 6E 65 73 74 72 69 64 65 72 20 74 6F 20 74 68 65 20 65 6E 64 2E 01 00 5D 0E 00 54 69 6D 65 20 54 72 61 76 65 6C 6C 65 72 1A 00 41 6E 79 77 68 65 72 65 20 69 6E 20 74 69 6D 65 20 6F 72 20 73 70 61 63 65 2E 01 00 5E 0A 00 54 72 75 6C 79 20 42 6F 73 73 19 00 52 65 61 63 68 20 31 35 2C 30 30 30 20 62 6F 73 73 20 70 6F 69 6E 74 73 2E 01 00 5F 10 00 50 65 6E 73 69 76 65 20 57 61 6E 64 65 72 65 72 6A 00 59 6F 75 20 68 61 76 65 20 68 6F 6E 6F 75 72 65 64 20 74 68 65 20 4D 65 72 75 64 72 69 20 62 79 20 76 69 73 69 74 69 6E 67 20 61 6C 6C 20 6F 66 20 74 68 65 69 72 20 73 68 72 69 6E 65 73 20 61 6E 64 20 63 6F 6D 70 6C 65 74 69 6E 67 20 74 68 65 20 61 6E 63 69 65 6E 74 20 54 68 72 65 65 2D 46 6F 6C 64 20 50 61 74 68 2E 01 00 

LEN=52 TYPE=6
DA 06 00 06 00 25 0B 01 00 00 00 1A 0D 00 01 00 00 00 2C 0D 00 01 00 00 00 61 0D 01 00 00 00 E0 0D 00 01 00 00 00 F4 0D 01 00 00 00 00 00 00 00 00 00 00 00 

LEN=90 TYPE=7
DA 07 00 05 00 80 00 07 00 43 69 74 69 7A 65 6E 00 00 00 00 00 00 81 00 06 00 48 75 6E 74 65 72 00 00 00 00 00 00 82 00 04 00 4D 61 67 65 00 00 00 00 00 00 83 00 06 00 4B 6E 69 67 68 74 00 00 E8 03 00 00 20 07 04 00 4D 6F 6E 6B 00 00 00 00 00 00 5F 71 27 73 00 00 00 00 

LEN=6083 TYPE=11
DA 0B 00 0E 5F 01 0C 00 47 6F 6C 64 20 48 6F 61 72 64 65 72 1F 00 45 61 72 6E 65 64 20 61 74 20 6C 65 61 73 74 20 31 2C 30 30 30 2C 30 30 30 20 67 6F 6C 64 2E 00 00 02 10 00 50 6C 61 74 69 6E 75 6D 20 48 6F 61 72 64 65 72 20 00 45 61 72 6E 65 64 20 61 74 20 6C 65 61 73 74 20 31 30 2C 30 30 30 2C 30 30 30 20 67 6F 6C 64 2E 00 00 03 0F 00 43 72 79 73 74 61 6C 20 48 6F 61 72 64 65 72 21 00 45 61 72 6E 65 64 20 61 74 20 6C 65 61 73 74 20 31 30 30 2C 30 30 30 2C 30 30 30 20 67 6F 6C 64 2E 00 00 04 16 00 42 65 61 73 74 73 74 72 69 64 65 72 20 28 47 72 61 64 65 20 31 29 1B 00 55 6E 6C 6F 63 6B 65 64 20 31 30 20 6F 72 20 6D 6F 72 65 20 4D 6F 75 6E 74 73 2E 01 00 05 16 00 42 65 61 73 74 73 74 72 69 64 65 72 20 28 47 72 61 64 65 20 32 29 1B 00 55 6E 6C 6F 63 6B 65 64 20 32 30 20 6F 72 20 6D 6F 72 65 20 4D 6F 75 6E 74 73 2E 01 00 06 16 00 42 65 61 73 74 73 74 72 69 64 65 72 20 28 47 72 61 64 65 20 33 29 1B 00 55 6E 6C 6F 63 6B 65 64 20 33 30 20 6F 72 20 6D 6F 72 65 20 4D 6F 75 6E 74 73 2E 01 00 07 16 00 42 65 61 73 74 73 74 72 69 64 65 72 20 28 47 72 61 64 65 20 34 29 1B 00 55 6E 6C 6F 63 6B 65 64 20 34 30 20 6F 72 20 6D 6F 72 65 20 4D 6F 75 6E 74 73 2E 01 00 08 16 00 42 65 61 73 74 73 74 72 69 64 65 72 20 28 47 72 61 64 65 20 35 29 1B 00 55 6E 6C 6F 63 6B 65 64 20 35 30 20 6F 72 20 6D 6F 72 65 20 4D 6F 75 6E 74 73 2E 01 00 09 1A 00 54 69 62 69 61 27 73 20 54 6F 70 6D 6F 64 65 6C 20 28 47 72 61 64 65 20 31 29 1C 00 55 6E 6C 6F 63 6B 65 64 20 31 30 20 6F 72 20 6D 6F 72 65 20 4F 75 74 66 69 74 73 2E 01 00 0A 1A 00 54 69 62 69 61 27 73 20 54 6F 70 6D 6F 64 65 6C 20 28 47 72 61 64 65 20 32 29 1C 00 55 6E 6C 6F 63 6B 65 64 20 32 30 20 6F 72 20 6D 6F 72 65 20 4F 75 74 66 69 74 73 2E 01 00 0B 1A 00 54 69 62 69 61 27 73 20 54 6F 70 6D 6F 64 65 6C 20 28 47 72 61 64 65 20 33 29 1C 00 55 6E 6C 6F 63 6B 65 64 20 33 30 20 6F 72 20 6D 6F 72 65 20 4F 75 74 66 69 74 73 2E 01 00 0C 1A 00 54 69 62 69 61 27 73 20 54 6F 70 6D 6F 64 65 6C 20 28 47 72 61 64 65 20 34 29 1C 00 55 6E 6C 6F 63 6B 65 64 20 34 30 20 6F 72 20 6D 6F 72 65 20 4F 75 74 66 69 74 73 2E 01 00 0D 1A 00 54 69 62 69 61 27 73 20 54 6F 70 6D 6F 64 65 6C 20 28 47 72 61 64 65 20 35 29 1C 00 55 6E 6C 6F 63 6B 65 64 20 35 30 20 6F 72 20 6D 6F 72 65 20 4F 75 74 66 69 74 73 2E 01 00 0E 0C 00 54 72 6F 6C 6C 74 72 61 73 68 65 72 11 00 52 65 61 63 68 65 64 20 6C 65 76 65 6C 20 35 30 2E 00 01 0F 0D 00 43 79 63 6C 6F 70 73 63 61 6D 70 65 72 12 00 52 65 61 63 68 65 64 20 6C 65 76 65 6C 20 31 30 30 2E 00 01 10 0C 00 44 72 61 67 6F 6E 64 6F 75 73 65 72 12 00 52 65 61 63 68 65 64 20 6C 65 76 65 6C 20 32 30 30 2E 00 01 11 09 00 44 65 6D 6F 6E 64 6F 6F 6D 12 00 52 65 61 63 68 65 64 20 6C 65 76 65 6C 20 33 30 30 2E 00 00 12 0A 00 44 72 61 6B 65 6E 62 61 6E 65 12 00 52 65 61 63 68 65 64 20 6C 65 76 65 6C 20 34 30 30 2E 00 00 13 08 00 53 69 6C 65 6E 63 65 72 12 00 52 65 61 63 68 65 64 20 6C 65 76 65 6C 20 35 30 30 2E 00 00 14 07 00 45 78 61 6C 74 65 64 13 00 52 65 61 63 68 65 64 20 6C 65 76 65 6C 20 31 30 30 30 2E 00 00 15 0D 00 41 70 65 78 20 50 72 65 64 61 74 6F 72 23 00 48 69 67 68 65 73 74 20 4C 65 76 65 6C 20 6F 6E 20 63 68 61 72 61 63 74 65 72 27 73 20 77 6F 72 6C 64 2E 00 01 16 08 00 42 69 67 20 42 6F 73 73 3E 00 48 69 67 68 65 73 74 20 73 63 6F 72 65 20 6F 66 20 61 63 63 75 6D 75 6C 61 74 65 64 20 62 6F 73 73 20 70 6F 69 6E 74 73 20 6F 6E 20 63 68 61 72 61 63 74 65 72 27 73 20 77 6F 72 6C 64 2E 00 00 17 12 00 4A 61 63 6B 20 6F 66 20 61 6C 6C 20 54 61 69 6E 74 73 47 00 48 69 67 68 65 73 74 20 73 63 6F 72 65 20 66 6F 72 20 6B 69 6C 6C 69 6E 67 20 47 6F 73 68 6E 61 72 20 61 6E 64 20 68 69 73 20 61 73 70 65 63 74 73 20 6F 6E 20 63 68 61 72 61 63 74 65 72 27 73 20 77 6F 72 6C 64 2E 00 00 18 11 00 4C 65 67 65 6E 64 20 6F 66 20 46 69 73 68 69 6E 67 2B 00 48 69 67 68 65 73 74 20 66 69 73 68 69 6E 67 20 6C 65 76 65 6C 20 6F 6E 20 63 68 61 72 61 63 74 65 72 27 73 20 77 6F 72 6C 64 2E 00 00 19 0F 00 4C 65 67 65 6E 64 20 6F 66 20 4D 61 67 69 63 29 00 48 69 67 68 65 73 74 20 6D 61 67 69 63 20 6C 65 76 65 6C 20 6F 6E 20 63 68 61 72 61 63 74 65 72 27 73 20 77 6F 72 6C 64 2E 00 00 1A 16 00 4C 65 67 65 6E 64 20 6F 66 20 4D 61 72 6B 73 6D 61 6E 73 68 69 70 2C 00 48 69 67 68 65 73 74 20 64 69 73 74 61 6E 63 65 20 6C 65 76 65 6C 20 6F 6E 20 63 68 61 72 61 63 74 65 72 27 73 20 77 6F 72 6C 64 2E 00 00 1B 11 00 4C 65 67 65 6E 64 20 6F 66 20 74 68 65 20 41 78 65 27 00 48 69 67 68 65 73 74 20 61 78 65 20 6C 65 76 65 6C 20 6F 6E 20 63 68 61 72 61 63 74 65 72 27 73 20 77 6F 72 6C 64 2E 00 00 1C 12 00 4C 65 67 65 6E 64 20 6F 66 20 74 68 65 20 43 6C 75 62 28 00 48 69 67 68 65 73 74 20 63 6C 75 62 20 6C 65 76 65 6C 20 6F 6E 20 63 68 61 72 61 63 74 65 72 27 73 20 77 6F 72 6C 64 2E 00 00 1D 12 00 4C 65 67 65 6E 64 20 6F 66 20 74 68 65 20 46 69 73 74 28 00 48 69 67 68 65 73 74 20 66 69 73 74 20 6C 65 76 65 6C 20 6F 6E 20 63 68 61 72 61 63 74 65 72 27 73 20 77 6F 72 6C 64 2E 00 00 1E 14 00 4C 65 67 65 6E 64 20 6F 66 20 74 68 65 20 53 68 69 65 6C 64 2D 00 48 69 67 68 65 73 74 20 73 68 69 65 6C 64 69 6E 67 20 6C 65 76 65 6C 20 6F 6E 20 63 68 61 72 61 63 74 65 72 27 73 20 77 6F 72 6C 64 2E 00 01 1F 13 00 4C 65 67 65 6E 64 20 6F 66 20 74 68 65 20 53 77 6F 72 64 29 00 48 69 67 68 65 73 74 20 73 77 6F 72 64 20 6C 65 76 65 6C 20 6F 6E 20 63 68 61 72 61 63 74 65 72 27 73 20 77 6F 72 6C 64 2E 00 00 20 0F 00 50 72 69 6E 63 65 20 43 68 61 72 6D 69 6E 67 3F 00 48 69 67 68 65 73 74 20 73 63 6F 72 65 20 6F 66 20 61 63 63 75 6D 75 6C 61 74 65 64 20 63 68 61 72 6D 20 70 6F 69 6E 74 73 20 6F 6E 20 63 68 61 72 61 63 74 65 72 27 73 20 77 6F 72 6C 64 2E 00 00 21 17 00 52 65 69 67 6E 69 6E 67 20 44 72 6F 6D 65 20 43 68 61 6D 70 69 6F 6E 39 00 46 69 6E 69 73 68 65 64 20 6D 6F 73 74 20 72 65 63 65 6E 74 20 54 69 62 69 61 64 72 6F 6D 65 20 72 6F 74 61 20 72 61 6E 6B 65 64 20 69 6E 20 74 68 65 20 74 6F 70 20 35 2E 00 00 22 0A 00 42 69 70 65 64 61 6E 74 69 63 27 00 55 6E 6C 6F 63 6B 65 64 20 41 6C 6C 20 48 75 6D 61 6E 6F 69 64 20 42 65 73 74 69 61 72 79 20 65 6E 74 72 69 65 73 2E 00 00 23 11 00 42 6C 6F 6F 64 20 4D 6F 6F 6E 20 48 75 6E 74 65 72 2A 00 55 6E 6C 6F 63 6B 65 64 20 41 6C 6C 20 4C 79 63 61 6E 74 68 72 6F 70 65 20 42 65 73 74 69 61 72 79 20 65 6E 74 72 69 65 73 2E 00 00 24 0B 00 43 6F 6C 64 62 6C 6F 6F 64 65 64 27 00 55 6E 6C 6F 63 6B 65 64 20 41 6C 6C 20 41 6D 70 68 69 62 69 63 20 42 65 73 74 69 61 72 79 20 65 6E 74 72 69 65 73 2E 00 00 25 10 00 44 65 61 74 68 20 66 72 6F 6D 20 42 65 6C 6F 77 23 00 55 6E 6C 6F 63 6B 65 64 20 61 6C 6C 20 42 69 72 64 20 42 65 73 74 69 61 72 79 20 65 6E 74 72 69 65 73 2E 00 00 26 09 00 44 65 6D 6F 6E 61 74 6F 72 24 00 55 6E 6C 6F 63 6B 65 64 20 61 6C 6C 20 44 65 6D 6F 6E 20 42 65 73 74 69 61 72 79 20 65 6E 74 72 69 65 73 2E 00 00 27 0C 00 44 72 61 67 6F 6E 73 6C 61 79 65 72 25 00 55 6E 6C 6F 63 6B 65 64 20 61 6C 6C 20 44 72 61 67 6F 6E 20 42 65 73 74 69 61 72 79 20 65 6E 74 72 69 65 73 2E 00 00 28 0C 00 45 6C 65 6D 65 6E 74 61 6C 69 73 74 28 00 55 6E 6C 6F 63 6B 65 64 20 61 6C 6C 20 45 6C 65 6D 65 6E 74 61 6C 20 42 65 73 74 69 61 72 79 20 65 6E 74 72 69 65 73 2E 00 00 29 0C 00 45 78 74 65 72 6D 69 6E 61 74 6F 72 25 00 55 6E 6C 6F 63 6B 65 64 20 61 6C 6C 20 56 65 72 6D 69 6E 20 42 65 73 74 69 61 72 79 20 65 6E 74 72 69 65 73 2E 00 00 2A 0B 00 46 65 79 20 53 77 61 74 74 65 72 22 00 55 6E 6C 6F 63 6B 65 64 20 61 6C 6C 20 46 65 79 20 42 65 73 74 69 61 72 79 20 65 6E 74 72 69 65 73 2E 00 00 2B 0B 00 47 68 6F 73 74 68 75 6E 74 65 72 25 00 55 6E 6C 6F 63 6B 65 64 20 61 6C 6C 20 55 6E 64 65 61 64 20 42 65 73 74 69 61 72 79 20 65 6E 74 72 69 65 73 2E 00 00 2C 08 00 48 61 6E 64 79 6D 61 6E 28 00 55 6E 6C 6F 63 6B 65 64 20 61 6C 6C 20 43 6F 6E 73 74 72 75 63 74 20 42 65 73 74 69 61 72 79 20 65 6E 74 72 69 65 73 2E 00 00 2D 08 00 48 75 6E 74 73 6D 61 6E 25 00 55 6E 6C 6F 63 6B 65 64 20 61 6C 6C 20 4D 61 6D 6D 61 6C 20 42 65 73 74 69 61 72 79 20 65 6E 74 72 69 65 73 2E 00 00 2E 1A 00 49 6E 74 65 72 64 69 6D 65 6E 73 69 6F 6E 61 6C 20 44 65 73 74 72 6F 79 65 72 30 00 55 6E 6C 6F 63 6B 65 64 20 61 6C 6C 20 45 78 74 72 61 20 44 69 6D 65 6E 73 69 6F 6E 61 6C 20 42 65 73 74 69 61 72 79 20 65 6E 74 72 69 65 73 2E 00 00 2F 09 00 4D 61 6E 68 75 6E 74 65 72 24 00 55 6E 6C 6F 63 6B 65 64 20 61 6C 6C 20 48 75 6D 61 6E 20 42 65 73 74 69 61 72 79 20 65 6E 74 72 69 65 73 2E 00 00 30 12 00 4D 61 73 74 65 72 20 6F 66 20 49 6C 6C 75 73 69 6F 6E 26 00 55 6E 6C 6F 63 6B 65 64 20 61 6C 6C 20 4D 61 67 69 63 61 6C 20 42 65 73 74 69 61 72 79 20 65 6E 74 72 69 65 73 2E 00 00 31 0A 00 4F 6F 7A 65 20 42 6C 75 65 73 24 00 55 6E 6C 6F 63 6B 65 64 20 61 6C 6C 20 53 6C 69 6D 65 20 42 65 73 74 69 61 72 79 20 65 6E 74 72 69 65 73 2E 00 00 32 08 00 53 65 61 20 42 61 6E 65 26 00 55 6E 6C 6F 63 6B 65 64 20 61 6C 6C 20 41 71 75 61 74 69 63 20 42 65 73 74 69 61 72 79 20 65 6E 74 72 69 65 73 2E 00 00 33 0D 00 53 6E 61 6B 65 20 43 68 61 72 6D 65 72 26 00 55 6E 6C 6F 63 6B 65 64 20 61 6C 6C 20 52 65 70 74 69 6C 65 20 42 65 73 74 69 61 72 79 20 65 6E 74 72 69 65 73 2E 00 00 34 07 00 54 75 6D 62 6C 65 72 24 00 55 6E 6C 6F 63 6B 65 64 20 61 6C 6C 20 47 69 61 6E 74 20 42 65 73 74 69 61 72 79 20 65 6E 74 72 69 65 73 2E 00 00 35 0A 00 57 65 65 64 6B 69 6C 6C 65 72 24 00 55 6E 6C 6F 63 6B 65 64 20 61 6C 6C 20 50 6C 61 6E 74 20 42 65 73 74 69 61 72 79 20 65 6E 74 72 69 65 73 2E 00 00 36 0A 00 49 6E 6B 20 45 72 61 73 65 72 26 00 55 6E 6C 6F 63 6B 65 64 20 61 6C 6C 20 49 6E 6B 62 6F 72 6E 20 42 65 73 74 69 61 72 79 20 65 6E 74 72 69 65 73 2E 00 00 37 0B 00 45 78 65 63 75 74 69 6F 6E 65 72 1E 00 55 6E 6C 6F 63 6B 65 64 20 61 6C 6C 20 42 65 73 74 69 61 72 79 20 65 6E 74 72 69 65 73 2E 00 00 38 10 00 42 6F 73 73 20 41 6E 6E 69 68 69 6C 61 74 6F 72 1C 00 55 6E 6C 6F 63 6B 65 64 20 61 6C 6C 20 4E 65 6D 65 73 69 73 20 62 6F 73 73 65 73 2E 00 00 39 0E 00 42 6F 73 73 20 44 65 73 74 72 6F 79 65 72 23 00 55 6E 6C 6F 63 6B 65 64 20 31 30 20 6F 72 20 6D 6F 72 65 20 41 72 63 68 66 6F 65 20 62 6F 73 73 65 73 2E 01 00 3A 0F 00 42 6F 73 73 20 44 65 76 61 73 74 61 74 6F 72 23 00 55 6E 6C 6F 63 6B 65 64 20 31 30 20 6F 72 20 6D 6F 72 65 20 4E 65 6D 65 73 69 73 20 62 6F 73 73 65 73 2E 01 00 3B 0B 00 42 6F 73 73 20 45 72 61 73 65 72 1C 00 55 6E 6C 6F 63 6B 65 64 20 61 6C 6C 20 41 72 63 68 66 6F 65 20 62 6F 73 73 65 73 2E 00 00 3C 10 00 42 6F 73 73 20 45 78 65 63 75 74 69 6F 6E 65 72 14 00 55 6E 6C 6F 63 6B 65 64 20 61 6C 6C 20 62 6F 73 73 65 73 2E 00 00 3D 0B 00 42 6F 73 73 20 48 75 6E 74 65 72 20 00 55 6E 6C 6F 63 6B 65 64 20 31 30 20 6F 72 20 6D 6F 72 65 20 42 61 6E 65 20 62 6F 73 73 65 73 2E 01 00 3E 10 00 42 6F 73 73 20 4F 62 6C 69 74 65 72 61 74 6F 72 23 00 55 6E 6C 6F 63 6B 65 64 20 34 30 20 6F 72 20 6D 6F 72 65 20 4E 65 6D 65 73 69 73 20 62 6F 73 73 65 73 2E 01 00 3F 0B 00 42 6F 73 73 20 53 6C 61 79 65 72 19 00 55 6E 6C 6F 63 6B 65 64 20 61 6C 6C 20 42 61 6E 65 20 62 6F 73 73 65 73 2E 00 00 40 0B 00 42 6F 73 73 20 53 6D 69 74 65 72 23 00 55 6E 6C 6F 63 6B 65 64 20 34 30 20 6F 72 20 6D 6F 72 65 20 41 72 63 68 66 6F 65 20 62 6F 73 73 65 73 2E 01 00 41 0C 00 42 6F 73 73 20 56 65 74 65 72 61 6E 20 00 55 6E 6C 6F 63 6B 65 64 20 34 30 20 6F 72 20 6D 6F 72 65 20 42 61 6E 65 20 62 6F 73 73 65 73 2E 01 00 42 1B 00 43 72 65 61 74 75 72 65 20 6F 66 20 48 61 62 69 74 20 28 47 72 61 64 65 20 31 29 37 00 52 65 77 61 72 64 20 53 74 72 65 61 6B 20 6F 66 20 61 74 20 6C 65 61 73 74 20 37 20 64 61 79 73 20 6F 66 20 63 6F 6E 73 65 63 75 74 69 76 65 20 6C 6F 67 69 6E 73 2E 01 00 43 1B 00 43 72 65 61 74 75 72 65 20 6F 66 20 48 61 62 69 74 20 28 47 72 61 64 65 20 32 29 38 00 52 65 77 61 72 64 20 53 74 72 65 61 6B 20 6F 66 20 61 74 20 6C 65 61 73 74 20 33 30 20 64 61 79 73 20 6F 66 20 63 6F 6E 73 65 63 75 74 69 76 65 20 6C 6F 67 69 6E 73 2E 01 00 44 1B 00 43 72 65 61 74 75 72 65 20 6F 66 20 48 61 62 69 74 20 28 47 72 61 64 65 20 33 29 38 00 52 65 77 61 72 64 20 53 74 72 65 61 6B 20 6F 66 20 61 74 20 6C 65 61 73 74 20 39 30 20 64 61 79 73 20 6F 66 20 63 6F 6E 73 65 63 75 74 69 76 65 20 6C 6F 67 69 6E 73 2E 01 00 45 1B 00 43 72 65 61 74 75 72 65 20 6F 66 20 48 61 62 69 74 20 28 47 72 61 64 65 20 34 29 39 00 52 65 77 61 72 64 20 53 74 72 65 61 6B 20 6F 66 20 61 74 20 6C 65 61 73 74 20 31 38 30 20 64 61 79 73 20 6F 66 20 63 6F 6E 73 65 63 75 74 69 76 65 20 6C 6F 67 69 6E 73 2E 01 00 46 1B 00 43 72 65 61 74 75 72 65 20 6F 66 20 48 61 62 69 74 20 28 47 72 61 64 65 20 35 29 39 00 52 65 77 61 72 64 20 53 74 72 65 61 6B 20 6F 66 20 61 74 20 6C 65 61 73 74 20 33 36 35 20 64 61 79 73 20 6F 66 20 63 6F 6E 73 65 63 75 74 69 76 65 20 6C 6F 67 69 6E 73 2E 01 00 47 11 00 41 73 70 69 72 69 6E 67 20 48 75 6E 74 73 6D 61 6E 1E 00 49 6E 76 65 73 74 65 64 20 31 36 30 2C 30 30 30 20 74 61 73 6B 73 20 70 6F 69 6E 74 73 2E 01 00 48 15 00 43 6F 6D 70 65 74 65 6E 74 20 42 65 61 73 74 73 6C 61 79 65 72 1E 00 49 6E 76 65 73 74 65 64 20 33 32 30 2C 30 30 30 20 74 61 73 6B 73 20 70 6F 69 6E 74 73 2E 01 00 49 13 00 46 65 61 72 65 64 20 42 6F 75 6E 74 79 68 75 6E 74 65 72 1E 00 49 6E 76 65 73 74 65 64 20 34 33 30 2C 30 30 30 20 74 61 73 6B 73 20 70 6F 69 6E 74 73 2E 01 00 4A 16 00 44 65 64 69 63 61 74 65 64 20 45 6E 74 72 65 70 72 65 6E 65 75 72 22 00 45 78 70 6C 6F 72 65 64 20 35 30 25 20 6F 66 20 61 6C 6C 20 74 68 65 20 6D 61 70 20 61 72 65 61 73 2E 00 00 4B 0C 00 47 6C 6F 62 65 74 72 6F 74 74 65 72 17 00 45 78 70 6C 6F 72 65 64 20 61 6C 6C 20 6D 61 70 20 61 72 65 61 73 2E 00 00 4C 0C 00 47 75 69 6C 64 20 4C 65 61 64 65 72 10 00 4C 65 61 64 69 6E 67 20 61 20 47 75 69 6C 64 2E 00 00 4D 14 00 50 72 6F 63 6F 6E 73 75 6C 20 6F 66 20 49 6B 73 75 70 61 6E 6F 00 4F 6E 6C 79 20 61 20 74 72 75 65 20 64 65 76 6F 74 65 65 20 74 6F 20 74 68 65 20 63 61 75 73 65 20 6F 66 20 74 68 65 20 61 6E 63 69 65 6E 74 20 49 6B 73 20 61 6E 64 20 74 68 65 69 72 20 6C 6F 73 74 20 6C 65 67 61 63 79 20 6D 61 79 20 73 74 65 70 20 75 70 20 74 6F 20 74 68 65 20 72 61 6E 6B 20 6F 66 20 70 72 6F 63 6F 6E 73 75 6C 2E 01 00 4E 14 00 41 64 6D 69 72 65 72 20 6F 66 20 74 68 65 20 43 72 6F 77 6E 20 00 41 64 6A 75 73 74 20 79 6F 75 72 20 63 72 6F 77 6E 20 61 6E 64 20 68 61 6E 64 6C 65 20 69 74 2E 01 00 4F 0B 00 42 69 67 20 53 70 65 6E 64 65 72 20 00 55 6E 6C 6F 63 6B 65 64 20 74 68 65 20 66 75 6C 6C 20 47 6F 6C 64 65 6E 20 4F 75 74 66 69 74 2E 01 00 50 15 00 43 68 61 6C 6C 65 6E 67 65 72 20 6F 66 20 74 68 65 20 49 6B 73 48 00 43 68 61 6C 6C 65 6E 67 65 64 20 41 68 61 75 2C 20 67 75 61 72 64 69 61 6E 20 6F 66 20 49 6B 73 75 70 61 6E 2C 20 69 6E 20 74 72 61 64 69 74 69 6F 6E 61 6C 20 49 6B 73 20 77 61 72 72 69 6F 72 20 61 74 74 69 72 65 2E 01 00 51 17 00 52 6F 79 61 6C 20 42 6F 75 6E 61 63 65 61 6E 20 41 64 76 69 73 6F 72 3B 00 43 61 6C 6C 65 64 20 74 6F 20 74 68 65 20 63 6F 75 72 74 20 6F 66 20 42 6F 75 6E 61 63 20 62 79 20 4B 65 73 61 72 20 74 68 65 20 59 6F 75 6E 67 65 72 20 68 69 6D 73 65 6C 66 2E 01 00 52 08 00 41 65 74 65 72 6E 61 6C 51 00 41 77 61 72 64 65 64 20 65 78 63 6C 75 73 69 76 65 6C 79 20 74 6F 20 73 74 61 6C 77 61 72 74 20 68 65 72 6F 65 73 20 6B 65 65 70 69 6E 67 20 74 68 65 20 66 61 69 74 68 20 75 6E 64 65 72 20 61 6C 6C 20 63 69 72 63 75 6D 73 74 61 6E 63 65 73 2E 01 00 53 0F 00 52 6F 62 69 6E 73 6F 6E 20 43 72 75 73 6F 65 75 00 53 6F 6D 65 20 64 69 73 63 6F 76 65 72 69 65 73 20 61 72 65 20 72 65 73 65 72 76 65 64 20 74 6F 20 6F 6E 6C 79 20 74 68 65 20 6D 6F 73 74 20 65 78 70 65 72 69 65 6E 63 65 64 20 61 64 76 65 6E 74 75 72 65 72 73 2E 20 55 6E 74 69 6C 20 74 68 65 20 6E 65 78 74 20 66 72 6F 6E 74 69 65 72 20 6F 70 65 6E 73 20 6F 6E 20 74 68 65 20 68 6F 72 69 7A 6F 6E 2E 01 00 54 0C 00 43 68 6F 6D 70 6D 65 69 73 74 65 72 56 00 41 77 61 72 64 65 64 20 6F 6E 6C 79 20 74 6F 20 74 72 75 65 20 63 6F 6E 6E 6F 69 73 73 65 75 72 73 20 75 6E 64 65 72 74 61 6B 69 6E 67 20 65 76 65 6E 20 74 68 65 20 6D 6F 73 74 20 65 78 6F 74 69 63 20 63 75 6C 69 6E 61 72 79 20 65 73 63 61 70 61 64 65 73 2E 01 00 55 0F 00 42 72 69 6E 67 65 72 20 6F 66 20 52 61 69 6E 3A 00 46 6F 72 67 69 6E 67 20 74 68 72 6F 75 67 68 20 62 61 74 74 6C 65 20 61 66 74 65 72 20 62 61 74 74 6C 65 20 6C 69 6B 65 20 61 20 74 72 75 65 20 67 6C 61 64 69 61 74 6F 72 2E 01 00 56 07 00 42 65 61 73 74 6C 79 29 00 52 65 61 63 68 65 64 20 32 30 30 30 20 63 68 61 72 6D 20 70 6F 69 6E 74 73 2E 20 51 75 69 74 65 20 62 65 61 73 74 6C 79 21 01 00 57 0F 00 4D 69 64 6E 69 67 68 74 20 48 75 6E 74 65 72 42 00 57 68 65 6E 20 74 68 65 20 68 75 6E 74 65 72 20 62 65 63 6F 6D 65 73 20 74 68 65 20 68 75 6E 74 65 64 2C 20 70 65 72 73 65 76 65 72 61 6E 63 65 20 64 65 63 69 64 65 73 20 74 68 65 20 67 61 6D 65 2E 01 00 58 09 00 52 61 74 69 6E 61 74 6F 72 5B 00 4B 69 6C 6C 69 6E 67 20 73 6F 6D 65 20 73 6E 61 72 6B 79 20 63 61 76 65 20 72 61 74 73 20 69 73 20 68 65 6C 70 66 75 6C 2C 20 6B 69 6C 6C 69 6E 67 20 6F 76 65 72 20 74 65 6E 20 74 68 6F 75 73 61 6E 64 20 6F 66 20 74 68 65 6D 20 69 73 20 61 20 73 74 61 74 65 6D 65 6E 74 2E 01 00 59 10 00 44 6F 6F 6D 73 64 61 79 20 4E 65 6D 65 73 69 73 3A 00 41 77 61 72 64 65 64 20 66 6F 72 20 67 72 65 61 74 20 68 65 6C 70 20 69 6E 20 74 68 65 20 62 61 74 74 6C 65 20 61 67 61 69 6E 73 74 20 47 61 7A 27 68 61 72 61 67 6F 74 68 2E 01 00 5A 0E 00 48 65 72 6F 20 6F 66 20 42 6F 75 6E 61 63 6A 00 59 6F 75 20 70 72 65 76 61 69 6C 65 64 20 64 75 72 69 6E 67 20 74 68 65 20 62 61 74 74 6C 65 20 6F 66 20 42 6F 75 6E 61 63 20 61 6E 64 20 62 72 6F 6B 65 20 74 68 65 20 73 69 65 67 65 20 74 68 61 74 20 68 65 6C 64 20 42 6F 75 6E 61 63 27 73 20 70 65 6F 70 6C 65 20 69 6E 20 69 74 73 20 66 69 72 6D 20 67 72 61 73 70 2E 01 00 5B 0D 00 4B 69 6E 67 20 6F 66 20 44 65 6D 6F 6E 1A 00 44 65 66 65 61 74 20 4D 6F 72 73 68 61 62 61 61 6C 20 35 20 74 69 6D 65 73 2E 01 00 5C 0A 00 50 6C 61 6E 65 67 61 7A 65 72 32 00 46 6F 6C 6C 6F 77 65 64 20 74 68 65 20 74 72 61 69 6C 20 6F 66 20 74 68 65 20 50 6C 61 6E 65 73 74 72 69 64 65 72 20 74 6F 20 74 68 65 20 65 6E 64 2E 01 00 5D 0E 00 54 69 6D 65 20 54 72 61 76 65 6C 6C 65 72 1A 00 41 6E 79 77 68 65 72 65 20 69 6E 20 74 69 6D 65 20 6F 72 20 73 70 61 63 65 2E 01 00 5E 0A 00 54 72 75 6C 79 20 42 6F 73 73 19 00 52 65 61 63 68 20 31 35 2C 30 30 30 20 62 6F 73 73 20 70 6F 69 6E 74 73 2E 01 00 5F 10 00 50 65 6E 73 69 76 65 20 57 61 6E 64 65 72 65 72 6A 00 59 6F 75 20 68 61 76 65 20 68 6F 6E 6F 75 72 65 64 20 74 68 65 20 4D 65 72 75 64 72 69 20 62 79 20 76 69 73 69 74 69 6E 67 20 61 6C 6C 20 6F 66 20 74 68 65 69 72 20 73 68 72 69 6E 65 73 20 61 6E 64 20 63 6F 6D 70 6C 65 74 69 6E 67 20 74 68 65 20 61 6E 63 69 65 6E 74 20 54 68 72 65 65 2D 46 6F 6C 64 20 50 61 74 68 2E 01 00 

LEN=139 TYPE=1
DA 01 00 3D E3 DE 06 00 00 00 00 C0 00 50 14 64 00 00 00 00 00 64 00 00 00 01 41 00 00 00 41 00 00 00 1E 00 00 00 32 00 00 00 31 D8 09 00 00 D0 02 2D 01 2D 01 78 69 00 00 78 69 00 00 2C 33 00 00 08 01 00 00 00 00 00 00 7D 00 0B 0A 00 0A 00 0A 00 50 14 09 0A 00 0A 00 0A 00 00 00 08 0A 00 0A 00 0A 00 00 00 0A 0A 00 0A 00 0A 00 00 00 07 0A 00 0A 00 0A 00 00 00 06 0B 00 0B 00 0B 00 21 02 0D 0A 00 0A 00 0A 00 00 00 00 

LEN=96 TYPE=10
DA 0A 00 01 01 00 00 00 03 09 00 00 00 17 00 47 6C 6F 62 61 6C 20 50 6C 61 79 65 72 20 28 47 72 61 64 65 20 31 29 0A 00 00 00 17 00 47 6C 6F 62 61 6C 20 50 6C 61 79 65 72 20 28 47 72 61 64 65 20 32 29 0B 00 00 00 17 00 47 6C 6F 62 61 6C 20 50 6C 61 79 65 72 20 28 47 72 61 64 65 20 33 29 

LEN=233 TYPE=13
DA 0D 00 04 F3 01 00 80 04 F3 01 00 80 04 FF FF FF 7F 04 FF FF FF 7F 04 FF FF FF 7F 04 FF FF FF 7F 04 E7 03 00 80 04 E7 03 00 80 04 FF FF FF 7F 04 FF FF FF 7F 04 FF FF FF 7F 04 FF FF FF 7F 04 FF FF FF 7F 04 FF FF FF 7F 04 FF FF FF 7F 04 FF FF FF 7F 04 FF FF FF 7F 04 FF FF FF 7F 04 FF FF FF 7F 04 FF FF FF 7F 04 FF FF FF 7F 04 FF FF FF 7F 04 FF FF FF 7F 04 FF FF FF 7F 04 FF FF FF 7F 04 FF FF FF 7F 04 FF FF FF 7F 00 00 00 00 00 00 00 00 00 00 00 00 00 00 26 00 26 00 00 00 2A 00 26 00 07 00 0B FD FF 01 00 00 04 FF FF FF 7F 00 00 04 FF FF FF 7F 00 00 00 04 FF FF FF 7F 04 FF FF FF 7F 00 04 FF FF FF 7F 04 FF FF FF 7F 00 00 00 00 00 00 00 00 00 00 00 04 FF FF FF 7F 04 FF FF FF 7F 04 FF FF FF 7F 00 

LEN=85 TYPE=14
DA 0E 00 04 FF FF FF 7F 04 FF FF FF 7F 04 FF FF FF 7F 04 FF FF FF 7F 04 FF FF FF 7F 00 00 00 00 00 00 04 FF FF FF 7F 00 00 0A 00 00 00 0D 00 21 00 06 0B 00 00 00 04 43 00 00 80 04 FF FF FF 7F 04 20 00 00 80 04 0D 00 00 80 04 FF FF FF 7F 04 2F F8 FF 7F 00 

LEN=70 TYPE=15
DA 0F 00 04 FF FF FF 7F 04 FF FF FF 7F 04 FF FF FF 7F 04 FF FF FF 7F 04 FF FF FF 7F 04 FF FF FF 7F 00 FF FF FF 7F 04 FF FF FF 7F 04 83 03 00 80 04 FF FF FF 7F 04 FF FF FF 7F 04 FF FF FF 7F 00 07 00 00 00 00 00 

LEN=201 TYPE=3
DA 03 00 01 00 01 00 03 00 C5 9C 84 6A 3A 00 44 69 65 64 20 61 74 20 4C 65 76 65 6C 20 31 39 34 20 62 79 20 61 20 54 68 65 20 55 6E 77 65 6C 63 6F 6D 65 2E 20 61 6E 64 20 61 20 54 68 65 20 55 6E 77 65 6C 63 6F 6D 65 2E F8 9B 84 6A 3A 00 44 69 65 64 20 61 74 20 4C 65 76 65 6C 20 31 39 37 20 62 79 20 61 20 54 68 65 20 55 6E 77 65 6C 63 6F 6D 65 2E 20 61 6E 64 20 61 20 54 68 65 20 55 6E 77 65 6C 63 6F 6D 65 2E ED 9B 84 6A 3A 00 44 69 65 64 20 61 74 20 4C 65 76 65 6C 20 32 30 30 20 62 79 20 61 20 54 68 65 20 55 6E 77 65 6C 63 6F 6D 65 2E 20 61 6E 64 20 61 20 54 68 65 20 55 6E 77 65 6C 63 6F 6D 65 2E 

LEN=139 TYPE=1
DA 01 00 3D E3 DE 06 00 00 00 00 C0 00 50 14 64 00 00 00 00 00 64 00 00 00 01 41 00 00 00 41 00 00 00 1E 00 00 00 32 00 00 00 32 D8 09 00 00 D0 02 2D 01 2D 01 78 69 00 00 78 69 00 00 2C 33 00 00 08 01 00 00 00 00 00 00 7D 00 0B 0A 00 0A 00 0A 00 50 14 09 0A 00 0A 00 0A 00 00 00 08 0A 00 0A 00 0A 00 00 00 0A 0A 00 0A 00 0A 00 00 00 07 0A 00 0A 00 0A 00 00 00 06 0B 00 0B 00 0B 00 21 02 0D 0A 00 0A 00 0A 00 00 00 00 

LEN=96 TYPE=10
DA 0A 00 01 01 00 00 00 03 09 00 00 00 17 00 47 6C 6F 62 61 6C 20 50 6C 61 79 65 72 20 28 47 72 61 64 65 20 31 29 0A 00 00 00 17 00 47 6C 6F 62 61 6C 20 50 6C 61 79 65 72 20 28 47 72 61 64 65 20 32 29 0B 00 00 00 17 00 47 6C 6F 62 61 6C 20 50 6C 61 79 65 72 20 28 47 72 61 64 65 20 33 29 

LEN=139 TYPE=1
DA 01 00 3D E3 DE 06 00 00 00 00 C0 00 50 14 64 00 00 00 00 00 64 00 00 00 01 41 00 00 00 41 00 00 00 1E 00 00 00 32 00 00 00 34 D8 09 00 00 D0 02 2D 01 2D 01 78 69 00 00 78 69 00 00 2C 33 00 00 08 01 00 00 00 00 00 00 7D 00 0B 0A 00 0A 00 0A 00 50 14 09 0A 00 0A 00 0A 00 00 00 08 0A 00 0A 00 0A 00 00 00 0A 0A 00 0A 00 0A 00 00 00 07 0A 00 0A 00 0A 00 00 00 06 0B 00 0B 00 0B 00 21 02 0D 0A 00 0A 00 0A 00 00 00 00 

LEN=96 TYPE=10
DA 0A 00 01 01 00 00 00 03 09 00 00 00 17 00 47 6C 6F 62 61 6C 20 50 6C 61 79 65 72 20 28 47 72 61 64 65 20 31 29 0A 00 00 00 17 00 47 6C 6F 62 61 6C 20 50 6C 61 79 65 72 20 28 47 72 61 64 65 20 32 29 0B 00 00 00 17 00 47 6C 6F 62 61 6C 20 50 6C 61 79 65 72 20 28 47 72 61 64 65 20 33 29 

LEN=233 TYPE=13
DA 0D 00 04 F3 01 00 80 04 F3 01 00 80 04 FF FF FF 7F 04 FF FF FF 7F 04 FF FF FF 7F 04 FF FF FF 7F 04 E7 03 00 80 04 E7 03 00 80 04 FF FF FF 7F 04 FF FF FF 7F 04 FF FF FF 7F 04 FF FF FF 7F 04 FF FF FF 7F 04 FF FF FF 7F 04 FF FF FF 7F 04 FF FF FF 7F 04 FF FF FF 7F 04 FF FF FF 7F 04 FF FF FF 7F 04 FF FF FF 7F 04 FF FF FF 7F 04 FF FF FF 7F 04 FF FF FF 7F 04 FF FF FF 7F 04 FF FF FF 7F 04 FF FF FF 7F 04 FF FF FF 7F 00 00 00 00 00 00 00 00 00 00 00 00 00 00 26 00 26 00 00 00 2A 00 26 00 07 00 0B FD FF 01 00 00 04 FF FF FF 7F 00 00 04 FF FF FF 7F 00 00 00 04 FF FF FF 7F 04 FF FF FF 7F 00 04 FF FF FF 7F 04 FF FF FF 7F 00 00 00 00 00 00 00 00 00 00 00 04 FF FF FF 7F 04 FF FF FF 7F 04 FF FF FF 7F 00 

LEN=85 TYPE=14
DA 0E 00 04 FF FF FF 7F 04 FF FF FF 7F 04 FF FF FF 7F 04 FF FF FF 7F 04 FF FF FF 7F 00 00 00 00 00 00 04 FF FF FF 7F 00 00 0A 00 00 00 0D 00 21 00 06 0B 00 00 00 04 43 00 00 80 04 FF FF FF 7F 04 20 00 00 80 04 0D 00 00 80 04 FF FF FF 7F 04 2F F8 FF 7F 00 

LEN=70 TYPE=15
DA 0F 00 04 FF FF FF 7F 04 FF FF FF 7F 04 FF FF FF 7F 04 FF FF FF 7F 04 FF FF FF 7F 04 FF FF FF 7F 00 FF FF FF 7F 04 FF FF FF 7F 04 83 03 00 80 04 FF FF FF 7F 04 FF FF FF 7F 04 FF FF FF 7F 00 07 00 00 00 00 00 

LEN=201 TYPE=3
DA 03 00 01 00 01 00 03 00 C5 9C 84 6A 3A 00 44 69 65 64 20 61 74 20 4C 65 76 65 6C 20 31 39 34 20 62 79 20 61 20 54 68 65 20 55 6E 77 65 6C 63 6F 6D 65 2E 20 61 6E 64 20 61 20 54 68 65 20 55 6E 77 65 6C 63 6F 6D 65 2E F8 9B 84 6A 3A 00 44 69 65 64 20 61 74 20 4C 65 76 65 6C 20 31 39 37 20 62 79 20 61 20 54 68 65 20 55 6E 77 65 6C 63 6F 6D 65 2E 20 61 6E 64 20 61 20 54 68 65 20 55 6E 77 65 6C 63 6F 6D 65 2E ED 9B 84 6A 3A 00 44 69 65 64 20 61 74 20 4C 65 76 65 6C 20 32 30 30 20 62 79 20 61 20 54 68 65 20 55 6E 77 65 6C 63 6F 6D 65 2E 20 61 6E 64 20 61 20 54 68 65 20 55 6E 77 65 6C 63 6F 6D 65 2E 

LEN=9 TYPE=4
DA 04 00 00 00 00 00 00 00 

LEN=90 TYPE=7
DA 07 00 05 00 80 00 07 00 43 69 74 69 7A 65 6E 00 00 00 00 00 00 81 00 06 00 48 75 6E 74 65 72 00 00 00 00 00 00 82 00 04 00 4D 61 67 65 00 00 00 00 00 00 83 00 06 00 4B 6E 69 67 68 74 00 00 E8 03 00 00 20 07 04 00 4D 6F 6E 6B 00 00 00 00 00 00 5F 71 27 73 00 00 00 00 

LEN=211 TYPE=8
DA 08 00 00 00 00 00 00 00 00 00 08 0D 00 54 77 69 73 74 20 4F 66 20 46 61 74 65 00 16 00 54 68 65 20 57 69 73 64 6F 6D 20 4F 66 20 53 6F 6C 69 74 75 64 65 00 18 00 54 68 65 20 53 70 61 72 6B 20 4F 66 20 54 68 65 20 50 68 6F 65 6E 69 78 00 14 00 54 68 65 20 46 69 72 65 20 4F 66 20 54 68 65 20 53 75 6E 73 00 17 00 54 68 65 20 53 70 69 72 69 74 75 61 6C 20 53 68 69 65 6C 64 69 6E 67 00 14 00 54 68 65 20 45 6D 62 72 61 63 65 20 4F 66 20 54 69 62 69 61 00 16 00 48 65 61 72 74 68 20 4F 66 20 54 68 65 20 4D 6F 75 6E 74 61 69 6E 00 15 00 42 6C 6F 6F 64 20 4F 66 20 54 68 65 20 4D 6F 75 6E 74 61 69 6E 00 00 00 00 00 00 00 00 00 00 00 

LEN=6083 TYPE=11
DA 0B 00 0E 5F 01 0C 00 47 6F 6C 64 20 48 6F 61 72 64 65 72 1F 00 45 61 72 6E 65 64 20 61 74 20 6C 65 61 73 74 20 31 2C 30 30 30 2C 30 30 30 20 67 6F 6C 64 2E 00 00 02 10 00 50 6C 61 74 69 6E 75 6D 20 48 6F 61 72 64 65 72 20 00 45 61 72 6E 65 64 20 61 74 20 6C 65 61 73 74 20 31 30 2C 30 30 30 2C 30 30 30 20 67 6F 6C 64 2E 00 00 03 0F 00 43 72 79 73 74 61 6C 20 48 6F 61 72 64 65 72 21 00 45 61 72 6E 65 64 20 61 74 20 6C 65 61 73 74 20 31 30 30 2C 30 30 30 2C 30 30 30 20 67 6F 6C 64 2E 00 00 04 16 00 42 65 61 73 74 73 74 72 69 64 65 72 20 28 47 72 61 64 65 20 31 29 1B 00 55 6E 6C 6F 63 6B 65 64 20 31 30 20 6F 72 20 6D 6F 72 65 20 4D 6F 75 6E 74 73 2E 01 00 05 16 00 42 65 61 73 74 73 74 72 69 64 65 72 20 28 47 72 61 64 65 20 32 29 1B 00 55 6E 6C 6F 63 6B 65 64 20 32 30 20 6F 72 20 6D 6F 72 65 20 4D 6F 75 6E 74 73 2E 01 00 06 16 00 42 65 61 73 74 73 74 72 69 64 65 72 20 28 47 72 61 64 65 20 33 29 1B 00 55 6E 6C 6F 63 6B 65 64 20 33 30 20 6F 72 20 6D 6F 72 65 20 4D 6F 75 6E 74 73 2E 01 00 07 16 00 42 65 61 73 74 73 74 72 69 64 65 72 20 28 47 72 61 64 65 20 34 29 1B 00 55 6E 6C 6F 63 6B 65 64 20 34 30 20 6F 72 20 6D 6F 72 65 20 4D 6F 75 6E 74 73 2E 01 00 08 16 00 42 65 61 73 74 73 74 72 69 64 65 72 20 28 47 72 61 64 65 20 35 29 1B 00 55 6E 6C 6F 63 6B 65 64 20 35 30 20 6F 72 20 6D 6F 72 65 20 4D 6F 75 6E 74 73 2E 01 00 09 1A 00 54 69 62 69 61 27 73 20 54 6F 70 6D 6F 64 65 6C 20 28 47 72 61 64 65 20 31 29 1C 00 55 6E 6C 6F 63 6B 65 64 20 31 30 20 6F 72 20 6D 6F 72 65 20 4F 75 74 66 69 74 73 2E 01 00 0A 1A 00 54 69 62 69 61 27 73 20 54 6F 70 6D 6F 64 65 6C 20 28 47 72 61 64 65 20 32 29 1C 00 55 6E 6C 6F 63 6B 65 64 20 32 30 20 6F 72 20 6D 6F 72 65 20 4F 75 74 66 69 74 73 2E 01 00 0B 1A 00 54 69 62 69 61 27 73 20 54 6F 70 6D 6F 64 65 6C 20 28 47 72 61 64 65 20 33 29 1C 00 55 6E 6C 6F 63 6B 65 64 20 33 30 20 6F 72 20 6D 6F 72 65 20 4F 75 74 66 69 74 73 2E 01 00 0C 1A 00 54 69 62 69 61 27 73 20 54 6F 70 6D 6F 64 65 6C 20 28 47 72 61 64 65 20 34 29 1C 00 55 6E 6C 6F 63 6B 65 64 20 34 30 20 6F 72 20 6D 6F 72 65 20 4F 75 74 66 69 74 73 2E 01 00 0D 1A 00 54 69 62 69 61 27 73 20 54 6F 70 6D 6F 64 65 6C 20 28 47 72 61 64 65 20 35 29 1C 00 55 6E 6C 6F 63 6B 65 64 20 35 30 20 6F 72 20 6D 6F 72 65 20 4F 75 74 66 69 74 73 2E 01 00 0E 0C 00 54 72 6F 6C 6C 74 72 61 73 68 65 72 11 00 52 65 61 63 68 65 64 20 6C 65 76 65 6C 20 35 30 2E 00 01 0F 0D 00 43 79 63 6C 6F 70 73 63 61 6D 70 65 72 12 00 52 65 61 63 68 65 64 20 6C 65 76 65 6C 20 31 30 30 2E 00 01 10 0C 00 44 72 61 67 6F 6E 64 6F 75 73 65 72 12 00 52 65 61 63 68 65 64 20 6C 65 76 65 6C 20 32 30 30 2E 00 01 11 09 00 44 65 6D 6F 6E 64 6F 6F 6D 12 00 52 65 61 63 68 65 64 20 6C 65 76 65 6C 20 33 30 30 2E 00 00 12 0A 00 44 72 61 6B 65 6E 62 61 6E 65 12 00 52 65 61 63 68 65 64 20 6C 65 76 65 6C 20 34 30 30 2E 00 00 13 08 00 53 69 6C 65 6E 63 65 72 12 00 52 65 61 63 68 65 64 20 6C 65 76 65 6C 20 35 30 30 2E 00 00 14 07 00 45 78 61 6C 74 65 64 13 00 52 65 61 63 68 65 64 20 6C 65 76 65 6C 20 31 30 30 30 2E 00 00 15 0D 00 41 70 65 78 20 50 72 65 64 61 74 6F 72 23 00 48 69 67 68 65 73 74 20 4C 65 76 65 6C 20 6F 6E 20 63 68 61 72 61 63 74 65 72 27 73 20 77 6F 72 6C 64 2E 00 01 16 08 00 42 69 67 20 42 6F 73 73 3E 00 48 69 67 68 65 73 74 20 73 63 6F 72 65 20 6F 66 20 61 63 63 75 6D 75 6C 61 74 65 64 20 62 6F 73 73 20 70 6F 69 6E 74 73 20 6F 6E 20 63 68 61 72 61 63 74 65 72 27 73 20 77 6F 72 6C 64 2E 00 00 17 12 00 4A 61 63 6B 20 6F 66 20 61 6C 6C 20 54 61 69 6E 74 73 47 00 48 69 67 68 65 73 74 20 73 63 6F 72 65 20 66 6F 72 20 6B 69 6C 6C 69 6E 67 20 47 6F 73 68 6E 61 72 20 61 6E 64 20 68 69 73 20 61 73 70 65 63 74 73 20 6F 6E 20 63 68 61 72 61 63 74 65 72 27 73 20 77 6F 72 6C 64 2E 00 00 18 11 00 4C 65 67 65 6E 64 20 6F 66 20 46 69 73 68 69 6E 67 2B 00 48 69 67 68 65 73 74 20 66 69 73 68 69 6E 67 20 6C 65 76 65 6C 20 6F 6E 20 63 68 61 72 61 63 74 65 72 27 73 20 77 6F 72 6C 64 2E 00 00 19 0F 00 4C 65 67 65 6E 64 20 6F 66 20 4D 61 67 69 63 29 00 48 69 67 68 65 73 74 20 6D 61 67 69 63 20 6C 65 76 65 6C 20 6F 6E 20 63 68 61 72 61 63 74 65 72 27 73 20 77 6F 72 6C 64 2E 00 00 1A 16 00 4C 65 67 65 6E 64 20 6F 66 20 4D 61 72 6B 73 6D 61 6E 73 68 69 70 2C 00 48 69 67 68 65 73 74 20 64 69 73 74 61 6E 63 65 20 6C 65 76 65 6C 20 6F 6E 20 63 68 61 72 61 63 74 65 72 27 73 20 77 6F 72 6C 64 2E 00 00 1B 11 00 4C 65 67 65 6E 64 20 6F 66 20 74 68 65 20 41 78 65 27 00 48 69 67 68 65 73 74 20 61 78 65 20 6C 65 76 65 6C 20 6F 6E 20 63 68 61 72 61 63 74 65 72 27 73 20 77 6F 72 6C 64 2E 00 00 1C 12 00 4C 65 67 65 6E 64 20 6F 66 20 74 68 65 20 43 6C 75 62 28 00 48 69 67 68 65 73 74 20 63 6C 75 62 20 6C 65 76 65 6C 20 6F 6E 20 63 68 61 72 61 63 74 65 72 27 73 20 77 6F 72 6C 64 2E 00 00 1D 12 00 4C 65 67 65 6E 64 20 6F 66 20 74 68 65 20 46 69 73 74 28 00 48 69 67 68 65 73 74 20 66 69 73 74 20 6C 65 76 65 6C 20 6F 6E 20 63 68 61 72 61 63 74 65 72 27 73 20 77 6F 72 6C 64 2E 00 00 1E 14 00 4C 65 67 65 6E 64 20 6F 66 20 74 68 65 20 53 68 69 65 6C 64 2D 00 48 69 67 68 65 73 74 20 73 68 69 65 6C 64 69 6E 67 20 6C 65 76 65 6C 20 6F 6E 20 63 68 61 72 61 63 74 65 72 27 73 20 77 6F 72 6C 64 2E 00 01 1F 13 00 4C 65 67 65 6E 64 20 6F 66 20 74 68 65 20 53 77 6F 72 64 29 00 48 69 67 68 65 73 74 20 73 77 6F 72 64 20 6C 65 76 65 6C 20 6F 6E 20 63 68 61 72 61 63 74 65 72 27 73 20 77 6F 72 6C 64 2E 00 00 20 0F 00 50 72 69 6E 63 65 20 43 68 61 72 6D 69 6E 67 3F 00 48 69 67 68 65 73 74 20 73 63 6F 72 65 20 6F 66 20 61 63 63 75 6D 75 6C 61 74 65 64 20 63 68 61 72 6D 20 70 6F 69 6E 74 73 20 6F 6E 20 63 68 61 72 61 63 74 65 72 27 73 20 77 6F 72 6C 64 2E 00 00 21 17 00 52 65 69 67 6E 69 6E 67 20 44 72 6F 6D 65 20 43 68 61 6D 70 69 6F 6E 39 00 46 69 6E 69 73 68 65 64 20 6D 6F 73 74 20 72 65 63 65 6E 74 20 54 69 62 69 61 64 72 6F 6D 65 20 72 6F 74 61 20 72 61 6E 6B 65 64 20 69 6E 20 74 68 65 20 74 6F 70 20 35 2E 00 00 22 0A 00 42 69 70 65 64 61 6E 74 69 63 27 00 55 6E 6C 6F 63 6B 65 64 20 41 6C 6C 20 48 75 6D 61 6E 6F 69 64 20 42 65 73 74 69 61 72 79 20 65 6E 74 72 69 65 73 2E 00 00 23 11 00 42 6C 6F 6F 64 20 4D 6F 6F 6E 20 48 75 6E 74 65 72 2A 00 55 6E 6C 6F 63 6B 65 64 20 41 6C 6C 20 4C 79 63 61 6E 74 68 72 6F 70 65 20 42 65 73 74 69 61 72 79 20 65 6E 74 72 69 65 73 2E 00 00 24 0B 00 43 6F 6C 64 62 6C 6F 6F 64 65 64 27 00 55 6E 6C 6F 63 6B 65 64 20 41 6C 6C 20 41 6D 70 68 69 62 69 63 20 42 65 73 74 69 61 72 79 20 65 6E 74 72 69 65 73 2E 00 00 25 10 00 44 65 61 74 68 20 66 72 6F 6D 20 42 65 6C 6F 77 23 00 55 6E 6C 6F 63 6B 65 64 20 61 6C 6C 20 42 69 72 64 20 42 65 73 74 69 61 72 79 20 65 6E 74 72 69 65 73 2E 00 00 26 09 00 44 65 6D 6F 6E 61 74 6F 72 24 00 55 6E 6C 6F 63 6B 65 64 20 61 6C 6C 20 44 65 6D 6F 6E 20 42 65 73 74 69 61 72 79 20 65 6E 74 72 69 65 73 2E 00 00 27 0C 00 44 72 61 67 6F 6E 73 6C 61 79 65 72 25 00 55 6E 6C 6F 63 6B 65 64 20 61 6C 6C 20 44 72 61 67 6F 6E 20 42 65 73 74 69 61 72 79 20 65 6E 74 72 69 65 73 2E 00 00 28 0C 00 45 6C 65 6D 65 6E 74 61 6C 69 73 74 28 00 55 6E 6C 6F 63 6B 65 64 20 61 6C 6C 20 45 6C 65 6D 65 6E 74 61 6C 20 42 65 73 74 69 61 72 79 20 65 6E 74 72 69 65 73 2E 00 00 29 0C 00 45 78 74 65 72 6D 69 6E 61 74 6F 72 25 00 55 6E 6C 6F 63 6B 65 64 20 61 6C 6C 20 56 65 72 6D 69 6E 20 42 65 73 74 69 61 72 79 20 65 6E 74 72 69 65 73 2E 00 00 2A 0B 00 46 65 79 20 53 77 61 74 74 65 72 22 00 55 6E 6C 6F 63 6B 65 64 20 61 6C 6C 20 46 65 79 20 42 65 73 74 69 61 72 79 20 65 6E 74 72 69 65 73 2E 00 00 2B 0B 00 47 68 6F 73 74 68 75 6E 74 65 72 25 00 55 6E 6C 6F 63 6B 65 64 20 61 6C 6C 20 55 6E 64 65 61 64 20 42 65 73 74 69 61 72 79 20 65 6E 74 72 69 65 73 2E 00 00 2C 08 00 48 61 6E 64 79 6D 61 6E 28 00 55 6E 6C 6F 63 6B 65 64 20 61 6C 6C 20 43 6F 6E 73 74 72 75 63 74 20 42 65 73 74 69 61 72 79 20 65 6E 74 72 69 65 73 2E 00 00 2D 08 00 48 75 6E 74 73 6D 61 6E 25 00 55 6E 6C 6F 63 6B 65 64 20 61 6C 6C 20 4D 61 6D 6D 61 6C 20 42 65 73 74 69 61 72 79 20 65 6E 74 72 69 65 73 2E 00 00 2E 1A 00 49 6E 74 65 72 64 69 6D 65 6E 73 69 6F 6E 61 6C 20 44 65 73 74 72 6F 79 65 72 30 00 55 6E 6C 6F 63 6B 65 64 20 61 6C 6C 20 45 78 74 72 61 20 44 69 6D 65 6E 73 69 6F 6E 61 6C 20 42 65 73 74 69 61 72 79 20 65 6E 74 72 69 65 73 2E 00 00 2F 09 00 4D 61 6E 68 75 6E 74 65 72 24 00 55 6E 6C 6F 63 6B 65 64 20 61 6C 6C 20 48 75 6D 61 6E 20 42 65 73 74 69 61 72 79 20 65 6E 74 72 69 65 73 2E 00 00 30 12 00 4D 61 73 74 65 72 20 6F 66 20 49 6C 6C 75 73 69 6F 6E 26 00 55 6E 6C 6F 63 6B 65 64 20 61 6C 6C 20 4D 61 67 69 63 61 6C 20 42 65 73 74 69 61 72 79 20 65 6E 74 72 69 65 73 2E 00 00 31 0A 00 4F 6F 7A 65 20 42 6C 75 65 73 24 00 55 6E 6C 6F 63 6B 65 64 20 61 6C 6C 20 53 6C 69 6D 65 20 42 65 73 74 69 61 72 79 20 65 6E 74 72 69 65 73 2E 00 00 32 08 00 53 65 61 20 42 61 6E 65 26 00 55 6E 6C 6F 63 6B 65 64 20 61 6C 6C 20 41 71 75 61 74 69 63 20 42 65 73 74 69 61 72 79 20 65 6E 74 72 69 65 73 2E 00 00 33 0D 00 53 6E 61 6B 65 20 43 68 61 72 6D 65 72 26 00 55 6E 6C 6F 63 6B 65 64 20 61 6C 6C 20 52 65 70 74 69 6C 65 20 42 65 73 74 69 61 72 79 20 65 6E 74 72 69 65 73 2E 00 00 34 07 00 54 75 6D 62 6C 65 72 24 00 55 6E 6C 6F 63 6B 65 64 20 61 6C 6C 20 47 69 61 6E 74 20 42 65 73 74 69 61 72 79 20 65 6E 74 72 69 65 73 2E 00 00 35 0A 00 57 65 65 64 6B 69 6C 6C 65 72 24 00 55 6E 6C 6F 63 6B 65 64 20 61 6C 6C 20 50 6C 61 6E 74 20 42 65 73 74 69 61 72 79 20 65 6E 74 72 69 65 73 2E 00 00 36 0A 00 49 6E 6B 20 45 72 61 73 65 72 26 00 55 6E 6C 6F 63 6B 65 64 20 61 6C 6C 20 49 6E 6B 62 6F 72 6E 20 42 65 73 74 69 61 72 79 20 65 6E 74 72 69 65 73 2E 00 00 37 0B 00 45 78 65 63 75 74 69 6F 6E 65 72 1E 00 55 6E 6C 6F 63 6B 65 64 20 61 6C 6C 20 42 65 73 74 69 61 72 79 20 65 6E 74 72 69 65 73 2E 00 00 38 10 00 42 6F 73 73 20 41 6E 6E 69 68 69 6C 61 74 6F 72 1C 00 55 6E 6C 6F 63 6B 65 64 20 61 6C 6C 20 4E 65 6D 65 73 69 73 20 62 6F 73 73 65 73 2E 00 00 39 0E 00 42 6F 73 73 20 44 65 73 74 72 6F 79 65 72 23 00 55 6E 6C 6F 63 6B 65 64 20 31 30 20 6F 72 20 6D 6F 72 65 20 41 72 63 68 66 6F 65 20 62 6F 73 73 65 73 2E 01 00 3A 0F 00 42 6F 73 73 20 44 65 76 61 73 74 61 74 6F 72 23 00 55 6E 6C 6F 63 6B 65 64 20 31 30 20 6F 72 20 6D 6F 72 65 20 4E 65 6D 65 73 69 73 20 62 6F 73 73 65 73 2E 01 00 3B 0B 00 42 6F 73 73 20 45 72 61 73 65 72 1C 00 55 6E 6C 6F 63 6B 65 64 20 61 6C 6C 20 41 72 63 68 66 6F 65 20 62 6F 73 73 65 73 2E 00 00 3C 10 00 42 6F 73 73 20 45 78 65 63 75 74 69 6F 6E 65 72 14 00 55 6E 6C 6F 63 6B 65 64 20 61 6C 6C 20 62 6F 73 73 65 73 2E 00 00 3D 0B 00 42 6F 73 73 20 48 75 6E 74 65 72 20 00 55 6E 6C 6F 63 6B 65 64 20 31 30 20 6F 72 20 6D 6F 72 65 20 42 61 6E 65 20 62 6F 73 73 65 73 2E 01 00 3E 10 00 42 6F 73 73 20 4F 62 6C 69 74 65 72 61 74 6F 72 23 00 55 6E 6C 6F 63 6B 65 64 20 34 30 20 6F 72 20 6D 6F 72 65 20 4E 65 6D 65 73 69 73 20 62 6F 73 73 65 73 2E 01 00 3F 0B 00 42 6F 73 73 20 53 6C 61 79 65 72 19 00 55 6E 6C 6F 63 6B 65 64 20 61 6C 6C 20 42 61 6E 65 20 62 6F 73 73 65 73 2E 00 00 40 0B 00 42 6F 73 73 20 53 6D 69 74 65 72 23 00 55 6E 6C 6F 63 6B 65 64 20 34 30 20 6F 72 20 6D 6F 72 65 20 41 72 63 68 66 6F 65 20 62 6F 73 73 65 73 2E 01 00 41 0C 00 42 6F 73 73 20 56 65 74 65 72 61 6E 20 00 55 6E 6C 6F 63 6B 65 64 20 34 30 20 6F 72 20 6D 6F 72 65 20 42 61 6E 65 20 62 6F 73 73 65 73 2E 01 00 42 1B 00 43 72 65 61 74 75 72 65 20 6F 66 20 48 61 62 69 74 20 28 47 72 61 64 65 20 31 29 37 00 52 65 77 61 72 64 20 53 74 72 65 61 6B 20 6F 66 20 61 74 20 6C 65 61 73 74 20 37 20 64 61 79 73 20 6F 66 20 63 6F 6E 73 65 63 75 74 69 76 65 20 6C 6F 67 69 6E 73 2E 01 00 43 1B 00 43 72 65 61 74 75 72 65 20 6F 66 20 48 61 62 69 74 20 28 47 72 61 64 65 20 32 29 38 00 52 65 77 61 72 64 20 53 74 72 65 61 6B 20 6F 66 20 61 74 20 6C 65 61 73 74 20 33 30 20 64 61 79 73 20 6F 66 20 63 6F 6E 73 65 63 75 74 69 76 65 20 6C 6F 67 69 6E 73 2E 01 00 44 1B 00 43 72 65 61 74 75 72 65 20 6F 66 20 48 61 62 69 74 20 28 47 72 61 64 65 20 33 29 38 00 52 65 77 61 72 64 20 53 74 72 65 61 6B 20 6F 66 20 61 74 20 6C 65 61 73 74 20 39 30 20 64 61 79 73 20 6F 66 20 63 6F 6E 73 65 63 75 74 69 76 65 20 6C 6F 67 69 6E 73 2E 01 00 45 1B 00 43 72 65 61 74 75 72 65 20 6F 66 20 48 61 62 69 74 20 28 47 72 61 64 65 20 34 29 39 00 52 65 77 61 72 64 20 53 74 72 65 61 6B 20 6F 66 20 61 74 20 6C 65 61 73 74 20 31 38 30 20 64 61 79 73 20 6F 66 20 63 6F 6E 73 65 63 75 74 69 76 65 20 6C 6F 67 69 6E 73 2E 01 00 46 1B 00 43 72 65 61 74 75 72 65 20 6F 66 20 48 61 62 69 74 20 28 47 72 61 64 65 20 35 29 39 00 52 65 77 61 72 64 20 53 74 72 65 61 6B 20 6F 66 20 61 74 20 6C 65 61 73 74 20 33 36 35 20 64 61 79 73 20 6F 66 20 63 6F 6E 73 65 63 75 74 69 76 65 20 6C 6F 67 69 6E 73 2E 01 00 47 11 00 41 73 70 69 72 69 6E 67 20 48 75 6E 74 73 6D 61 6E 1E 00 49 6E 76 65 73 74 65 64 20 31 36 30 2C 30 30 30 20 74 61 73 6B 73 20 70 6F 69 6E 74 73 2E 01 00 48 15 00 43 6F 6D 70 65 74 65 6E 74 20 42 65 61 73 74 73 6C 61 79 65 72 1E 00 49 6E 76 65 73 74 65 64 20 33 32 30 2C 30 30 30 20 74 61 73 6B 73 20 70 6F 69 6E 74 73 2E 01 00 49 13 00 46 65 61 72 65 64 20 42 6F 75 6E 74 79 68 75 6E 74 65 72 1E 00 49 6E 76 65 73 74 65 64 20 34 33 30 2C 30 30 30 20 74 61 73 6B 73 20 70 6F 69 6E 74 73 2E 01 00 4A 16 00 44 65 64 69 63 61 74 65 64 20 45 6E 74 72 65 70 72 65 6E 65 75 72 22 00 45 78 70 6C 6F 72 65 64 20 35 30 25 20 6F 66 20 61 6C 6C 20 74 68 65 20 6D 61 70 20 61 72 65 61 73 2E 00 00 4B 0C 00 47 6C 6F 62 65 74 72 6F 74 74 65 72 17 00 45 78 70 6C 6F 72 65 64 20 61 6C 6C 20 6D 61 70 20 61 72 65 61 73 2E 00 00 4C 0C 00 47 75 69 6C 64 20 4C 65 61 64 65 72 10 00 4C 65 61 64 69 6E 67 20 61 20 47 75 69 6C 64 2E 00 00 4D 14 00 50 72 6F 63 6F 6E 73 75 6C 20 6F 66 20 49 6B 73 75 70 61 6E 6F 00 4F 6E 6C 79 20 61 20 74 72 75 65 20 64 65 76 6F 74 65 65 20 74 6F 20 74 68 65 20 63 61 75 73 65 20 6F 66 20 74 68 65 20 61 6E 63 69 65 6E 74 20 49 6B 73 20 61 6E 64 20 74 68 65 69 72 20 6C 6F 73 74 20 6C 65 67 61 63 79 20 6D 61 79 20 73 74 65 70 20 75 70 20 74 6F 20 74 68 65 20 72 61 6E 6B 20 6F 66 20 70 72 6F 63 6F 6E 73 75 6C 2E 01 00 4E 14 00 41 64 6D 69 72 65 72 20 6F 66 20 74 68 65 20 43 72 6F 77 6E 20 00 41 64 6A 75 73 74 20 79 6F 75 72 20 63 72 6F 77 6E 20 61 6E 64 20 68 61 6E 64 6C 65 20 69 74 2E 01 00 4F 0B 00 42 69 67 20 53 70 65 6E 64 65 72 20 00 55 6E 6C 6F 63 6B 65 64 20 74 68 65 20 66 75 6C 6C 20 47 6F 6C 64 65 6E 20 4F 75 74 66 69 74 2E 01 00 50 15 00 43 68 61 6C 6C 65 6E 67 65 72 20 6F 66 20 74 68 65 20 49 6B 73 48 00 43 68 61 6C 6C 65 6E 67 65 64 20 41 68 61 75 2C 20 67 75 61 72 64 69 61 6E 20 6F 66 20 49 6B 73 75 70 61 6E 2C 20 69 6E 20 74 72 61 64 69 74 69 6F 6E 61 6C 20 49 6B 73 20 77 61 72 72 69 6F 72 20 61 74 74 69 72 65 2E 01 00 51 17 00 52 6F 79 61 6C 20 42 6F 75 6E 61 63 65 61 6E 20 41 64 76 69 73 6F 72 3B 00 43 61 6C 6C 65 64 20 74 6F 20 74 68 65 20 63 6F 75 72 74 20 6F 66 20 42 6F 75 6E 61 63 20 62 79 20 4B 65 73 61 72 20 74 68 65 20 59 6F 75 6E 67 65 72 20 68 69 6D 73 65 6C 66 2E 01 00 52 08 00 41 65 74 65 72 6E 61 6C 51 00 41 77 61 72 64 65 64 20 65 78 63 6C 75 73 69 76 65 6C 79 20 74 6F 20 73 74 61 6C 77 61 72 74 20 68 65 72 6F 65 73 20 6B 65 65 70 69 6E 67 20 74 68 65 20 66 61 69 74 68 20 75 6E 64 65 72 20 61 6C 6C 20 63 69 72 63 75 6D 73 74 61 6E 63 65 73 2E 01 00 53 0F 00 52 6F 62 69 6E 73 6F 6E 20 43 72 75 73 6F 65 75 00 53 6F 6D 65 20 64 69 73 63 6F 76 65 72 69 65 73 20 61 72 65 20 72 65 73 65 72 76 65 64 20 74 6F 20 6F 6E 6C 79 20 74 68 65 20 6D 6F 73 74 20 65 78 70 65 72 69 65 6E 63 65 64 20 61 64 76 65 6E 74 75 72 65 72 73 2E 20 55 6E 74 69 6C 20 74 68 65 20 6E 65 78 74 20 66 72 6F 6E 74 69 65 72 20 6F 70 65 6E 73 20 6F 6E 20 74 68 65 20 68 6F 72 69 7A 6F 6E 2E 01 00 54 0C 00 43 68 6F 6D 70 6D 65 69 73 74 65 72 56 00 41 77 61 72 64 65 64 20 6F 6E 6C 79 20 74 6F 20 74 72 75 65 20 63 6F 6E 6E 6F 69 73 73 65 75 72 73 20 75 6E 64 65 72 74 61 6B 69 6E 67 20 65 76 65 6E 20 74 68 65 20 6D 6F 73 74 20 65 78 6F 74 69 63 20 63 75 6C 69 6E 61 72 79 20 65 73 63 61 70 61 64 65 73 2E 01 00 55 0F 00 42 72 69 6E 67 65 72 20 6F 66 20 52 61 69 6E 3A 00 46 6F 72 67 69 6E 67 20 74 68 72 6F 75 67 68 20 62 61 74 74 6C 65 20 61 66 74 65 72 20 62 61 74 74 6C 65 20 6C 69 6B 65 20 61 20 74 72 75 65 20 67 6C 61 64 69 61 74 6F 72 2E 01 00 56 07 00 42 65 61 73 74 6C 79 29 00 52 65 61 63 68 65 64 20 32 30 30 30 20 63 68 61 72 6D 20 70 6F 69 6E 74 73 2E 20 51 75 69 74 65 20 62 65 61 73 74 6C 79 21 01 00 57 0F 00 4D 69 64 6E 69 67 68 74 20 48 75 6E 74 65 72 42 00 57 68 65 6E 20 74 68 65 20 68 75 6E 74 65 72 20 62 65 63 6F 6D 65 73 20 74 68 65 20 68 75 6E 74 65 64 2C 20 70 65 72 73 65 76 65 72 61 6E 63 65 20 64 65 63 69 64 65 73 20 74 68 65 20 67 61 6D 65 2E 01 00 58 09 00 52 61 74 69 6E 61 74 6F 72 5B 00 4B 69 6C 6C 69 6E 67 20 73 6F 6D 65 20 73 6E 61 72 6B 79 20 63 61 76 65 20 72 61 74 73 20 69 73 20 68 65 6C 70 66 75 6C 2C 20 6B 69 6C 6C 69 6E 67 20 6F 76 65 72 20 74 65 6E 20 74 68 6F 75 73 61 6E 64 20 6F 66 20 74 68 65 6D 20 69 73 20 61 20 73 74 61 74 65 6D 65 6E 74 2E 01 00 59 10 00 44 6F 6F 6D 73 64 61 79 20 4E 65 6D 65 73 69 73 3A 00 41 77 61 72 64 65 64 20 66 6F 72 20 67 72 65 61 74 20 68 65 6C 70 20 69 6E 20 74 68 65 20 62 61 74 74 6C 65 20 61 67 61 69 6E 73 74 20 47 61 7A 27 68 61 72 61 67 6F 74 68 2E 01 00 5A 0E 00 48 65 72 6F 20 6F 66 20 42 6F 75 6E 61 63 6A 00 59 6F 75 20 70 72 65 76 61 69 6C 65 64 20 64 75 72 69 6E 67 20 74 68 65 20 62 61 74 74 6C 65 20 6F 66 20 42 6F 75 6E 61 63 20 61 6E 64 20 62 72 6F 6B 65 20 74 68 65 20 73 69 65 67 65 20 74 68 61 74 20 68 65 6C 64 20 42 6F 75 6E 61 63 27 73 20 70 65 6F 70 6C 65 20 69 6E 20 69 74 73 20 66 69 72 6D 20 67 72 61 73 70 2E 01 00 5B 0D 00 4B 69 6E 67 20 6F 66 20 44 65 6D 6F 6E 1A 00 44 65 66 65 61 74 20 4D 6F 72 73 68 61 62 61 61 6C 20 35 20 74 69 6D 65 73 2E 01 00 5C 0A 00 50 6C 61 6E 65 67 61 7A 65 72 32 00 46 6F 6C 6C 6F 77 65 64 20 74 68 65 20 74 72 61 69 6C 20 6F 66 20 74 68 65 20 50 6C 61 6E 65 73 74 72 69 64 65 72 20 74 6F 20 74 68 65 20 65 6E 64 2E 01 00 5D 0E 00 54 69 6D 65 20 54 72 61 76 65 6C 6C 65 72 1A 00 41 6E 79 77 68 65 72 65 20 69 6E 20 74 69 6D 65 20 6F 72 20 73 70 61 63 65 2E 01 00 5E 0A 00 54 72 75 6C 79 20 42 6F 73 73 19 00 52 65 61 63 68 20 31 35 2C 30 30 30 20 62 6F 73 73 20 70 6F 69 6E 74 73 2E 01 00 5F 10 00 50 65 6E 73 69 76 65 20 57 61 6E 64 65 72 65 72 6A 00 59 6F 75 20 68 61 76 65 20 68 6F 6E 6F 75 72 65 64 20 74 68 65 20 4D 65 72 75 64 72 69 20 62 79 20 76 69 73 69 74 69 6E 67 20 61 6C 6C 20 6F 66 20 74 68 65 69 72 20 73 68 72 69 6E 65 73 20 61 6E 64 20 63 6F 6D 70 6C 65 74 69 6E 67 20 74 68 65 20 61 6E 63 69 65 6E 74 20 54 68 72 65 65 2D 46 6F 6C 64 20 50 61 74 68 2E 01 00 

LEN=139 TYPE=1
DA 01 00 3D E3 DE 06 00 00 00 00 C0 00 50 14 64 00 00 00 00 00 64 00 00 00 01 41 00 00 00 41 00 00 00 1E 00 00 00 32 00 00 00 3C D8 09 00 00 D0 02 2D 01 2D 01 78 69 00 00 78 69 00 00 2C 33 00 00 08 01 00 00 00 00 00 00 7D 00 0B 0A 00 0A 00 0A 00 50 14 09 0A 00 0A 00 0A 00 00 00 08 0A 00 0A 00 0A 00 00 00 0A 0A 00 0A 00 0A 00 00 00 07 0A 00 0A 00 0A 00 00 00 06 0B 00 0B 00 0B 00 21 02 0D 0A 00 0A 00 0A 00 00 00 00 

LEN=96 TYPE=10
DA 0A 00 01 01 00 00 00 03 09 00 00 00 17 00 47 6C 6F 62 61 6C 20 50 6C 61 79 65 72 20 28 47 72 61 64 65 20 31 29 0A 00 00 00 17 00 47 6C 6F 62 61 6C 20 50 6C 61 79 65 72 20 28 47 72 61 64 65 20 32 29 0B 00 00 00 17 00 47 6C 6F 62 61 6C 20 50 6C 61 79 65 72 20 28 47 72 61 64 65 20 33 29 

LEN=233 TYPE=13
DA 0D 00 04 F3 01 00 80 04 F3 01 00 80 04 FF FF FF 7F 04 FF FF FF 7F 04 FF FF FF 7F 04 FF FF FF 7F 04 E7 03 00 80 04 E7 03 00 80 04 FF FF FF 7F 04 FF FF FF 7F 04 FF FF FF 7F 04 FF FF FF 7F 04 FF FF FF 7F 04 FF FF FF 7F 04 FF FF FF 7F 04 FF FF FF 7F 04 FF FF FF 7F 04 FF FF FF 7F 04 FF FF FF 7F 04 FF FF FF 7F 04 FF FF FF 7F 04 FF FF FF 7F 04 FF FF FF 7F 04 FF FF FF 7F 04 FF FF FF 7F 04 FF FF FF 7F 04 FF FF FF 7F 00 00 00 00 00 00 00 00 00 00 00 00 00 00 26 00 26 00 00 00 2A 00 26 00 07 00 0B FD FF 01 00 00 04 FF FF FF 7F 00 00 04 FF FF FF 7F 00 00 00 04 FF FF FF 7F 04 FF FF FF 7F 00 04 FF FF FF 7F 04 FF FF FF 7F 00 00 00 00 00 00 00 00 00 00 00 04 FF FF FF 7F 04 FF FF FF 7F 04 FF FF FF 7F 00 

LEN=85 TYPE=14
DA 0E 00 04 FF FF FF 7F 04 FF FF FF 7F 04 FF FF FF 7F 04 FF FF FF 7F 04 FF FF FF 7F 00 00 00 00 00 00 04 FF FF FF 7F 00 00 0A 00 00 00 0D 00 21 00 06 0B 00 00 00 04 43 00 00 80 04 FF FF FF 7F 04 20 00 00 80 04 0D 00 00 80 04 FF FF FF 7F 04 2F F8 FF 7F 00 

LEN=70 TYPE=15
DA 0F 00 04 FF FF FF 7F 04 FF FF FF 7F 04 FF FF FF 7F 04 FF FF FF 7F 04 FF FF FF 7F 04 FF FF FF 7F 00 FF FF FF 7F 04 FF FF FF 7F 04 83 03 00 80 04 FF FF FF 7F 04 FF FF FF 7F 04 FF FF FF 7F 00 07 00 00 00 00 00 

LEN=201 TYPE=3
DA 03 00 01 00 01 00 03 00 C5 9C 84 6A 3A 00 44 69 65 64 20 61 74 20 4C 65 76 65 6C 20 31 39 34 20 62 79 20 61 20 54 68 65 20 55 6E 77 65 6C 63 6F 6D 65 2E 20 61 6E 64 20 61 20 54 68 65 20 55 6E 77 65 6C 63 6F 6D 65 2E F8 9B 84 6A 3A 00 44 69 65 64 20 61 74 20 4C 65 76 65 6C 20 31 39 37 20 62 79 20 61 20 54 68 65 20 55 6E 77 65 6C 63 6F 6D 65 2E 20 61 6E 64 20 61 20 54 68 65 20 55 6E 77 65 6C 63 6F 6D 65 2E ED 9B 84 6A 3A 00 44 69 65 64 20 61 74 20 4C 65 76 65 6C 20 32 30 30 20 62 79 20 61 20 54 68 65 20 55 6E 77 65 6C 63 6F 6D 65 2E 20 61 6E 64 20 61 20 54 68 65 20 55 6E 77 65 6C 63 6F 6D 65 2E 

LEN=9 TYPE=4
DA 04 00 00 00 00 00 00 00 

LEN=90 TYPE=7
DA 07 00 05 00 80 00 07 00 43 69 74 69 7A 65 6E 00 00 00 00 00 00 81 00 06 00 48 75 6E 74 65 72 00 00 00 00 00 00 82 00 04 00 4D 61 67 65 00 00 00 00 00 00 83 00 06 00 4B 6E 69 67 68 74 00 00 E8 03 00 00 20 07 04 00 4D 6F 6E 6B 00 00 00 00 00 00 5F 71 27 73 00 00 00 00 

LEN=211 TYPE=8
DA 08 00 00 00 00 00 00 00 00 00 08 0D 00 54 77 69 73 74 20 4F 66 20 46 61 74 65 00 16 00 54 68 65 20 57 69 73 64 6F 6D 20 4F 66 20 53 6F 6C 69 74 75 64 65 00 18 00 54 68 65 20 53 70 61 72 6B 20 4F 66 20 54 68 65 20 50 68 6F 65 6E 69 78 00 14 00 54 68 65 20 46 69 72 65 20 4F 66 20 54 68 65 20 53 75 6E 73 00 17 00 54 68 65 20 53 70 69 72 69 74 75 61 6C 20 53 68 69 65 6C 64 69 6E 67 00 14 00 54 68 65 20 45 6D 62 72 61 63 65 20 4F 66 20 54 69 62 69 61 00 16 00 48 65 61 72 74 68 20 4F 66 20 54 68 65 20 4D 6F 75 6E 74 61 69 6E 00 15 00 42 6C 6F 6F 64 20 4F 66 20 54 68 65 20 4D 6F 75 6E 74 61 69 6E 00 00 00 00 00 00 00 00 00 00 00 

LEN=6083 TYPE=11
DA 0B 00 0E 5F 01 0C 00 47 6F 6C 64 20 48 6F 61 72 64 65 72 1F 00 45 61 72 6E 65 64 20 61 74 20 6C 65 61 73 74 20 31 2C 30 30 30 2C 30 30 30 20 67 6F 6C 64 2E 00 00 02 10 00 50 6C 61 74 69 6E 75 6D 20 48 6F 61 72 64 65 72 20 00 45 61 72 6E 65 64 20 61 74 20 6C 65 61 73 74 20 31 30 2C 30 30 30 2C 30 30 30 20 67 6F 6C 64 2E 00 00 03 0F 00 43 72 79 73 74 61 6C 20 48 6F 61 72 64 65 72 21 00 45 61 72 6E 65 64 20 61 74 20 6C 65 61 73 74 20 31 30 30 2C 30 30 30 2C 30 30 30 20 67 6F 6C 64 2E 00 00 04 16 00 42 65 61 73 74 73 74 72 69 64 65 72 20 28 47 72 61 64 65 20 31 29 1B 00 55 6E 6C 6F 63 6B 65 64 20 31 30 20 6F 72 20 6D 6F 72 65 20 4D 6F 75 6E 74 73 2E 01 00 05 16 00 42 65 61 73 74 73 74 72 69 64 65 72 20 28 47 72 61 64 65 20 32 29 1B 00 55 6E 6C 6F 63 6B 65 64 20 32 30 20 6F 72 20 6D 6F 72 65 20 4D 6F 75 6E 74 73 2E 01 00 06 16 00 42 65 61 73 74 73 74 72 69 64 65 72 20 28 47 72 61 64 65 20 33 29 1B 00 55 6E 6C 6F 63 6B 65 64 20 33 30 20 6F 72 20 6D 6F 72 65 20 4D 6F 75 6E 74 73 2E 01 00 07 16 00 42 65 61 73 74 73 74 72 69 64 65 72 20 28 47 72 61 64 65 20 34 29 1B 00 55 6E 6C 6F 63 6B 65 64 20 34 30 20 6F 72 20 6D 6F 72 65 20 4D 6F 75 6E 74 73 2E 01 00 08 16 00 42 65 61 73 74 73 74 72 69 64 65 72 20 28 47 72 61 64 65 20 35 29 1B 00 55 6E 6C 6F 63 6B 65 64 20 35 30 20 6F 72 20 6D 6F 72 65 20 4D 6F 75 6E 74 73 2E 01 00 09 1A 00 54 69 62 69 61 27 73 20 54 6F 70 6D 6F 64 65 6C 20 28 47 72 61 64 65 20 31 29 1C 00 55 6E 6C 6F 63 6B 65 64 20 31 30 20 6F 72 20 6D 6F 72 65 20 4F 75 74 66 69 74 73 2E 01 00 0A 1A 00 54 69 62 69 61 27 73 20 54 6F 70 6D 6F 64 65 6C 20 28 47 72 61 64 65 20 32 29 1C 00 55 6E 6C 6F 63 6B 65 64 20 32 30 20 6F 72 20 6D 6F 72 65 20 4F 75 74 66 69 74 73 2E 01 00 0B 1A 00 54 69 62 69 61 27 73 20 54 6F 70 6D 6F 64 65 6C 20 28 47 72 61 64 65 20 33 29 1C 00 55 6E 6C 6F 63 6B 65 64 20 33 30 20 6F 72 20 6D 6F 72 65 20 4F 75 74 66 69 74 73 2E 01 00 0C 1A 00 54 69 62 69 61 27 73 20 54 6F 70 6D 6F 64 65 6C 20 28 47 72 61 64 65 20 34 29 1C 00 55 6E 6C 6F 63 6B 65 64 20 34 30 20 6F 72 20 6D 6F 72 65 20 4F 75 74 66 69 74 73 2E 01 00 0D 1A 00 54 69 62 69 61 27 73 20 54 6F 70 6D 6F 64 65 6C 20 28 47 72 61 64 65 20 35 29 1C 00 55 6E 6C 6F 63 6B 65 64 20 35 30 20 6F 72 20 6D 6F 72 65 20 4F 75 74 66 69 74 73 2E 01 00 0E 0C 00 54 72 6F 6C 6C 74 72 61 73 68 65 72 11 00 52 65 61 63 68 65 64 20 6C 65 76 65 6C 20 35 30 2E 00 01 0F 0D 00 43 79 63 6C 6F 70 73 63 61 6D 70 65 72 12 00 52 65 61 63 68 65 64 20 6C 65 76 65 6C 20 31 30 30 2E 00 01 10 0C 00 44 72 61 67 6F 6E 64 6F 75 73 65 72 12 00 52 65 61 63 68 65 64 20 6C 65 76 65 6C 20 32 30 30 2E 00 01 11 09 00 44 65 6D 6F 6E 64 6F 6F 6D 12 00 52 65 61 63 68 65 64 20 6C 65 76 65 6C 20 33 30 30 2E 00 00 12 0A 00 44 72 61 6B 65 6E 62 61 6E 65 12 00 52 65 61 63 68 65 64 20 6C 65 76 65 6C 20 34 30 30 2E 00 00 13 08 00 53 69 6C 65 6E 63 65 72 12 00 52 65 61 63 68 65 64 20 6C 65 76 65 6C 20 35 30 30 2E 00 00 14 07 00 45 78 61 6C 74 65 64 13 00 52 65 61 63 68 65 64 20 6C 65 76 65 6C 20 31 30 30 30 2E 00 00 15 0D 00 41 70 65 78 20 50 72 65 64 61 74 6F 72 23 00 48 69 67 68 65 73 74 20 4C 65 76 65 6C 20 6F 6E 20 63 68 61 72 61 63 74 65 72 27 73 20 77 6F 72 6C 64 2E 00 01 16 08 00 42 69 67 20 42 6F 73 73 3E 00 48 69 67 68 65 73 74 20 73 63 6F 72 65 20 6F 66 20 61 63 63 75 6D 75 6C 61 74 65 64 20 62 6F 73 73 20 70 6F 69 6E 74 73 20 6F 6E 20 63 68 61 72 61 63 74 65 72 27 73 20 77 6F 72 6C 64 2E 00 00 17 12 00 4A 61 63 6B 20 6F 66 20 61 6C 6C 20 54 61 69 6E 74 73 47 00 48 69 67 68 65 73 74 20 73 63 6F 72 65 20 66 6F 72 20 6B 69 6C 6C 69 6E 67 20 47 6F 73 68 6E 61 72 20 61 6E 64 20 68 69 73 20 61 73 70 65 63 74 73 20 6F 6E 20 63 68 61 72 61 63 74 65 72 27 73 20 77 6F 72 6C 64 2E 00 00 18 11 00 4C 65 67 65 6E 64 20 6F 66 20 46 69 73 68 69 6E 67 2B 00 48 69 67 68 65 73 74 20 66 69 73 68 69 6E 67 20 6C 65 76 65 6C 20 6F 6E 20 63 68 61 72 61 63 74 65 72 27 73 20 77 6F 72 6C 64 2E 00 00 19 0F 00 4C 65 67 65 6E 64 20 6F 66 20 4D 61 67 69 63 29 00 48 69 67 68 65 73 74 20 6D 61 67 69 63 20 6C 65 76 65 6C 20 6F 6E 20 63 68 61 72 61 63 74 65 72 27 73 20 77 6F 72 6C 64 2E 00 00 1A 16 00 4C 65 67 65 6E 64 20 6F 66 20 4D 61 72 6B 73 6D 61 6E 73 68 69 70 2C 00 48 69 67 68 65 73 74 20 64 69 73 74 61 6E 63 65 20 6C 65 76 65 6C 20 6F 6E 20 63 68 61 72 61 63 74 65 72 27 73 20 77 6F 72 6C 64 2E 00 00 1B 11 00 4C 65 67 65 6E 64 20 6F 66 20 74 68 65 20 41 78 65 27 00 48 69 67 68 65 73 74 20 61 78 65 20 6C 65 76 65 6C 20 6F 6E 20 63 68 61 72 61 63 74 65 72 27 73 20 77 6F 72 6C 64 2E 00 00 1C 12 00 4C 65 67 65 6E 64 20 6F 66 20 74 68 65 20 43 6C 75 62 28 00 48 69 67 68 65 73 74 20 63 6C 75 62 20 6C 65 76 65 6C 20 6F 6E 20 63 68 61 72 61 63 74 65 72 27 73 20 77 6F 72 6C 64 2E 00 00 1D 12 00 4C 65 67 65 6E 64 20 6F 66 20 74 68 65 20 46 69 73 74 28 00 48 69 67 68 65 73 74 20 66 69 73 74 20 6C 65 76 65 6C 20 6F 6E 20 63 68 61 72 61 63 74 65 72 27 73 20 77 6F 72 6C 64 2E 00 00 1E 14 00 4C 65 67 65 6E 64 20 6F 66 20 74 68 65 20 53 68 69 65 6C 64 2D 00 48 69 67 68 65 73 74 20 73 68 69 65 6C 64 69 6E 67 20 6C 65 76 65 6C 20 6F 6E 20 63 68 61 72 61 63 74 65 72 27 73 20 77 6F 72 6C 64 2E 00 01 1F 13 00 4C 65 67 65 6E 64 20 6F 66 20 74 68 65 20 53 77 6F 72 64 29 00 48 69 67 68 65 73 74 20 73 77 6F 72 64 20 6C 65 76 65 6C 20 6F 6E 20 63 68 61 72 61 63 74 65 72 27 73 20 77 6F 72 6C 64 2E 00 00 20 0F 00 50 72 69 6E 63 65 20 43 68 61 72 6D 69 6E 67 3F 00 48 69 67 68 65 73 74 20 73 63 6F 72 65 20 6F 66 20 61 63 63 75 6D 75 6C 61 74 65 64 20 63 68 61 72 6D 20 70 6F 69 6E 74 73 20 6F 6E 20 63 68 61 72 61 63 74 65 72 27 73 20 77 6F 72 6C 64 2E 00 00 21 17 00 52 65 69 67 6E 69 6E 67 20 44 72 6F 6D 65 20 43 68 61 6D 70 69 6F 6E 39 00 46 69 6E 69 73 68 65 64 20 6D 6F 73 74 20 72 65 63 65 6E 74 20 54 69 62 69 61 64 72 6F 6D 65 20 72 6F 74 61 20 72 61 6E 6B 65 64 20 69 6E 20 74 68 65 20 74 6F 70 20 35 2E 00 00 22 0A 00 42 69 70 65 64 61 6E 74 69 63 27 00 55 6E 6C 6F 63 6B 65 64 20 41 6C 6C 20 48 75 6D 61 6E 6F 69 64 20 42 65 73 74 69 61 72 79 20 65 6E 74 72 69 65 73 2E 00 00 23 11 00 42 6C 6F 6F 64 20 4D 6F 6F 6E 20 48 75 6E 74 65 72 2A 00 55 6E 6C 6F 63 6B 65 64 20 41 6C 6C 20 4C 79 63 61 6E 74 68 72 6F 70 65 20 42 65 73 74 69 61 72 79 20 65 6E 74 72 69 65 73 2E 00 00 24 0B 00 43 6F 6C 64 62 6C 6F 6F 64 65 64 27 00 55 6E 6C 6F 63 6B 65 64 20 41 6C 6C 20 41 6D 70 68 69 62 69 63 20 42 65 73 74 69 61 72 79 20 65 6E 74 72 69 65 73 2E 00 00 25 10 00 44 65 61 74 68 20 66 72 6F 6D 20 42 65 6C 6F 77 23 00 55 6E 6C 6F 63 6B 65 64 20 61 6C 6C 20 42 69 72 64 20 42 65 73 74 69 61 72 79 20 65 6E 74 72 69 65 73 2E 00 00 26 09 00 44 65 6D 6F 6E 61 74 6F 72 24 00 55 6E 6C 6F 63 6B 65 64 20 61 6C 6C 20 44 65 6D 6F 6E 20 42 65 73 74 69 61 72 79 20 65 6E 74 72 69 65 73 2E 00 00 27 0C 00 44 72 61 67 6F 6E 73 6C 61 79 65 72 25 00 55 6E 6C 6F 63 6B 65 64 20 61 6C 6C 20 44 72 61 67 6F 6E 20 42 65 73 74 69 61 72 79 20 65 6E 74 72 69 65 73 2E 00 00 28 0C 00 45 6C 65 6D 65 6E 74 61 6C 69 73 74 28 00 55 6E 6C 6F 63 6B 65 64 20 61 6C 6C 20 45 6C 65 6D 65 6E 74 61 6C 20 42 65 73 74 69 61 72 79 20 65 6E 74 72 69 65 73 2E 00 00 29 0C 00 45 78 74 65 72 6D 69 6E 61 74 6F 72 25 00 55 6E 6C 6F 63 6B 65 64 20 61 6C 6C 20 56 65 72 6D 69 6E 20 42 65 73 74 69 61 72 79 20 65 6E 74 72 69 65 73 2E 00 00 2A 0B 00 46 65 79 20 53 77 61 74 74 65 72 22 00 55 6E 6C 6F 63 6B 65 64 20 61 6C 6C 20 46 65 79 20 42 65 73 74 69 61 72 79 20 65 6E 74 72 69 65 73 2E 00 00 2B 0B 00 47 68 6F 73 74 68 75 6E 74 65 72 25 00 55 6E 6C 6F 63 6B 65 64 20 61 6C 6C 20 55 6E 64 65 61 64 20 42 65 73 74 69 61 72 79 20 65 6E 74 72 69 65 73 2E 00 00 2C 08 00 48 61 6E 64 79 6D 61 6E 28 00 55 6E 6C 6F 63 6B 65 64 20 61 6C 6C 20 43 6F 6E 73 74 72 75 63 74 20 42 65 73 74 69 61 72 79 20 65 6E 74 72 69 65 73 2E 00 00 2D 08 00 48 75 6E 74 73 6D 61 6E 25 00 55 6E 6C 6F 63 6B 65 64 20 61 6C 6C 20 4D 61 6D 6D 61 6C 20 42 65 73 74 69 61 72 79 20 65 6E 74 72 69 65 73 2E 00 00 2E 1A 00 49 6E 74 65 72 64 69 6D 65 6E 73 69 6F 6E 61 6C 20 44 65 73 74 72 6F 79 65 72 30 00 55 6E 6C 6F 63 6B 65 64 20 61 6C 6C 20 45 78 74 72 61 20 44 69 6D 65 6E 73 69 6F 6E 61 6C 20 42 65 73 74 69 61 72 79 20 65 6E 74 72 69 65 73 2E 00 00 2F 09 00 4D 61 6E 68 75 6E 74 65 72 24 00 55 6E 6C 6F 63 6B 65 64 20 61 6C 6C 20 48 75 6D 61 6E 20 42 65 73 74 69 61 72 79 20 65 6E 74 72 69 65 73 2E 00 00 30 12 00 4D 61 73 74 65 72 20 6F 66 20 49 6C 6C 75 73 69 6F 6E 26 00 55 6E 6C 6F 63 6B 65 64 20 61 6C 6C 20 4D 61 67 69 63 61 6C 20 42 65 73 74 69 61 72 79 20 65 6E 74 72 69 65 73 2E 00 00 31 0A 00 4F 6F 7A 65 20 42 6C 75 65 73 24 00 55 6E 6C 6F 63 6B 65 64 20 61 6C 6C 20 53 6C 69 6D 65 20 42 65 73 74 69 61 72 79 20 65 6E 74 72 69 65 73 2E 00 00 32 08 00 53 65 61 20 42 61 6E 65 26 00 55 6E 6C 6F 63 6B 65 64 20 61 6C 6C 20 41 71 75 61 74 69 63 20 42 65 73 74 69 61 72 79 20 65 6E 74 72 69 65 73 2E 00 00 33 0D 00 53 6E 61 6B 65 20 43 68 61 72 6D 65 72 26 00 55 6E 6C 6F 63 6B 65 64 20 61 6C 6C 20 52 65 70 74 69 6C 65 20 42 65 73 74 69 61 72 79 20 65 6E 74 72 69 65 73 2E 00 00 34 07 00 54 75 6D 62 6C 65 72 24 00 55 6E 6C 6F 63 6B 65 64 20 61 6C 6C 20 47 69 61 6E 74 20 42 65 73 74 69 61 72 79 20 65 6E 74 72 69 65 73 2E 00 00 35 0A 00 57 65 65 64 6B 69 6C 6C 65 72 24 00 55 6E 6C 6F 63 6B 65 64 20 61 6C 6C 20 50 6C 61 6E 74 20 42 65 73 74 69 61 72 79 20 65 6E 74 72 69 65 73 2E 00 00 36 0A 00 49 6E 6B 20 45 72 61 73 65 72 26 00 55 6E 6C 6F 63 6B 65 64 20 61 6C 6C 20 49 6E 6B 62 6F 72 6E 20 42 65 73 74 69 61 72 79 20 65 6E 74 72 69 65 73 2E 00 00 37 0B 00 45 78 65 63 75 74 69 6F 6E 65 72 1E 00 55 6E 6C 6F 63 6B 65 64 20 61 6C 6C 20 42 65 73 74 69 61 72 79 20 65 6E 74 72 69 65 73 2E 00 00 38 10 00 42 6F 73 73 20 41 6E 6E 69 68 69 6C 61 74 6F 72 1C 00 55 6E 6C 6F 63 6B 65 64 20 61 6C 6C 20 4E 65 6D 65 73 69 73 20 62 6F 73 73 65 73 2E 00 00 39 0E 00 42 6F 73 73 20 44 65 73 74 72 6F 79 65 72 23 00 55 6E 6C 6F 63 6B 65 64 20 31 30 20 6F 72 20 6D 6F 72 65 20 41 72 63 68 66 6F 65 20 62 6F 73 73 65 73 2E 01 00 3A 0F 00 42 6F 73 73 20 44 65 76 61 73 74 61 74 6F 72 23 00 55 6E 6C 6F 63 6B 65 64 20 31 30 20 6F 72 20 6D 6F 72 65 20 4E 65 6D 65 73 69 73 20 62 6F 73 73 65 73 2E 01 00 3B 0B 00 42 6F 73 73 20 45 72 61 73 65 72 1C 00 55 6E 6C 6F 63 6B 65 64 20 61 6C 6C 20 41 72 63 68 66 6F 65 20 62 6F 73 73 65 73 2E 00 00 3C 10 00 42 6F 73 73 20 45 78 65 63 75 74 69 6F 6E 65 72 14 00 55 6E 6C 6F 63 6B 65 64 20 61 6C 6C 20 62 6F 73 73 65 73 2E 00 00 3D 0B 00 42 6F 73 73 20 48 75 6E 74 65 72 20 00 55 6E 6C 6F 63 6B 65 64 20 31 30 20 6F 72 20 6D 6F 72 65 20 42 61 6E 65 20 62 6F 73 73 65 73 2E 01 00 3E 10 00 42 6F 73 73 20 4F 62 6C 69 74 65 72 61 74 6F 72 23 00 55 6E 6C 6F 63 6B 65 64 20 34 30 20 6F 72 20 6D 6F 72 65 20 4E 65 6D 65 73 69 73 20 62 6F 73 73 65 73 2E 01 00 3F 0B 00 42 6F 73 73 20 53 6C 61 79 65 72 19 00 55 6E 6C 6F 63 6B 65 64 20 61 6C 6C 20 42 61 6E 65 20 62 6F 73 73 65 73 2E 00 00 40 0B 00 42 6F 73 73 20 53 6D 69 74 65 72 23 00 55 6E 6C 6F 63 6B 65 64 20 34 30 20 6F 72 20 6D 6F 72 65 20 41 72 63 68 66 6F 65 20 62 6F 73 73 65 73 2E 01 00 41 0C 00 42 6F 73 73 20 56 65 74 65 72 61 6E 20 00 55 6E 6C 6F 63 6B 65 64 20 34 30 20 6F 72 20 6D 6F 72 65 20 42 61 6E 65 20 62 6F 73 73 65 73 2E 01 00 42 1B 00 43 72 65 61 74 75 72 65 20 6F 66 20 48 61 62 69 74 20 28 47 72 61 64 65 20 31 29 37 00 52 65 77 61 72 64 20 53 74 72 65 61 6B 20 6F 66 20 61 74 20 6C 65 61 73 74 20 37 20 64 61 79 73 20 6F 66 20 63 6F 6E 73 65 63 75 74 69 76 65 20 6C 6F 67 69 6E 73 2E 01 00 43 1B 00 43 72 65 61 74 75 72 65 20 6F 66 20 48 61 62 69 74 20 28 47 72 61 64 65 20 32 29 38 00 52 65 77 61 72 64 20 53 74 72 65 61 6B 20 6F 66 20 61 74 20 6C 65 61 73 74 20 33 30 20 64 61 79 73 20 6F 66 20 63 6F 6E 73 65 63 75 74 69 76 65 20 6C 6F 67 69 6E 73 2E 01 00 44 1B 00 43 72 65 61 74 75 72 65 20 6F 66 20 48 61 62 69 74 20 28 47 72 61 64 65 20 33 29 38 00 52 65 77 61 72 64 20 53 74 72 65 61 6B 20 6F 66 20 61 74 20 6C 65 61 73 74 20 39 30 20 64 61 79 73 20 6F 66 20 63 6F 6E 73 65 63 75 74 69 76 65 20 6C 6F 67 69 6E 73 2E 01 00 45 1B 00 43 72 65 61 74 75 72 65 20 6F 66 20 48 61 62 69 74 20 28 47 72 61 64 65 20 34 29 39 00 52 65 77 61 72 64 20 53 74 72 65 61 6B 20 6F 66 20 61 74 20 6C 65 61 73 74 20 31 38 30 20 64 61 79 73 20 6F 66 20 63 6F 6E 73 65 63 75 74 69 76 65 20 6C 6F 67 69 6E 73 2E 01 00 46 1B 00 43 72 65 61 74 75 72 65 20 6F 66 20 48 61 62 69 74 20 28 47 72 61 64 65 20 35 29 39 00 52 65 77 61 72 64 20 53 74 72 65 61 6B 20 6F 66 20 61 74 20 6C 65 61 73 74 20 33 36 35 20 64 61 79 73 20 6F 66 20 63 6F 6E 73 65 63 75 74 69 76 65 20 6C 6F 67 69 6E 73 2E 01 00 47 11 00 41 73 70 69 72 69 6E 67 20 48 75 6E 74 73 6D 61 6E 1E 00 49 6E 76 65 73 74 65 64 20 31 36 30 2C 30 30 30 20 74 61 73 6B 73 20 70 6F 69 6E 74 73 2E 01 00 48 15 00 43 6F 6D 70 65 74 65 6E 74 20 42 65 61 73 74 73 6C 61 79 65 72 1E 00 49 6E 76 65 73 74 65 64 20 33 32 30 2C 30 30 30 20 74 61 73 6B 73 20 70 6F 69 6E 74 73 2E 01 00 49 13 00 46 65 61 72 65 64 20 42 6F 75 6E 74 79 68 75 6E 74 65 72 1E 00 49 6E 76 65 73 74 65 64 20 34 33 30 2C 30 30 30 20 74 61 73 6B 73 20 70 6F 69 6E 74 73 2E 01 00 4A 16 00 44 65 64 69 63 61 74 65 64 20 45 6E 74 72 65 70 72 65 6E 65 75 72 22 00 45 78 70 6C 6F 72 65 64 20 35 30 25 20 6F 66 20 61 6C 6C 20 74 68 65 20 6D 61 70 20 61 72 65 61 73 2E 00 00 4B 0C 00 47 6C 6F 62 65 74 72 6F 74 74 65 72 17 00 45 78 70 6C 6F 72 65 64 20 61 6C 6C 20 6D 61 70 20 61 72 65 61 73 2E 00 00 4C 0C 00 47 75 69 6C 64 20 4C 65 61 64 65 72 10 00 4C 65 61 64 69 6E 67 20 61 20 47 75 69 6C 64 2E 00 00 4D 14 00 50 72 6F 63 6F 6E 73 75 6C 20 6F 66 20 49 6B 73 75 70 61 6E 6F 00 4F 6E 6C 79 20 61 20 74 72 75 65 20 64 65 76 6F 74 65 65 20 74 6F 20 74 68 65 20 63 61 75 73 65 20 6F 66 20 74 68 65 20 61 6E 63 69 65 6E 74 20 49 6B 73 20 61 6E 64 20 74 68 65 69 72 20 6C 6F 73 74 20 6C 65 67 61 63 79 20 6D 61 79 20 73 74 65 70 20 75 70 20 74 6F 20 74 68 65 20 72 61 6E 6B 20 6F 66 20 70 72 6F 63 6F 6E 73 75 6C 2E 01 00 4E 14 00 41 64 6D 69 72 65 72 20 6F 66 20 74 68 65 20 43 72 6F 77 6E 20 00 41 64 6A 75 73 74 20 79 6F 75 72 20 63 72 6F 77 6E 20 61 6E 64 20 68 61 6E 64 6C 65 20 69 74 2E 01 00 4F 0B 00 42 69 67 20 53 70 65 6E 64 65 72 20 00 55 6E 6C 6F 63 6B 65 64 20 74 68 65 20 66 75 6C 6C 20 47 6F 6C 64 65 6E 20 4F 75 74 66 69 74 2E 01 00 50 15 00 43 68 61 6C 6C 65 6E 67 65 72 20 6F 66 20 74 68 65 20 49 6B 73 48 00 43 68 61 6C 6C 65 6E 67 65 64 20 41 68 61 75 2C 20 67 75 61 72 64 69 61 6E 20 6F 66 20 49 6B 73 75 70 61 6E 2C 20 69 6E 20 74 72 61 64 69 74 69 6F 6E 61 6C 20 49 6B 73 20 77 61 72 72 69 6F 72 20 61 74 74 69 72 65 2E 01 00 51 17 00 52 6F 79 61 6C 20 42 6F 75 6E 61 63 65 61 6E 20 41 64 76 69 73 6F 72 3B 00 43 61 6C 6C 65 64 20 74 6F 20 74 68 65 20 63 6F 75 72 74 20 6F 66 20 42 6F 75 6E 61 63 20 62 79 20 4B 65 73 61 72 20 74 68 65 20 59 6F 75 6E 67 65 72 20 68 69 6D 73 65 6C 66 2E 01 00 52 08 00 41 65 74 65 72 6E 61 6C 51 00 41 77 61 72 64 65 64 20 65 78 63 6C 75 73 69 76 65 6C 79 20 74 6F 20 73 74 61 6C 77 61 72 74 20 68 65 72 6F 65 73 20 6B 65 65 70 69 6E 67 20 74 68 65 20 66 61 69 74 68 20 75 6E 64 65 72 20 61 6C 6C 20 63 69 72 63 75 6D 73 74 61 6E 63 65 73 2E 01 00 53 0F 00 52 6F 62 69 6E 73 6F 6E 20 43 72 75 73 6F 65 75 00 53 6F 6D 65 20 64 69 73 63 6F 76 65 72 69 65 73 20 61 72 65 20 72 65 73 65 72 76 65 64 20 74 6F 20 6F 6E 6C 79 20 74 68 65 20 6D 6F 73 74 20 65 78 70 65 72 69 65 6E 63 65 64 20 61 64 76 65 6E 74 75 72 65 72 73 2E 20 55 6E 74 69 6C 20 74 68 65 20 6E 65 78 74 20 66 72 6F 6E 74 69 65 72 20 6F 70 65 6E 73 20 6F 6E 20 74 68 65 20 68 6F 72 69 7A 6F 6E 2E 01 00 54 0C 00 43 68 6F 6D 70 6D 65 69 73 74 65 72 56 00 41 77 61 72 64 65 64 20 6F 6E 6C 79 20 74 6F 20 74 72 75 65 20 63 6F 6E 6E 6F 69 73 73 65 75 72 73 20 75 6E 64 65 72 74 61 6B 69 6E 67 20 65 76 65 6E 20 74 68 65 20 6D 6F 73 74 20 65 78 6F 74 69 63 20 63 75 6C 69 6E 61 72 79 20 65 73 63 61 70 61 64 65 73 2E 01 00 55 0F 00 42 72 69 6E 67 65 72 20 6F 66 20 52 61 69 6E 3A 00 46 6F 72 67 69 6E 67 20 74 68 72 6F 75 67 68 20 62 61 74 74 6C 65 20 61 66 74 65 72 20 62 61 74 74 6C 65 20 6C 69 6B 65 20 61 20 74 72 75 65 20 67 6C 61 64 69 61 74 6F 72 2E 01 00 56 07 00 42 65 61 73 74 6C 79 29 00 52 65 61 63 68 65 64 20 32 30 30 30 20 63 68 61 72 6D 20 70 6F 69 6E 74 73 2E 20 51 75 69 74 65 20 62 65 61 73 74 6C 79 21 01 00 57 0F 00 4D 69 64 6E 69 67 68 74 20 48 75 6E 74 65 72 42 00 57 68 65 6E 20 74 68 65 20 68 75 6E 74 65 72 20 62 65 63 6F 6D 65 73 20 74 68 65 20 68 75 6E 74 65 64 2C 20 70 65 72 73 65 76 65 72 61 6E 63 65 20 64 65 63 69 64 65 73 20 74 68 65 20 67 61 6D 65 2E 01 00 58 09 00 52 61 74 69 6E 61 74 6F 72 5B 00 4B 69 6C 6C 69 6E 67 20 73 6F 6D 65 20 73 6E 61 72 6B 79 20 63 61 76 65 20 72 61 74 73 20 69 73 20 68 65 6C 70 66 75 6C 2C 20 6B 69 6C 6C 69 6E 67 20 6F 76 65 72 20 74 65 6E 20 74 68 6F 75 73 61 6E 64 20 6F 66 20 74 68 65 6D 20 69 73 20 61 20 73 74 61 74 65 6D 65 6E 74 2E 01 00 59 10 00 44 6F 6F 6D 73 64 61 79 20 4E 65 6D 65 73 69 73 3A 00 41 77 61 72 64 65 64 20 66 6F 72 20 67 72 65 61 74 20 68 65 6C 70 20 69 6E 20 74 68 65 20 62 61 74 74 6C 65 20 61 67 61 69 6E 73 74 20 47 61 7A 27 68 61 72 61 67 6F 74 68 2E 01 00 5A 0E 00 48 65 72 6F 20 6F 66 20 42 6F 75 6E 61 63 6A 00 59 6F 75 20 70 72 65 76 61 69 6C 65 64 20 64 75 72 69 6E 67 20 74 68 65 20 62 61 74 74 6C 65 20 6F 66 20 42 6F 75 6E 61 63 20 61 6E 64 20 62 72 6F 6B 65 20 74 68 65 20 73 69 65 67 65 20 74 68 61 74 20 68 65 6C 64 20 42 6F 75 6E 61 63 27 73 20 70 65 6F 70 6C 65 20 69 6E 20 69 74 73 20 66 69 72 6D 20 67 72 61 73 70 2E 01 00 5B 0D 00 4B 69 6E 67 20 6F 66 20 44 65 6D 6F 6E 1A 00 44 65 66 65 61 74 20 4D 6F 72 73 68 61 62 61 61 6C 20 35 20 74 69 6D 65 73 2E 01 00 5C 0A 00 50 6C 61 6E 65 67 61 7A 65 72 32 00 46 6F 6C 6C 6F 77 65 64 20 74 68 65 20 74 72 61 69 6C 20 6F 66 20 74 68 65 20 50 6C 61 6E 65 73 74 72 69 64 65 72 20 74 6F 20 74 68 65 20 65 6E 64 2E 01 00 5D 0E 00 54 69 6D 65 20 54 72 61 76 65 6C 6C 65 72 1A 00 41 6E 79 77 68 65 72 65 20 69 6E 20 74 69 6D 65 20 6F 72 20 73 70 61 63 65 2E 01 00 5E 0A 00 54 72 75 6C 79 20 42 6F 73 73 19 00 52 65 61 63 68 20 31 35 2C 30 30 30 20 62 6F 73 73 20 70 6F 69 6E 74 73 2E 01 00 5F 10 00 50 65 6E 73 69 76 65 20 57 61 6E 64 65 72 65 72 6A 00 59 6F 75 20 68 61 76 65 20 68 6F 6E 6F 75 72 65 64 20 74 68 65 20 4D 65 72 75 64 72 69 20 62 79 20 76 69 73 69 74 69 6E 67 20 61 6C 6C 20 6F 66 20 74 68 65 69 72 20 73 68 72 69 6E 65 73 20 61 6E 64 20 63 6F 6D 70 6C 65 74 69 6E 67 20 74 68 65 20 61 6E 63 69 65 6E 74 20 54 68 72 65 65 2D 46 6F 6C 64 20 50 61 74 68 2E 01 00 

LEN=6083 TYPE=11
DA 0B 00 00 5F 01 0C 00 47 6F 6C 64 20 48 6F 61 72 64 65 72 1F 00 45 61 72 6E 65 64 20 61 74 20 6C 65 61 73 74 20 31 2C 30 30 30 2C 30 30 30 20 67 6F 6C 64 2E 00 00 02 10 00 50 6C 61 74 69 6E 75 6D 20 48 6F 61 72 64 65 72 20 00 45 61 72 6E 65 64 20 61 74 20 6C 65 61 73 74 20 31 30 2C 30 30 30 2C 30 30 30 20 67 6F 6C 64 2E 00 00 03 0F 00 43 72 79 73 74 61 6C 20 48 6F 61 72 64 65 72 21 00 45 61 72 6E 65 64 20 61 74 20 6C 65 61 73 74 20 31 30 30 2C 30 30 30 2C 30 30 30 20 67 6F 6C 64 2E 00 00 04 16 00 42 65 61 73 74 73 74 72 69 64 65 72 20 28 47 72 61 64 65 20 31 29 1B 00 55 6E 6C 6F 63 6B 65 64 20 31 30 20 6F 72 20 6D 6F 72 65 20 4D 6F 75 6E 74 73 2E 01 00 05 16 00 42 65 61 73 74 73 74 72 69 64 65 72 20 28 47 72 61 64 65 20 32 29 1B 00 55 6E 6C 6F 63 6B 65 64 20 32 30 20 6F 72 20 6D 6F 72 65 20 4D 6F 75 6E 74 73 2E 01 00 06 16 00 42 65 61 73 74 73 74 72 69 64 65 72 20 28 47 72 61 64 65 20 33 29 1B 00 55 6E 6C 6F 63 6B 65 64 20 33 30 20 6F 72 20 6D 6F 72 65 20 4D 6F 75 6E 74 73 2E 01 00 07 16 00 42 65 61 73 74 73 74 72 69 64 65 72 20 28 47 72 61 64 65 20 34 29 1B 00 55 6E 6C 6F 63 6B 65 64 20 34 30 20 6F 72 20 6D 6F 72 65 20 4D 6F 75 6E 74 73 2E 01 00 08 16 00 42 65 61 73 74 73 74 72 69 64 65 72 20 28 47 72 61 64 65 20 35 29 1B 00 55 6E 6C 6F 63 6B 65 64 20 35 30 20 6F 72 20 6D 6F 72 65 20 4D 6F 75 6E 74 73 2E 01 00 09 1A 00 54 69 62 69 61 27 73 20 54 6F 70 6D 6F 64 65 6C 20 28 47 72 61 64 65 20 31 29 1C 00 55 6E 6C 6F 63 6B 65 64 20 31 30 20 6F 72 20 6D 6F 72 65 20 4F 75 74 66 69 74 73 2E 01 00 0A 1A 00 54 69 62 69 61 27 73 20 54 6F 70 6D 6F 64 65 6C 20 28 47 72 61 64 65 20 32 29 1C 00 55 6E 6C 6F 63 6B 65 64 20 32 30 20 6F 72 20 6D 6F 72 65 20 4F 75 74 66 69 74 73 2E 01 00 0B 1A 00 54 69 62 69 61 27 73 20 54 6F 70 6D 6F 64 65 6C 20 28 47 72 61 64 65 20 33 29 1C 00 55 6E 6C 6F 63 6B 65 64 20 33 30 20 6F 72 20 6D 6F 72 65 20 4F 75 74 66 69 74 73 2E 01 00 0C 1A 00 54 69 62 69 61 27 73 20 54 6F 70 6D 6F 64 65 6C 20 28 47 72 61 64 65 20 34 29 1C 00 55 6E 6C 6F 63 6B 65 64 20 34 30 20 6F 72 20 6D 6F 72 65 20 4F 75 74 66 69 74 73 2E 01 00 0D 1A 00 54 69 62 69 61 27 73 20 54 6F 70 6D 6F 64 65 6C 20 28 47 72 61 64 65 20 35 29 1C 00 55 6E 6C 6F 63 6B 65 64 20 35 30 20 6F 72 20 6D 6F 72 65 20 4F 75 74 66 69 74 73 2E 01 00 0E 0C 00 54 72 6F 6C 6C 74 72 61 73 68 65 72 11 00 52 65 61 63 68 65 64 20 6C 65 76 65 6C 20 35 30 2E 00 00 0F 0D 00 43 79 63 6C 6F 70 73 63 61 6D 70 65 72 12 00 52 65 61 63 68 65 64 20 6C 65 76 65 6C 20 31 30 30 2E 00 00 10 0C 00 44 72 61 67 6F 6E 64 6F 75 73 65 72 12 00 52 65 61 63 68 65 64 20 6C 65 76 65 6C 20 32 30 30 2E 00 00 11 09 00 44 65 6D 6F 6E 64 6F 6F 6D 12 00 52 65 61 63 68 65 64 20 6C 65 76 65 6C 20 33 30 30 2E 00 00 12 0A 00 44 72 61 6B 65 6E 62 61 6E 65 12 00 52 65 61 63 68 65 64 20 6C 65 76 65 6C 20 34 30 30 2E 00 00 13 08 00 53 69 6C 65 6E 63 65 72 12 00 52 65 61 63 68 65 64 20 6C 65 76 65 6C 20 35 30 30 2E 00 00 14 07 00 45 78 61 6C 74 65 64 13 00 52 65 61 63 68 65 64 20 6C 65 76 65 6C 20 31 30 30 30 2E 00 00 15 0D 00 41 70 65 78 20 50 72 65 64 61 74 6F 72 23 00 48 69 67 68 65 73 74 20 4C 65 76 65 6C 20 6F 6E 20 63 68 61 72 61 63 74 65 72 27 73 20 77 6F 72 6C 64 2E 00 00 16 08 00 42 69 67 20 42 6F 73 73 3E 00 48 69 67 68 65 73 74 20 73 63 6F 72 65 20 6F 66 20 61 63 63 75 6D 75 6C 61 74 65 64 20 62 6F 73 73 20 70 6F 69 6E 74 73 20 6F 6E 20 63 68 61 72 61 63 74 65 72 27 73 20 77 6F 72 6C 64 2E 00 00 17 12 00 4A 61 63 6B 20 6F 66 20 61 6C 6C 20 54 61 69 6E 74 73 47 00 48 69 67 68 65 73 74 20 73 63 6F 72 65 20 66 6F 72 20 6B 69 6C 6C 69 6E 67 20 47 6F 73 68 6E 61 72 20 61 6E 64 20 68 69 73 20 61 73 70 65 63 74 73 20 6F 6E 20 63 68 61 72 61 63 74 65 72 27 73 20 77 6F 72 6C 64 2E 00 00 18 11 00 4C 65 67 65 6E 64 20 6F 66 20 46 69 73 68 69 6E 67 2B 00 48 69 67 68 65 73 74 20 66 69 73 68 69 6E 67 20 6C 65 76 65 6C 20 6F 6E 20 63 68 61 72 61 63 74 65 72 27 73 20 77 6F 72 6C 64 2E 00 00 19 0F 00 4C 65 67 65 6E 64 20 6F 66 20 4D 61 67 69 63 29 00 48 69 67 68 65 73 74 20 6D 61 67 69 63 20 6C 65 76 65 6C 20 6F 6E 20 63 68 61 72 61 63 74 65 72 27 73 20 77 6F 72 6C 64 2E 00 00 1A 16 00 4C 65 67 65 6E 64 20 6F 66 20 4D 61 72 6B 73 6D 61 6E 73 68 69 70 2C 00 48 69 67 68 65 73 74 20 64 69 73 74 61 6E 63 65 20 6C 65 76 65 6C 20 6F 6E 20 63 68 61 72 61 63 74 65 72 27 73 20 77 6F 72 6C 64 2E 00 00 1B 11 00 4C 65 67 65 6E 64 20 6F 66 20 74 68 65 20 41 78 65 27 00 48 69 67 68 65 73 74 20 61 78 65 20 6C 65 76 65 6C 20 6F 6E 20 63 68 61 72 61 63 74 65 72 27 73 20 77 6F 72 6C 64 2E 00 00 1C 12 00 4C 65 67 65 6E 64 20 6F 66 20 74 68 65 20 43 6C 75 62 28 00 48 69 67 68 65 73 74 20 63 6C 75 62 20 6C 65 76 65 6C 20 6F 6E 20 63 68 61 72 61 63 74 65 72 27 73 20 77 6F 72 6C 64 2E 00 00 1D 12 00 4C 65 67 65 6E 64 20 6F 66 20 74 68 65 20 46 69 73 74 28 00 48 69 67 68 65 73 74 20 66 69 73 74 20 6C 65 76 65 6C 20 6F 6E 20 63 68 61 72 61 63 74 65 72 27 73 20 77 6F 72 6C 64 2E 00 00 1E 14 00 4C 65 67 65 6E 64 20 6F 66 20 74 68 65 20 53 68 69 65 6C 64 2D 00 48 69 67 68 65 73 74 20 73 68 69 65 6C 64 69 6E 67 20 6C 65 76 65 6C 20 6F 6E 20 63 68 61 72 61 63 74 65 72 27 73 20 77 6F 72 6C 64 2E 00 00 1F 13 00 4C 65 67 65 6E 64 20 6F 66 20 74 68 65 20 53 77 6F 72 64 29 00 48 69 67 68 65 73 74 20 73 77 6F 72 64 20 6C 65 76 65 6C 20 6F 6E 20 63 68 61 72 61 63 74 65 72 27 73 20 77 6F 72 6C 64 2E 00 00 20 0F 00 50 72 69 6E 63 65 20 43 68 61 72 6D 69 6E 67 3F 00 48 69 67 68 65 73 74 20 73 63 6F 72 65 20 6F 66 20 61 63 63 75 6D 75 6C 61 74 65 64 20 63 68 61 72 6D 20 70 6F 69 6E 74 73 20 6F 6E 20 63 68 61 72 61 63 74 65 72 27 73 20 77 6F 72 6C 64 2E 00 00 21 17 00 52 65 69 67 6E 69 6E 67 20 44 72 6F 6D 65 20 43 68 61 6D 70 69 6F 6E 39 00 46 69 6E 69 73 68 65 64 20 6D 6F 73 74 20 72 65 63 65 6E 74 20 54 69 62 69 61 64 72 6F 6D 65 20 72 6F 74 61 20 72 61 6E 6B 65 64 20 69 6E 20 74 68 65 20 74 6F 70 20 35 2E 00 00 22 0A 00 42 69 70 65 64 61 6E 74 69 63 27 00 55 6E 6C 6F 63 6B 65 64 20 41 6C 6C 20 48 75 6D 61 6E 6F 69 64 20 42 65 73 74 69 61 72 79 20 65 6E 74 72 69 65 73 2E 00 00 23 11 00 42 6C 6F 6F 64 20 4D 6F 6F 6E 20 48 75 6E 74 65 72 2A 00 55 6E 6C 6F 63 6B 65 64 20 41 6C 6C 20 4C 79 63 61 6E 74 68 72 6F 70 65 20 42 65 73 74 69 61 72 79 20 65 6E 74 72 69 65 73 2E 00 00 24 0B 00 43 6F 6C 64 62 6C 6F 6F 64 65 64 27 00 55 6E 6C 6F 63 6B 65 64 20 41 6C 6C 20 41 6D 70 68 69 62 69 63 20 42 65 73 74 69 61 72 79 20 65 6E 74 72 69 65 73 2E 00 00 25 10 00 44 65 61 74 68 20 66 72 6F 6D 20 42 65 6C 6F 77 23 00 55 6E 6C 6F 63 6B 65 64 20 61 6C 6C 20 42 69 72 64 20 42 65 73 74 69 61 72 79 20 65 6E 74 72 69 65 73 2E 00 00 26 09 00 44 65 6D 6F 6E 61 74 6F 72 24 00 55 6E 6C 6F 63 6B 65 64 20 61 6C 6C 20 44 65 6D 6F 6E 20 42 65 73 74 69 61 72 79 20 65 6E 74 72 69 65 73 2E 00 00 27 0C 00 44 72 61 67 6F 6E 73 6C 61 79 65 72 25 00 55 6E 6C 6F 63 6B 65 64 20 61 6C 6C 20 44 72 61 67 6F 6E 20 42 65 73 74 69 61 72 79 20 65 6E 74 72 69 65 73 2E 00 00 28 0C 00 45 6C 65 6D 65 6E 74 61 6C 69 73 74 28 00 55 6E 6C 6F 63 6B 65 64 20 61 6C 6C 20 45 6C 65 6D 65 6E 74 61 6C 20 42 65 73 74 69 61 72 79 20 65 6E 74 72 69 65 73 2E 00 00 29 0C 00 45 78 74 65 72 6D 69 6E 61 74 6F 72 25 00 55 6E 6C 6F 63 6B 65 64 20 61 6C 6C 20 56 65 72 6D 69 6E 20 42 65 73 74 69 61 72 79 20 65 6E 74 72 69 65 73 2E 00 00 2A 0B 00 46 65 79 20 53 77 61 74 74 65 72 22 00 55 6E 6C 6F 63 6B 65 64 20 61 6C 6C 20 46 65 79 20 42 65 73 74 69 61 72 79 20 65 6E 74 72 69 65 73 2E 00 00 2B 0B 00 47 68 6F 73 74 68 75 6E 74 65 72 25 00 55 6E 6C 6F 63 6B 65 64 20 61 6C 6C 20 55 6E 64 65 61 64 20 42 65 73 74 69 61 72 79 20 65 6E 74 72 69 65 73 2E 00 00 2C 08 00 48 61 6E 64 79 6D 61 6E 28 00 55 6E 6C 6F 63 6B 65 64 20 61 6C 6C 20 43 6F 6E 73 74 72 75 63 74 20 42 65 73 74 69 61 72 79 20 65 6E 74 72 69 65 73 2E 00 00 2D 08 00 48 75 6E 74 73 6D 61 6E 25 00 55 6E 6C 6F 63 6B 65 64 20 61 6C 6C 20 4D 61 6D 6D 61 6C 20 42 65 73 74 69 61 72 79 20 65 6E 74 72 69 65 73 2E 00 00 2E 1A 00 49 6E 74 65 72 64 69 6D 65 6E 73 69 6F 6E 61 6C 20 44 65 73 74 72 6F 79 65 72 30 00 55 6E 6C 6F 63 6B 65 64 20 61 6C 6C 20 45 78 74 72 61 20 44 69 6D 65 6E 73 69 6F 6E 61 6C 20 42 65 73 74 69 61 72 79 20 65 6E 74 72 69 65 73 2E 00 00 2F 09 00 4D 61 6E 68 75 6E 74 65 72 24 00 55 6E 6C 6F 63 6B 65 64 20 61 6C 6C 20 48 75 6D 61 6E 20 42 65 73 74 69 61 72 79 20 65 6E 74 72 69 65 73 2E 00 00 30 12 00 4D 61 73 74 65 72 20 6F 66 20 49 6C 6C 75 73 69 6F 6E 26 00 55 6E 6C 6F 63 6B 65 64 20 61 6C 6C 20 4D 61 67 69 63 61 6C 20 42 65 73 74 69 61 72 79 20 65 6E 74 72 69 65 73 2E 00 00 31 0A 00 4F 6F 7A 65 20 42 6C 75 65 73 24 00 55 6E 6C 6F 63 6B 65 64 20 61 6C 6C 20 53 6C 69 6D 65 20 42 65 73 74 69 61 72 79 20 65 6E 74 72 69 65 73 2E 00 00 32 08 00 53 65 61 20 42 61 6E 65 26 00 55 6E 6C 6F 63 6B 65 64 20 61 6C 6C 20 41 71 75 61 74 69 63 20 42 65 73 74 69 61 72 79 20 65 6E 74 72 69 65 73 2E 00 00 33 0D 00 53 6E 61 6B 65 20 43 68 61 72 6D 65 72 26 00 55 6E 6C 6F 63 6B 65 64 20 61 6C 6C 20 52 65 70 74 69 6C 65 20 42 65 73 74 69 61 72 79 20 65 6E 74 72 69 65 73 2E 00 00 34 07 00 54 75 6D 62 6C 65 72 24 00 55 6E 6C 6F 63 6B 65 64 20 61 6C 6C 20 47 69 61 6E 74 20 42 65 73 74 69 61 72 79 20 65 6E 74 72 69 65 73 2E 00 00 35 0A 00 57 65 65 64 6B 69 6C 6C 65 72 24 00 55 6E 6C 6F 63 6B 65 64 20 61 6C 6C 20 50 6C 61 6E 74 20 42 65 73 74 69 61 72 79 20 65 6E 74 72 69 65 73 2E 00 00 36 0A 00 49 6E 6B 20 45 72 61 73 65 72 26 00 55 6E 6C 6F 63 6B 65 64 20 61 6C 6C 20 49 6E 6B 62 6F 72 6E 20 42 65 73 74 69 61 72 79 20 65 6E 74 72 69 65 73 2E 00 00 37 0B 00 45 78 65 63 75 74 69 6F 6E 65 72 1E 00 55 6E 6C 6F 63 6B 65 64 20 61 6C 6C 20 42 65 73 74 69 61 72 79 20 65 6E 74 72 69 65 73 2E 00 00 38 10 00 42 6F 73 73 20 41 6E 6E 69 68 69 6C 61 74 6F 72 1C 00 55 6E 6C 6F 63 6B 65 64 20 61 6C 6C 20 4E 65 6D 65 73 69 73 20 62 6F 73 73 65 73 2E 00 00 39 0E 00 42 6F 73 73 20 44 65 73 74 72 6F 79 65 72 23 00 55 6E 6C 6F 63 6B 65 64 20 31 30 20 6F 72 20 6D 6F 72 65 20 41 72 63 68 66 6F 65 20 62 6F 73 73 65 73 2E 01 00 3A 0F 00 42 6F 73 73 20 44 65 76 61 73 74 61 74 6F 72 23 00 55 6E 6C 6F 63 6B 65 64 20 31 30 20 6F 72 20 6D 6F 72 65 20 4E 65 6D 65 73 69 73 20 62 6F 73 73 65 73 2E 01 00 3B 0B 00 42 6F 73 73 20 45 72 61 73 65 72 1C 00 55 6E 6C 6F 63 6B 65 64 20 61 6C 6C 20 41 72 63 68 66 6F 65 20 62 6F 73 73 65 73 2E 00 00 3C 10 00 42 6F 73 73 20 45 78 65 63 75 74 69 6F 6E 65 72 14 00 55 6E 6C 6F 63 6B 65 64 20 61 6C 6C 20 62 6F 73 73 65 73 2E 00 00 3D 0B 00 42 6F 73 73 20 48 75 6E 74 65 72 20 00 55 6E 6C 6F 63 6B 65 64 20 31 30 20 6F 72 20 6D 6F 72 65 20 42 61 6E 65 20 62 6F 73 73 65 73 2E 01 00 3E 10 00 42 6F 73 73 20 4F 62 6C 69 74 65 72 61 74 6F 72 23 00 55 6E 6C 6F 63 6B 65 64 20 34 30 20 6F 72 20 6D 6F 72 65 20 4E 65 6D 65 73 69 73 20 62 6F 73 73 65 73 2E 01 00 3F 0B 00 42 6F 73 73 20 53 6C 61 79 65 72 19 00 55 6E 6C 6F 63 6B 65 64 20 61 6C 6C 20 42 61 6E 65 20 62 6F 73 73 65 73 2E 00 00 40 0B 00 42 6F 73 73 20 53 6D 69 74 65 72 23 00 55 6E 6C 6F 63 6B 65 64 20 34 30 20 6F 72 20 6D 6F 72 65 20 41 72 63 68 66 6F 65 20 62 6F 73 73 65 73 2E 01 00 41 0C 00 42 6F 73 73 20 56 65 74 65 72 61 6E 20 00 55 6E 6C 6F 63 6B 65 64 20 34 30 20 6F 72 20 6D 6F 72 65 20 42 61 6E 65 20 62 6F 73 73 65 73 2E 01 00 42 1B 00 43 72 65 61 74 75 72 65 20 6F 66 20 48 61 62 69 74 20 28 47 72 61 64 65 20 31 29 37 00 52 65 77 61 72 64 20 53 74 72 65 61 6B 20 6F 66 20 61 74 20 6C 65 61 73 74 20 37 20 64 61 79 73 20 6F 66 20 63 6F 6E 73 65 63 75 74 69 76 65 20 6C 6F 67 69 6E 73 2E 01 00 43 1B 00 43 72 65 61 74 75 72 65 20 6F 66 20 48 61 62 69 74 20 28 47 72 61 64 65 20 32 29 38 00 52 65 77 61 72 64 20 53 74 72 65 61 6B 20 6F 66 20 61 74 20 6C 65 61 73 74 20 33 30 20 64 61 79 73 20 6F 66 20 63 6F 6E 73 65 63 75 74 69 76 65 20 6C 6F 67 69 6E 73 2E 01 00 44 1B 00 43 72 65 61 74 75 72 65 20 6F 66 20 48 61 62 69 74 20 28 47 72 61 64 65 20 33 29 38 00 52 65 77 61 72 64 20 53 74 72 65 61 6B 20 6F 66 20 61 74 20 6C 65 61 73 74 20 39 30 20 64 61 79 73 20 6F 66 20 63 6F 6E 73 65 63 75 74 69 76 65 20 6C 6F 67 69 6E 73 2E 01 00 45 1B 00 43 72 65 61 74 75 72 65 20 6F 66 20 48 61 62 69 74 20 28 47 72 61 64 65 20 34 29 39 00 52 65 77 61 72 64 20 53 74 72 65 61 6B 20 6F 66 20 61 74 20 6C 65 61 73 74 20 31 38 30 20 64 61 79 73 20 6F 66 20 63 6F 6E 73 65 63 75 74 69 76 65 20 6C 6F 67 69 6E 73 2E 01 00 46 1B 00 43 72 65 61 74 75 72 65 20 6F 66 20 48 61 62 69 74 20 28 47 72 61 64 65 20 35 29 39 00 52 65 77 61 72 64 20 53 74 72 65 61 6B 20 6F 66 20 61 74 20 6C 65 61 73 74 20 33 36 35 20 64 61 79 73 20 6F 66 20 63 6F 6E 73 65 63 75 74 69 76 65 20 6C 6F 67 69 6E 73 2E 01 00 47 11 00 41 73 70 69 72 69 6E 67 20 48 75 6E 74 73 6D 61 6E 1E 00 49 6E 76 65 73 74 65 64 20 31 36 30 2C 30 30 30 20 74 61 73 6B 73 20 70 6F 69 6E 74 73 2E 01 00 48 15 00 43 6F 6D 70 65 74 65 6E 74 20 42 65 61 73 74 73 6C 61 79 65 72 1E 00 49 6E 76 65 73 74 65 64 20 33 32 30 2C 30 30 30 20 74 61 73 6B 73 20 70 6F 69 6E 74 73 2E 01 00 49 13 00 46 65 61 72 65 64 20 42 6F 75 6E 74 79 68 75 6E 74 65 72 1E 00 49 6E 76 65 73 74 65 64 20 34 33 30 2C 30 30 30 20 74 61 73 6B 73 20 70 6F 69 6E 74 73 2E 01 00 4A 16 00 44 65 64 69 63 61 74 65 64 20 45 6E 74 72 65 70 72 65 6E 65 75 72 22 00 45 78 70 6C 6F 72 65 64 20 35 30 25 20 6F 66 20 61 6C 6C 20 74 68 65 20 6D 61 70 20 61 72 65 61 73 2E 00 00 4B 0C 00 47 6C 6F 62 65 74 72 6F 74 74 65 72 17 00 45 78 70 6C 6F 72 65 64 20 61 6C 6C 20 6D 61 70 20 61 72 65 61 73 2E 00 00 4C 0C 00 47 75 69 6C 64 20 4C 65 61 64 65 72 10 00 4C 65 61 64 69 6E 67 20 61 20 47 75 69 6C 64 2E 00 00 4D 14 00 50 72 6F 63 6F 6E 73 75 6C 20 6F 66 20 49 6B 73 75 70 61 6E 6F 00 4F 6E 6C 79 20 61 20 74 72 75 65 20 64 65 76 6F 74 65 65 20 74 6F 20 74 68 65 20 63 61 75 73 65 20 6F 66 20 74 68 65 20 61 6E 63 69 65 6E 74 20 49 6B 73 20 61 6E 64 20 74 68 65 69 72 20 6C 6F 73 74 20 6C 65 67 61 63 79 20 6D 61 79 20 73 74 65 70 20 75 70 20 74 6F 20 74 68 65 20 72 61 6E 6B 20 6F 66 20 70 72 6F 63 6F 6E 73 75 6C 2E 01 00 4E 14 00 41 64 6D 69 72 65 72 20 6F 66 20 74 68 65 20 43 72 6F 77 6E 20 00 41 64 6A 75 73 74 20 79 6F 75 72 20 63 72 6F 77 6E 20 61 6E 64 20 68 61 6E 64 6C 65 20 69 74 2E 01 00 4F 0B 00 42 69 67 20 53 70 65 6E 64 65 72 20 00 55 6E 6C 6F 63 6B 65 64 20 74 68 65 20 66 75 6C 6C 20 47 6F 6C 64 65 6E 20 4F 75 74 66 69 74 2E 01 00 50 15 00 43 68 61 6C 6C 65 6E 67 65 72 20 6F 66 20 74 68 65 20 49 6B 73 48 00 43 68 61 6C 6C 65 6E 67 65 64 20 41 68 61 75 2C 20 67 75 61 72 64 69 61 6E 20 6F 66 20 49 6B 73 75 70 61 6E 2C 20 69 6E 20 74 72 61 64 69 74 69 6F 6E 61 6C 20 49 6B 73 20 77 61 72 72 69 6F 72 20 61 74 74 69 72 65 2E 01 00 51 17 00 52 6F 79 61 6C 20 42 6F 75 6E 61 63 65 61 6E 20 41 64 76 69 73 6F 72 3B 00 43 61 6C 6C 65 64 20 74 6F 20 74 68 65 20 63 6F 75 72 74 20 6F 66 20 42 6F 75 6E 61 63 20 62 79 20 4B 65 73 61 72 20 74 68 65 20 59 6F 75 6E 67 65 72 20 68 69 6D 73 65 6C 66 2E 01 00 52 08 00 41 65 74 65 72 6E 61 6C 51 00 41 77 61 72 64 65 64 20 65 78 63 6C 75 73 69 76 65 6C 79 20 74 6F 20 73 74 61 6C 77 61 72 74 20 68 65 72 6F 65 73 20 6B 65 65 70 69 6E 67 20 74 68 65 20 66 61 69 74 68 20 75 6E 64 65 72 20 61 6C 6C 20 63 69 72 63 75 6D 73 74 61 6E 63 65 73 2E 01 00 53 0F 00 52 6F 62 69 6E 73 6F 6E 20 43 72 75 73 6F 65 75 00 53 6F 6D 65 20 64 69 73 63 6F 76 65 72 69 65 73 20 61 72 65 20 72 65 73 65 72 76 65 64 20 74 6F 20 6F 6E 6C 79 20 74 68 65 20 6D 6F 73 74 20 65 78 70 65 72 69 65 6E 63 65 64 20 61 64 76 65 6E 74 75 72 65 72 73 2E 20 55 6E 74 69 6C 20 74 68 65 20 6E 65 78 74 20 66 72 6F 6E 74 69 65 72 20 6F 70 65 6E 73 20 6F 6E 20 74 68 65 20 68 6F 72 69 7A 6F 6E 2E 01 00 54 0C 00 43 68 6F 6D 70 6D 65 69 73 74 65 72 56 00 41 77 61 72 64 65 64 20 6F 6E 6C 79 20 74 6F 20 74 72 75 65 20 63 6F 6E 6E 6F 69 73 73 65 75 72 73 20 75 6E 64 65 72 74 61 6B 69 6E 67 20 65 76 65 6E 20 74 68 65 20 6D 6F 73 74 20 65 78 6F 74 69 63 20 63 75 6C 69 6E 61 72 79 20 65 73 63 61 70 61 64 65 73 2E 01 00 55 0F 00 42 72 69 6E 67 65 72 20 6F 66 20 52 61 69 6E 3A 00 46 6F 72 67 69 6E 67 20 74 68 72 6F 75 67 68 20 62 61 74 74 6C 65 20 61 66 74 65 72 20 62 61 74 74 6C 65 20 6C 69 6B 65 20 61 20 74 72 75 65 20 67 6C 61 64 69 61 74 6F 72 2E 01 00 56 07 00 42 65 61 73 74 6C 79 29 00 52 65 61 63 68 65 64 20 32 30 30 30 20 63 68 61 72 6D 20 70 6F 69 6E 74 73 2E 20 51 75 69 74 65 20 62 65 61 73 74 6C 79 21 01 00 57 0F 00 4D 69 64 6E 69 67 68 74 20 48 75 6E 74 65 72 42 00 57 68 65 6E 20 74 68 65 20 68 75 6E 74 65 72 20 62 65 63 6F 6D 65 73 20 74 68 65 20 68 75 6E 74 65 64 2C 20 70 65 72 73 65 76 65 72 61 6E 63 65 20 64 65 63 69 64 65 73 20 74 68 65 20 67 61 6D 65 2E 01 00 58 09 00 52 61 74 69 6E 61 74 6F 72 5B 00 4B 69 6C 6C 69 6E 67 20 73 6F 6D 65 20 73 6E 61 72 6B 79 20 63 61 76 65 20 72 61 74 73 20 69 73 20 68 65 6C 70 66 75 6C 2C 20 6B 69 6C 6C 69 6E 67 20 6F 76 65 72 20 74 65 6E 20 74 68 6F 75 73 61 6E 64 20 6F 66 20 74 68 65 6D 20 69 73 20 61 20 73 74 61 74 65 6D 65 6E 74 2E 01 00 59 10 00 44 6F 6F 6D 73 64 61 79 20 4E 65 6D 65 73 69 73 3A 00 41 77 61 72 64 65 64 20 66 6F 72 20 67 72 65 61 74 20 68 65 6C 70 20 69 6E 20 74 68 65 20 62 61 74 74 6C 65 20 61 67 61 69 6E 73 74 20 47 61 7A 27 68 61 72 61 67 6F 74 68 2E 01 00 5A 0E 00 48 65 72 6F 20 6F 66 20 42 6F 75 6E 61 63 6A 00 59 6F 75 20 70 72 65 76 61 69 6C 65 64 20 64 75 72 69 6E 67 20 74 68 65 20 62 61 74 74 6C 65 20 6F 66 20 42 6F 75 6E 61 63 20 61 6E 64 20 62 72 6F 6B 65 20 74 68 65 20 73 69 65 67 65 20 74 68 61 74 20 68 65 6C 64 20 42 6F 75 6E 61 63 27 73 20 70 65 6F 70 6C 65 20 69 6E 20 69 74 73 20 66 69 72 6D 20 67 72 61 73 70 2E 01 00 5B 0D 00 4B 69 6E 67 20 6F 66 20 44 65 6D 6F 6E 1A 00 44 65 66 65 61 74 20 4D 6F 72 73 68 61 62 61 61 6C 20 35 20 74 69 6D 65 73 2E 01 00 5C 0A 00 50 6C 61 6E 65 67 61 7A 65 72 32 00 46 6F 6C 6C 6F 77 65 64 20 74 68 65 20 74 72 61 69 6C 20 6F 66 20 74 68 65 20 50 6C 61 6E 65 73 74 72 69 64 65 72 20 74 6F 20 74 68 65 20 65 6E 64 2E 01 00 5D 0E 00 54 69 6D 65 20 54 72 61 76 65 6C 6C 65 72 1A 00 41 6E 79 77 68 65 72 65 20 69 6E 20 74 69 6D 65 20 6F 72 20 73 70 61 63 65 2E 01 00 5E 0A 00 54 72 75 6C 79 20 42 6F 73 73 19 00 52 65 61 63 68 20 31 35 2C 30 30 30 20 62 6F 73 73 20 70 6F 69 6E 74 73 2E 01 00 5F 10 00 50 65 6E 73 69 76 65 20 57 61 6E 64 65 72 65 72 6A 00 59 6F 75 20 68 61 76 65 20 68 6F 6E 6F 75 72 65 64 20 74 68 65 20 4D 65 72 75 64 72 69 20 62 79 20 76 69 73 69 74 69 6E 67 20 61 6C 6C 20 6F 66 20 74 68 65 69 72 20 73 68 72 69 6E 65 73 20 61 6E 64 20 63 6F 6D 70 6C 65 74 69 6E 67 20 74 68 65 20 61 6E 63 69 65 6E 74 20 54 68 72 65 65 2D 46 6F 6C 64 20 50 61 74 68 2E 01 00 

LEN=6083 TYPE=11
DA 0B 00 00 5F 01 0C 00 47 6F 6C 64 20 48 6F 61 72 64 65 72 1F 00 45 61 72 6E 65 64 20 61 74 20 6C 65 61 73 74 20 31 2C 30 30 30 2C 30 30 30 20 67 6F 6C 64 2E 00 00 02 10 00 50 6C 61 74 69 6E 75 6D 20 48 6F 61 72 64 65 72 20 00 45 61 72 6E 65 64 20 61 74 20 6C 65 61 73 74 20 31 30 2C 30 30 30 2C 30 30 30 20 67 6F 6C 64 2E 00 00 03 0F 00 43 72 79 73 74 61 6C 20 48 6F 61 72 64 65 72 21 00 45 61 72 6E 65 64 20 61 74 20 6C 65 61 73 74 20 31 30 30 2C 30 30 30 2C 30 30 30 20 67 6F 6C 64 2E 00 00 04 16 00 42 65 61 73 74 73 74 72 69 64 65 72 20 28 47 72 61 64 65 20 31 29 1B 00 55 6E 6C 6F 63 6B 65 64 20 31 30 20 6F 72 20 6D 6F 72 65 20 4D 6F 75 6E 74 73 2E 01 00 05 16 00 42 65 61 73 74 73 74 72 69 64 65 72 20 28 47 72 61 64 65 20 32 29 1B 00 55 6E 6C 6F 63 6B 65 64 20 32 30 20 6F 72 20 6D 6F 72 65 20 4D 6F 75 6E 74 73 2E 01 00 06 16 00 42 65 61 73 74 73 74 72 69 64 65 72 20 28 47 72 61 64 65 20 33 29 1B 00 55 6E 6C 6F 63 6B 65 64 20 33 30 20 6F 72 20 6D 6F 72 65 20 4D 6F 75 6E 74 73 2E 01 00 07 16 00 42 65 61 73 74 73 74 72 69 64 65 72 20 28 47 72 61 64 65 20 34 29 1B 00 55 6E 6C 6F 63 6B 65 64 20 34 30 20 6F 72 20 6D 6F 72 65 20 4D 6F 75 6E 74 73 2E 01 00 08 16 00 42 65 61 73 74 73 74 72 69 64 65 72 20 28 47 72 61 64 65 20 35 29 1B 00 55 6E 6C 6F 63 6B 65 64 20 35 30 20 6F 72 20 6D 6F 72 65 20 4D 6F 75 6E 74 73 2E 01 00 09 1A 00 54 69 62 69 61 27 73 20 54 6F 70 6D 6F 64 65 6C 20 28 47 72 61 64 65 20 31 29 1C 00 55 6E 6C 6F 63 6B 65 64 20 31 30 20 6F 72 20 6D 6F 72 65 20 4F 75 74 66 69 74 73 2E 01 00 0A 1A 00 54 69 62 69 61 27 73 20 54 6F 70 6D 6F 64 65 6C 20 28 47 72 61 64 65 20 32 29 1C 00 55 6E 6C 6F 63 6B 65 64 20 32 30 20 6F 72 20 6D 6F 72 65 20 4F 75 74 66 69 74 73 2E 01 00 0B 1A 00 54 69 62 69 61 27 73 20 54 6F 70 6D 6F 64 65 6C 20 28 47 72 61 64 65 20 33 29 1C 00 55 6E 6C 6F 63 6B 65 64 20 33 30 20 6F 72 20 6D 6F 72 65 20 4F 75 74 66 69 74 73 2E 01 00 0C 1A 00 54 69 62 69 61 27 73 20 54 6F 70 6D 6F 64 65 6C 20 28 47 72 61 64 65 20 34 29 1C 00 55 6E 6C 6F 63 6B 65 64 20 34 30 20 6F 72 20 6D 6F 72 65 20 4F 75 74 66 69 74 73 2E 01 00 0D 1A 00 54 69 62 69 61 27 73 20 54 6F 70 6D 6F 64 65 6C 20 28 47 72 61 64 65 20 35 29 1C 00 55 6E 6C 6F 63 6B 65 64 20 35 30 20 6F 72 20 6D 6F 72 65 20 4F 75 74 66 69 74 73 2E 01 00 0E 0C 00 54 72 6F 6C 6C 74 72 61 73 68 65 72 11 00 52 65 61 63 68 65 64 20 6C 65 76 65 6C 20 35 30 2E 00 00 0F 0D 00 43 79 63 6C 6F 70 73 63 61 6D 70 65 72 12 00 52 65 61 63 68 65 64 20 6C 65 76 65 6C 20 31 30 30 2E 00 00 10 0C 00 44 72 61 67 6F 6E 64 6F 75 73 65 72 12 00 52 65 61 63 68 65 64 20 6C 65 76 65 6C 20 32 30 30 2E 00 00 11 09 00 44 65 6D 6F 6E 64 6F 6F 6D 12 00 52 65 61 63 68 65 64 20 6C 65 76 65 6C 20 33 30 30 2E 00 00 12 0A 00 44 72 61 6B 65 6E 62 61 6E 65 12 00 52 65 61 63 68 65 64 20 6C 65 76 65 6C 20 34 30 30 2E 00 00 13 08 00 53 69 6C 65 6E 63 65 72 12 00 52 65 61 63 68 65 64 20 6C 65 76 65 6C 20 35 30 30 2E 00 00 14 07 00 45 78 61 6C 74 65 64 13 00 52 65 61 63 68 65 64 20 6C 65 76 65 6C 20 31 30 30 30 2E 00 00 15 0D 00 41 70 65 78 20 50 72 65 64 61 74 6F 72 23 00 48 69 67 68 65 73 74 20 4C 65 76 65 6C 20 6F 6E 20 63 68 61 72 61 63 74 65 72 27 73 20 77 6F 72 6C 64 2E 00 00 16 08 00 42 69 67 20 42 6F 73 73 3E 00 48 69 67 68 65 73 74 20 73 63 6F 72 65 20 6F 66 20 61 63 63 75 6D 75 6C 61 74 65 64 20 62 6F 73 73 20 70 6F 69 6E 74 73 20 6F 6E 20 63 68 61 72 61 63 74 65 72 27 73 20 77 6F 72 6C 64 2E 00 00 17 12 00 4A 61 63 6B 20 6F 66 20 61 6C 6C 20 54 61 69 6E 74 73 47 00 48 69 67 68 65 73 74 20 73 63 6F 72 65 20 66 6F 72 20 6B 69 6C 6C 69 6E 67 20 47 6F 73 68 6E 61 72 20 61 6E 64 20 68 69 73 20 61 73 70 65 63 74 73 20 6F 6E 20 63 68 61 72 61 63 74 65 72 27 73 20 77 6F 72 6C 64 2E 00 00 18 11 00 4C 65 67 65 6E 64 20 6F 66 20 46 69 73 68 69 6E 67 2B 00 48 69 67 68 65 73 74 20 66 69 73 68 69 6E 67 20 6C 65 76 65 6C 20 6F 6E 20 63 68 61 72 61 63 74 65 72 27 73 20 77 6F 72 6C 64 2E 00 00 19 0F 00 4C 65 67 65 6E 64 20 6F 66 20 4D 61 67 69 63 29 00 48 69 67 68 65 73 74 20 6D 61 67 69 63 20 6C 65 76 65 6C 20 6F 6E 20 63 68 61 72 61 63 74 65 72 27 73 20 77 6F 72 6C 64 2E 00 00 1A 16 00 4C 65 67 65 6E 64 20 6F 66 20 4D 61 72 6B 73 6D 61 6E 73 68 69 70 2C 00 48 69 67 68 65 73 74 20 64 69 73 74 61 6E 63 65 20 6C 65 76 65 6C 20 6F 6E 20 63 68 61 72 61 63 74 65 72 27 73 20 77 6F 72 6C 64 2E 00 00 1B 11 00 4C 65 67 65 6E 64 20 6F 66 20 74 68 65 20 41 78 65 27 00 48 69 67 68 65 73 74 20 61 78 65 20 6C 65 76 65 6C 20 6F 6E 20 63 68 61 72 61 63 74 65 72 27 73 20 77 6F 72 6C 64 2E 00 00 1C 12 00 4C 65 67 65 6E 64 20 6F 66 20 74 68 65 20 43 6C 75 62 28 00 48 69 67 68 65 73 74 20 63 6C 75 62 20 6C 65 76 65 6C 20 6F 6E 20 63 68 61 72 61 63 74 65 72 27 73 20 77 6F 72 6C 64 2E 00 00 1D 12 00 4C 65 67 65 6E 64 20 6F 66 20 74 68 65 20 46 69 73 74 28 00 48 69 67 68 65 73 74 20 66 69 73 74 20 6C 65 76 65 6C 20 6F 6E 20 63 68 61 72 61 63 74 65 72 27 73 20 77 6F 72 6C 64 2E 00 00 1E 14 00 4C 65 67 65 6E 64 20 6F 66 20 74 68 65 20 53 68 69 65 6C 64 2D 00 48 69 67 68 65 73 74 20 73 68 69 65 6C 64 69 6E 67 20 6C 65 76 65 6C 20 6F 6E 20 63 68 61 72 61 63 74 65 72 27 73 20 77 6F 72 6C 64 2E 00 00 1F 13 00 4C 65 67 65 6E 64 20 6F 66 20 74 68 65 20 53 77 6F 72 64 29 00 48 69 67 68 65 73 74 20 73 77 6F 72 64 20 6C 65 76 65 6C 20 6F 6E 20 63 68 61 72 61 63 74 65 72 27 73 20 77 6F 72 6C 64 2E 00 00 20 0F 00 50 72 69 6E 63 65 20 43 68 61 72 6D 69 6E 67 3F 00 48 69 67 68 65 73 74 20 73 63 6F 72 65 20 6F 66 20 61 63 63 75 6D 75 6C 61 74 65 64 20 63 68 61 72 6D 20 70 6F 69 6E 74 73 20 6F 6E 20 63 68 61 72 61 63 74 65 72 27 73 20 77 6F 72 6C 64 2E 00 00 21 17 00 52 65 69 67 6E 69 6E 67 20 44 72 6F 6D 65 20 43 68 61 6D 70 69 6F 6E 39 00 46 69 6E 69 73 68 65 64 20 6D 6F 73 74 20 72 65 63 65 6E 74 20 54 69 62 69 61 64 72 6F 6D 65 20 72 6F 74 61 20 72 61 6E 6B 65 64 20 69 6E 20 74 68 65 20 74 6F 70 20 35 2E 00 00 22 0A 00 42 69 70 65 64 61 6E 74 69 63 27 00 55 6E 6C 6F 63 6B 65 64 20 41 6C 6C 20 48 75 6D 61 6E 6F 69 64 20 42 65 73 74 69 61 72 79 20 65 6E 74 72 69 65 73 2E 00 00 23 11 00 42 6C 6F 6F 64 20 4D 6F 6F 6E 20 48 75 6E 74 65 72 2A 00 55 6E 6C 6F 63 6B 65 64 20 41 6C 6C 20 4C 79 63 61 6E 74 68 72 6F 70 65 20 42 65 73 74 69 61 72 79 20 65 6E 74 72 69 65 73 2E 00 00 24 0B 00 43 6F 6C 64 62 6C 6F 6F 64 65 64 27 00 55 6E 6C 6F 63 6B 65 64 20 41 6C 6C 20 41 6D 70 68 69 62 69 63 20 42 65 73 74 69 61 72 79 20 65 6E 74 72 69 65 73 2E 00 00 25 10 00 44 65 61 74 68 20 66 72 6F 6D 20 42 65 6C 6F 77 23 00 55 6E 6C 6F 63 6B 65 64 20 61 6C 6C 20 42 69 72 64 20 42 65 73 74 69 61 72 79 20 65 6E 74 72 69 65 73 2E 00 00 26 09 00 44 65 6D 6F 6E 61 74 6F 72 24 00 55 6E 6C 6F 63 6B 65 64 20 61 6C 6C 20 44 65 6D 6F 6E 20 42 65 73 74 69 61 72 79 20 65 6E 74 72 69 65 73 2E 00 00 27 0C 00 44 72 61 67 6F 6E 73 6C 61 79 65 72 25 00 55 6E 6C 6F 63 6B 65 64 20 61 6C 6C 20 44 72 61 67 6F 6E 20 42 65 73 74 69 61 72 79 20 65 6E 74 72 69 65 73 2E 00 00 28 0C 00 45 6C 65 6D 65 6E 74 61 6C 69 73 74 28 00 55 6E 6C 6F 63 6B 65 64 20 61 6C 6C 20 45 6C 65 6D 65 6E 74 61 6C 20 42 65 73 74 69 61 72 79 20 65 6E 74 72 69 65 73 2E 00 00 29 0C 00 45 78 74 65 72 6D 69 6E 61 74 6F 72 25 00 55 6E 6C 6F 63 6B 65 64 20 61 6C 6C 20 56 65 72 6D 69 6E 20 42 65 73 74 69 61 72 79 20 65 6E 74 72 69 65 73 2E 00 00 2A 0B 00 46 65 79 20 53 77 61 74 74 65 72 22 00 55 6E 6C 6F 63 6B 65 64 20 61 6C 6C 20 46 65 79 20 42 65 73 74 69 61 72 79 20 65 6E 74 72 69 65 73 2E 00 00 2B 0B 00 47 68 6F 73 74 68 75 6E 74 65 72 25 00 55 6E 6C 6F 63 6B 65 64 20 61 6C 6C 20 55 6E 64 65 61 64 20 42 65 73 74 69 61 72 79 20 65 6E 74 72 69 65 73 2E 00 00 2C 08 00 48 61 6E 64 79 6D 61 6E 28 00 55 6E 6C 6F 63 6B 65 64 20 61 6C 6C 20 43 6F 6E 73 74 72 75 63 74 20 42 65 73 74 69 61 72 79 20 65 6E 74 72 69 65 73 2E 00 00 2D 08 00 48 75 6E 74 73 6D 61 6E 25 00 55 6E 6C 6F 63 6B 65 64 20 61 6C 6C 20 4D 61 6D 6D 61 6C 20 42 65 73 74 69 61 72 79 20 65 6E 74 72 69 65 73 2E 00 00 2E 1A 00 49 6E 74 65 72 64 69 6D 65 6E 73 69 6F 6E 61 6C 20 44 65 73 74 72 6F 79 65 72 30 00 55 6E 6C 6F 63 6B 65 64 20 61 6C 6C 20 45 78 74 72 61 20 44 69 6D 65 6E 73 69 6F 6E 61 6C 20 42 65 73 74 69 61 72 79 20 65 6E 74 72 69 65 73 2E 00 00 2F 09 00 4D 61 6E 68 75 6E 74 65 72 24 00 55 6E 6C 6F 63 6B 65 64 20 61 6C 6C 20 48 75 6D 61 6E 20 42 65 73 74 69 61 72 79 20 65 6E 74 72 69 65 73 2E 00 00 30 12 00 4D 61 73 74 65 72 20 6F 66 20 49 6C 6C 75 73 69 6F 6E 26 00 55 6E 6C 6F 63 6B 65 64 20 61 6C 6C 20 4D 61 67 69 63 61 6C 20 42 65 73 74 69 61 72 79 20 65 6E 74 72 69 65 73 2E 00 00 31 0A 00 4F 6F 7A 65 20 42 6C 75 65 73 24 00 55 6E 6C 6F 63 6B 65 64 20 61 6C 6C 20 53 6C 69 6D 65 20 42 65 73 74 69 61 72 79 20 65 6E 74 72 69 65 73 2E 00 00 32 08 00 53 65 61 20 42 61 6E 65 26 00 55 6E 6C 6F 63 6B 65 64 20 61 6C 6C 20 41 71 75 61 74 69 63 20 42 65 73 74 69 61 72 79 20 65 6E 74 72 69 65 73 2E 00 00 33 0D 00 53 6E 61 6B 65 20 43 68 61 72 6D 65 72 26 00 55 6E 6C 6F 63 6B 65 64 20 61 6C 6C 20 52 65 70 74 69 6C 65 20 42 65 73 74 69 61 72 79 20 65 6E 74 72 69 65 73 2E 00 00 34 07 00 54 75 6D 62 6C 65 72 24 00 55 6E 6C 6F 63 6B 65 64 20 61 6C 6C 20 47 69 61 6E 74 20 42 65 73 74 69 61 72 79 20 65 6E 74 72 69 65 73 2E 00 00 35 0A 00 57 65 65 64 6B 69 6C 6C 65 72 24 00 55 6E 6C 6F 63 6B 65 64 20 61 6C 6C 20 50 6C 61 6E 74 20 42 65 73 74 69 61 72 79 20 65 6E 74 72 69 65 73 2E 00 00 36 0A 00 49 6E 6B 20 45 72 61 73 65 72 26 00 55 6E 6C 6F 63 6B 65 64 20 61 6C 6C 20 49 6E 6B 62 6F 72 6E 20 42 65 73 74 69 61 72 79 20 65 6E 74 72 69 65 73 2E 00 00 37 0B 00 45 78 65 63 75 74 69 6F 6E 65 72 1E 00 55 6E 6C 6F 63 6B 65 64 20 61 6C 6C 20 42 65 73 74 69 61 72 79 20 65 6E 74 72 69 65 73 2E 00 00 38 10 00 42 6F 73 73 20 41 6E 6E 69 68 69 6C 61 74 6F 72 1C 00 55 6E 6C 6F 63 6B 65 64 20 61 6C 6C 20 4E 65 6D 65 73 69 73 20 62 6F 73 73 65 73 2E 00 00 39 0E 00 42 6F 73 73 20 44 65 73 74 72 6F 79 65 72 23 00 55 6E 6C 6F 63 6B 65 64 20 31 30 20 6F 72 20 6D 6F 72 65 20 41 72 63 68 66 6F 65 20 62 6F 73 73 65 73 2E 01 00 3A 0F 00 42 6F 73 73 20 44 65 76 61 73 74 61 74 6F 72 23 00 55 6E 6C 6F 63 6B 65 64 20 31 30 20 6F 72 20 6D 6F 72 65 20 4E 65 6D 65 73 69 73 20 62 6F 73 73 65 73 2E 01 00 3B 0B 00 42 6F 73 73 20 45 72 61 73 65 72 1C 00 55 6E 6C 6F 63 6B 65 64 20 61 6C 6C 20 41 72 63 68 66 6F 65 20 62 6F 73 73 65 73 2E 00 00 3C 10 00 42 6F 73 73 20 45 78 65 63 75 74 69 6F 6E 65 72 14 00 55 6E 6C 6F 63 6B 65 64 20 61 6C 6C 20 62 6F 73 73 65 73 2E 00 00 3D 0B 00 42 6F 73 73 20 48 75 6E 74 65 72 20 00 55 6E 6C 6F 63 6B 65 64 20 31 30 20 6F 72 20 6D 6F 72 65 20 42 61 6E 65 20 62 6F 73 73 65 73 2E 01 00 3E 10 00 42 6F 73 73 20 4F 62 6C 69 74 65 72 61 74 6F 72 23 00 55 6E 6C 6F 63 6B 65 64 20 34 30 20 6F 72 20 6D 6F 72 65 20 4E 65 6D 65 73 69 73 20 62 6F 73 73 65 73 2E 01 00 3F 0B 00 42 6F 73 73 20 53 6C 61 79 65 72 19 00 55 6E 6C 6F 63 6B 65 64 20 61 6C 6C 20 42 61 6E 65 20 62 6F 73 73 65 73 2E 00 00 40 0B 00 42 6F 73 73 20 53 6D 69 74 65 72 23 00 55 6E 6C 6F 63 6B 65 64 20 34 30 20 6F 72 20 6D 6F 72 65 20 41 72 63 68 66 6F 65 20 62 6F 73 73 65 73 2E 01 00 41 0C 00 42 6F 73 73 20 56 65 74 65 72 61 6E 20 00 55 6E 6C 6F 63 6B 65 64 20 34 30 20 6F 72 20 6D 6F 72 65 20 42 61 6E 65 20 62 6F 73 73 65 73 2E 01 00 42 1B 00 43 72 65 61 74 75 72 65 20 6F 66 20 48 61 62 69 74 20 28 47 72 61 64 65 20 31 29 37 00 52 65 77 61 72 64 20 53 74 72 65 61 6B 20 6F 66 20 61 74 20 6C 65 61 73 74 20 37 20 64 61 79 73 20 6F 66 20 63 6F 6E 73 65 63 75 74 69 76 65 20 6C 6F 67 69 6E 73 2E 01 00 43 1B 00 43 72 65 61 74 75 72 65 20 6F 66 20 48 61 62 69 74 20 28 47 72 61 64 65 20 32 29 38 00 52 65 77 61 72 64 20 53 74 72 65 61 6B 20 6F 66 20 61 74 20 6C 65 61 73 74 20 33 30 20 64 61 79 73 20 6F 66 20 63 6F 6E 73 65 63 75 74 69 76 65 20 6C 6F 67 69 6E 73 2E 01 00 44 1B 00 43 72 65 61 74 75 72 65 20 6F 66 20 48 61 62 69 74 20 28 47 72 61 64 65 20 33 29 38 00 52 65 77 61 72 64 20 53 74 72 65 61 6B 20 6F 66 20 61 74 20 6C 65 61 73 74 20 39 30 20 64 61 79 73 20 6F 66 20 63 6F 6E 73 65 63 75 74 69 76 65 20 6C 6F 67 69 6E 73 2E 01 00 45 1B 00 43 72 65 61 74 75 72 65 20 6F 66 20 48 61 62 69 74 20 28 47 72 61 64 65 20 34 29 39 00 52 65 77 61 72 64 20 53 74 72 65 61 6B 20 6F 66 20 61 74 20 6C 65 61 73 74 20 31 38 30 20 64 61 79 73 20 6F 66 20 63 6F 6E 73 65 63 75 74 69 76 65 20 6C 6F 67 69 6E 73 2E 01 00 46 1B 00 43 72 65 61 74 75 72 65 20 6F 66 20 48 61 62 69 74 20 28 47 72 61 64 65 20 35 29 39 00 52 65 77 61 72 64 20 53 74 72 65 61 6B 20 6F 66 20 61 74 20 6C 65 61 73 74 20 33 36 35 20 64 61 79 73 20 6F 66 20 63 6F 6E 73 65 63 75 74 69 76 65 20 6C 6F 67 69 6E 73 2E 01 00 47 11 00 41 73 70 69 72 69 6E 67 20 48 75 6E 74 73 6D 61 6E 1E 00 49 6E 76 65 73 74 65 64 20 31 36 30 2C 30 30 30 20 74 61 73 6B 73 20 70 6F 69 6E 74 73 2E 01 00 48 15 00 43 6F 6D 70 65 74 65 6E 74 20 42 65 61 73 74 73 6C 61 79 65 72 1E 00 49 6E 76 65 73 74 65 64 20 33 32 30 2C 30 30 30 20 74 61 73 6B 73 20 70 6F 69 6E 74 73 2E 01 00 49 13 00 46 65 61 72 65 64 20 42 6F 75 6E 74 79 68 75 6E 74 65 72 1E 00 49 6E 76 65 73 74 65 64 20 34 33 30 2C 30 30 30 20 74 61 73 6B 73 20 70 6F 69 6E 74 73 2E 01 00 4A 16 00 44 65 64 69 63 61 74 65 64 20 45 6E 74 72 65 70 72 65 6E 65 75 72 22 00 45 78 70 6C 6F 72 65 64 20 35 30 25 20 6F 66 20 61 6C 6C 20 74 68 65 20 6D 61 70 20 61 72 65 61 73 2E 00 00 4B 0C 00 47 6C 6F 62 65 74 72 6F 74 74 65 72 17 00 45 78 70 6C 6F 72 65 64 20 61 6C 6C 20 6D 61 70 20 61 72 65 61 73 2E 00 00 4C 0C 00 47 75 69 6C 64 20 4C 65 61 64 65 72 10 00 4C 65 61 64 69 6E 67 20 61 20 47 75 69 6C 64 2E 00 00 4D 14 00 50 72 6F 63 6F 6E 73 75 6C 20 6F 66 20 49 6B 73 75 70 61 6E 6F 00 4F 6E 6C 79 20 61 20 74 72 75 65 20 64 65 76 6F 74 65 65 20 74 6F 20 74 68 65 20 63 61 75 73 65 20 6F 66 20 74 68 65 20 61 6E 63 69 65 6E 74 20 49 6B 73 20 61 6E 64 20 74 68 65 69 72 20 6C 6F 73 74 20 6C 65 67 61 63 79 20 6D 61 79 20 73 74 65 70 20 75 70 20 74 6F 20 74 68 65 20 72 61 6E 6B 20 6F 66 20 70 72 6F 63 6F 6E 73 75 6C 2E 01 00 4E 14 00 41 64 6D 69 72 65 72 20 6F 66 20 74 68 65 20 43 72 6F 77 6E 20 00 41 64 6A 75 73 74 20 79 6F 75 72 20 63 72 6F 77 6E 20 61 6E 64 20 68 61 6E 64 6C 65 20 69 74 2E 01 00 4F 0B 00 42 69 67 20 53 70 65 6E 64 65 72 20 00 55 6E 6C 6F 63 6B 65 64 20 74 68 65 20 66 75 6C 6C 20 47 6F 6C 64 65 6E 20 4F 75 74 66 69 74 2E 01 00 50 15 00 43 68 61 6C 6C 65 6E 67 65 72 20 6F 66 20 74 68 65 20 49 6B 73 48 00 43 68 61 6C 6C 65 6E 67 65 64 20 41 68 61 75 2C 20 67 75 61 72 64 69 61 6E 20 6F 66 20 49 6B 73 75 70 61 6E 2C 20 69 6E 20 74 72 61 64 69 74 69 6F 6E 61 6C 20 49 6B 73 20 77 61 72 72 69 6F 72 20 61 74 74 69 72 65 2E 01 00 51 17 00 52 6F 79 61 6C 20 42 6F 75 6E 61 63 65 61 6E 20 41 64 76 69 73 6F 72 3B 00 43 61 6C 6C 65 64 20 74 6F 20 74 68 65 20 63 6F 75 72 74 20 6F 66 20 42 6F 75 6E 61 63 20 62 79 20 4B 65 73 61 72 20 74 68 65 20 59 6F 75 6E 67 65 72 20 68 69 6D 73 65 6C 66 2E 01 00 52 08 00 41 65 74 65 72 6E 61 6C 51 00 41 77 61 72 64 65 64 20 65 78 63 6C 75 73 69 76 65 6C 79 20 74 6F 20 73 74 61 6C 77 61 72 74 20 68 65 72 6F 65 73 20 6B 65 65 70 69 6E 67 20 74 68 65 20 66 61 69 74 68 20 75 6E 64 65 72 20 61 6C 6C 20 63 69 72 63 75 6D 73 74 61 6E 63 65 73 2E 01 00 53 0F 00 52 6F 62 69 6E 73 6F 6E 20 43 72 75 73 6F 65 75 00 53 6F 6D 65 20 64 69 73 63 6F 76 65 72 69 65 73 20 61 72 65 20 72 65 73 65 72 76 65 64 20 74 6F 20 6F 6E 6C 79 20 74 68 65 20 6D 6F 73 74 20 65 78 70 65 72 69 65 6E 63 65 64 20 61 64 76 65 6E 74 75 72 65 72 73 2E 20 55 6E 74 69 6C 20 74 68 65 20 6E 65 78 74 20 66 72 6F 6E 74 69 65 72 20 6F 70 65 6E 73 20 6F 6E 20 74 68 65 20 68 6F 72 69 7A 6F 6E 2E 01 00 54 0C 00 43 68 6F 6D 70 6D 65 69 73 74 65 72 56 00 41 77 61 72 64 65 64 20 6F 6E 6C 79 20 74 6F 20 74 72 75 65 20 63 6F 6E 6E 6F 69 73 73 65 75 72 73 20 75 6E 64 65 72 74 61 6B 69 6E 67 20 65 76 65 6E 20 74 68 65 20 6D 6F 73 74 20 65 78 6F 74 69 63 20 63 75 6C 69 6E 61 72 79 20 65 73 63 61 70 61 64 65 73 2E 01 00 55 0F 00 42 72 69 6E 67 65 72 20 6F 66 20 52 61 69 6E 3A 00 46 6F 72 67 69 6E 67 20 74 68 72 6F 75 67 68 20 62 61 74 74 6C 65 20 61 66 74 65 72 20 62 61 74 74 6C 65 20 6C 69 6B 65 20 61 20 74 72 75 65 20 67 6C 61 64 69 61 74 6F 72 2E 01 00 56 07 00 42 65 61 73 74 6C 79 29 00 52 65 61 63 68 65 64 20 32 30 30 30 20 63 68 61 72 6D 20 70 6F 69 6E 74 73 2E 20 51 75 69 74 65 20 62 65 61 73 74 6C 79 21 01 00 57 0F 00 4D 69 64 6E 69 67 68 74 20 48 75 6E 74 65 72 42 00 57 68 65 6E 20 74 68 65 20 68 75 6E 74 65 72 20 62 65 63 6F 6D 65 73 20 74 68 65 20 68 75 6E 74 65 64 2C 20 70 65 72 73 65 76 65 72 61 6E 63 65 20 64 65 63 69 64 65 73 20 74 68 65 20 67 61 6D 65 2E 01 00 58 09 00 52 61 74 69 6E 61 74 6F 72 5B 00 4B 69 6C 6C 69 6E 67 20 73 6F 6D 65 20 73 6E 61 72 6B 79 20 63 61 76 65 20 72 61 74 73 20 69 73 20 68 65 6C 70 66 75 6C 2C 20 6B 69 6C 6C 69 6E 67 20 6F 76 65 72 20 74 65 6E 20 74 68 6F 75 73 61 6E 64 20 6F 66 20 74 68 65 6D 20 69 73 20 61 20 73 74 61 74 65 6D 65 6E 74 2E 01 00 59 10 00 44 6F 6F 6D 73 64 61 79 20 4E 65 6D 65 73 69 73 3A 00 41 77 61 72 64 65 64 20 66 6F 72 20 67 72 65 61 74 20 68 65 6C 70 20 69 6E 20 74 68 65 20 62 61 74 74 6C 65 20 61 67 61 69 6E 73 74 20 47 61 7A 27 68 61 72 61 67 6F 74 68 2E 01 00 5A 0E 00 48 65 72 6F 20 6F 66 20 42 6F 75 6E 61 63 6A 00 59 6F 75 20 70 72 65 76 61 69 6C 65 64 20 64 75 72 69 6E 67 20 74 68 65 20 62 61 74 74 6C 65 20 6F 66 20 42 6F 75 6E 61 63 20 61 6E 64 20 62 72 6F 6B 65 20 74 68 65 20 73 69 65 67 65 20 74 68 61 74 20 68 65 6C 64 20 42 6F 75 6E 61 63 27 73 20 70 65 6F 70 6C 65 20 69 6E 20 69 74 73 20 66 69 72 6D 20 67 72 61 73 70 2E 01 00 5B 0D 00 4B 69 6E 67 20 6F 66 20 44 65 6D 6F 6E 1A 00 44 65 66 65 61 74 20 4D 6F 72 73 68 61 62 61 61 6C 20 35 20 74 69 6D 65 73 2E 01 00 5C 0A 00 50 6C 61 6E 65 67 61 7A 65 72 32 00 46 6F 6C 6C 6F 77 65 64 20 74 68 65 20 74 72 61 69 6C 20 6F 66 20 74 68 65 20 50 6C 61 6E 65 73 74 72 69 64 65 72 20 74 6F 20 74 68 65 20 65 6E 64 2E 01 00 5D 0E 00 54 69 6D 65 20 54 72 61 76 65 6C 6C 65 72 1A 00 41 6E 79 77 68 65 72 65 20 69 6E 20 74 69 6D 65 20 6F 72 20 73 70 61 63 65 2E 01 00 5E 0A 00 54 72 75 6C 79 20 42 6F 73 73 19 00 52 65 61 63 68 20 31 35 2C 30 30 30 20 62 6F 73 73 20 70 6F 69 6E 74 73 2E 01 00 5F 10 00 50 65 6E 73 69 76 65 20 57 61 6E 64 65 72 65 72 6A 00 59 6F 75 20 68 61 76 65 20 68 6F 6E 6F 75 72 65 64 20 74 68 65 20 4D 65 72 75 64 72 69 20 62 79 20 76 69 73 69 74 69 6E 67 20 61 6C 6C 20 6F 66 20 74 68 65 69 72 20 73 68 72 69 6E 65 73 20 61 6E 64 20 63 6F 6D 70 6C 65 74 69 6E 67 20 74 68 65 20 61 6E 63 69 65 6E 74 20 54 68 72 65 65 2D 46 6F 6C 64 20 50 61 74 68 2E 01 00 

LEN=6083 TYPE=11
DA 0B 00 0E 5F 01 0C 00 47 6F 6C 64 20 48 6F 61 72 64 65 72 1F 00 45 61 72 6E 65 64 20 61 74 20 6C 65 61 73 74 20 31 2C 30 30 30 2C 30 30 30 20 67 6F 6C 64 2E 00 00 02 10 00 50 6C 61 74 69 6E 75 6D 20 48 6F 61 72 64 65 72 20 00 45 61 72 6E 65 64 20 61 74 20 6C 65 61 73 74 20 31 30 2C 30 30 30 2C 30 30 30 20 67 6F 6C 64 2E 00 00 03 0F 00 43 72 79 73 74 61 6C 20 48 6F 61 72 64 65 72 21 00 45 61 72 6E 65 64 20 61 74 20 6C 65 61 73 74 20 31 30 30 2C 30 30 30 2C 30 30 30 20 67 6F 6C 64 2E 00 00 04 16 00 42 65 61 73 74 73 74 72 69 64 65 72 20 28 47 72 61 64 65 20 31 29 1B 00 55 6E 6C 6F 63 6B 65 64 20 31 30 20 6F 72 20 6D 6F 72 65 20 4D 6F 75 6E 74 73 2E 01 00 05 16 00 42 65 61 73 74 73 74 72 69 64 65 72 20 28 47 72 61 64 65 20 32 29 1B 00 55 6E 6C 6F 63 6B 65 64 20 32 30 20 6F 72 20 6D 6F 72 65 20 4D 6F 75 6E 74 73 2E 01 00 06 16 00 42 65 61 73 74 73 74 72 69 64 65 72 20 28 47 72 61 64 65 20 33 29 1B 00 55 6E 6C 6F 63 6B 65 64 20 33 30 20 6F 72 20 6D 6F 72 65 20 4D 6F 75 6E 74 73 2E 01 00 07 16 00 42 65 61 73 74 73 74 72 69 64 65 72 20 28 47 72 61 64 65 20 34 29 1B 00 55 6E 6C 6F 63 6B 65 64 20 34 30 20 6F 72 20 6D 6F 72 65 20 4D 6F 75 6E 74 73 2E 01 00 08 16 00 42 65 61 73 74 73 74 72 69 64 65 72 20 28 47 72 61 64 65 20 35 29 1B 00 55 6E 6C 6F 63 6B 65 64 20 35 30 20 6F 72 20 6D 6F 72 65 20 4D 6F 75 6E 74 73 2E 01 00 09 1A 00 54 69 62 69 61 27 73 20 54 6F 70 6D 6F 64 65 6C 20 28 47 72 61 64 65 20 31 29 1C 00 55 6E 6C 6F 63 6B 65 64 20 31 30 20 6F 72 20 6D 6F 72 65 20 4F 75 74 66 69 74 73 2E 01 00 0A 1A 00 54 69 62 69 61 27 73 20 54 6F 70 6D 6F 64 65 6C 20 28 47 72 61 64 65 20 32 29 1C 00 55 6E 6C 6F 63 6B 65 64 20 32 30 20 6F 72 20 6D 6F 72 65 20 4F 75 74 66 69 74 73 2E 01 00 0B 1A 00 54 69 62 69 61 27 73 20 54 6F 70 6D 6F 64 65 6C 20 28 47 72 61 64 65 20 33 29 1C 00 55 6E 6C 6F 63 6B 65 64 20 33 30 20 6F 72 20 6D 6F 72 65 20 4F 75 74 66 69 74 73 2E 01 00 0C 1A 00 54 69 62 69 61 27 73 20 54 6F 70 6D 6F 64 65 6C 20 28 47 72 61 64 65 20 34 29 1C 00 55 6E 6C 6F 63 6B 65 64 20 34 30 20 6F 72 20 6D 6F 72 65 20 4F 75 74 66 69 74 73 2E 01 00 0D 1A 00 54 69 62 69 61 27 73 20 54 6F 70 6D 6F 64 65 6C 20 28 47 72 61 64 65 20 35 29 1C 00 55 6E 6C 6F 63 6B 65 64 20 35 30 20 6F 72 20 6D 6F 72 65 20 4F 75 74 66 69 74 73 2E 01 00 0E 0C 00 54 72 6F 6C 6C 74 72 61 73 68 65 72 11 00 52 65 61 63 68 65 64 20 6C 65 76 65 6C 20 35 30 2E 00 01 0F 0D 00 43 79 63 6C 6F 70 73 63 61 6D 70 65 72 12 00 52 65 61 63 68 65 64 20 6C 65 76 65 6C 20 31 30 30 2E 00 01 10 0C 00 44 72 61 67 6F 6E 64 6F 75 73 65 72 12 00 52 65 61 63 68 65 64 20 6C 65 76 65 6C 20 32 30 30 2E 00 01 11 09 00 44 65 6D 6F 6E 64 6F 6F 6D 12 00 52 65 61 63 68 65 64 20 6C 65 76 65 6C 20 33 30 30 2E 00 00 12 0A 00 44 72 61 6B 65 6E 62 61 6E 65 12 00 52 65 61 63 68 65 64 20 6C 65 76 65 6C 20 34 30 30 2E 00 00 13 08 00 53 69 6C 65 6E 63 65 72 12 00 52 65 61 63 68 65 64 20 6C 65 76 65 6C 20 35 30 30 2E 00 00 14 07 00 45 78 61 6C 74 65 64 13 00 52 65 61 63 68 65 64 20 6C 65 76 65 6C 20 31 30 30 30 2E 00 00 15 0D 00 41 70 65 78 20 50 72 65 64 61 74 6F 72 23 00 48 69 67 68 65 73 74 20 4C 65 76 65 6C 20 6F 6E 20 63 68 61 72 61 63 74 65 72 27 73 20 77 6F 72 6C 64 2E 00 01 16 08 00 42 69 67 20 42 6F 73 73 3E 00 48 69 67 68 65 73 74 20 73 63 6F 72 65 20 6F 66 20 61 63 63 75 6D 75 6C 61 74 65 64 20 62 6F 73 73 20 70 6F 69 6E 74 73 20 6F 6E 20 63 68 61 72 61 63 74 65 72 27 73 20 77 6F 72 6C 64 2E 00 00 17 12 00 4A 61 63 6B 20 6F 66 20 61 6C 6C 20 54 61 69 6E 74 73 47 00 48 69 67 68 65 73 74 20 73 63 6F 72 65 20 66 6F 72 20 6B 69 6C 6C 69 6E 67 20 47 6F 73 68 6E 61 72 20 61 6E 64 20 68 69 73 20 61 73 70 65 63 74 73 20 6F 6E 20 63 68 61 72 61 63 74 65 72 27 73 20 77 6F 72 6C 64 2E 00 00 18 11 00 4C 65 67 65 6E 64 20 6F 66 20 46 69 73 68 69 6E 67 2B 00 48 69 67 68 65 73 74 20 66 69 73 68 69 6E 67 20 6C 65 76 65 6C 20 6F 6E 20 63 68 61 72 61 63 74 65 72 27 73 20 77 6F 72 6C 64 2E 00 00 19 0F 00 4C 65 67 65 6E 64 20 6F 66 20 4D 61 67 69 63 29 00 48 69 67 68 65 73 74 20 6D 61 67 69 63 20 6C 65 76 65 6C 20 6F 6E 20 63 68 61 72 61 63 74 65 72 27 73 20 77 6F 72 6C 64 2E 00 00 1A 16 00 4C 65 67 65 6E 64 20 6F 66 20 4D 61 72 6B 73 6D 61 6E 73 68 69 70 2C 00 48 69 67 68 65 73 74 20 64 69 73 74 61 6E 63 65 20 6C 65 76 65 6C 20 6F 6E 20 63 68 61 72 61 63 74 65 72 27 73 20 77 6F 72 6C 64 2E 00 00 1B 11 00 4C 65 67 65 6E 64 20 6F 66 20 74 68 65 20 41 78 65 27 00 48 69 67 68 65 73 74 20 61 78 65 20 6C 65 76 65 6C 20 6F 6E 20 63 68 61 72 61 63 74 65 72 27 73 20 77 6F 72 6C 64 2E 00 00 1C 12 00 4C 65 67 65 6E 64 20 6F 66 20 74 68 65 20 43 6C 75 62 28 00 48 69 67 68 65 73 74 20 63 6C 75 62 20 6C 65 76 65 6C 20 6F 6E 20 63 68 61 72 61 63 74 65 72 27 73 20 77 6F 72 6C 64 2E 00 00 1D 12 00 4C 65 67 65 6E 64 20 6F 66 20 74 68 65 20 46 69 73 74 28 00 48 69 67 68 65 73 74 20 66 69 73 74 20 6C 65 76 65 6C 20 6F 6E 20 63 68 61 72 61 63 74 65 72 27 73 20 77 6F 72 6C 64 2E 00 00 1E 14 00 4C 65 67 65 6E 64 20 6F 66 20 74 68 65 20 53 68 69 65 6C 64 2D 00 48 69 67 68 65 73 74 20 73 68 69 65 6C 64 69 6E 67 20 6C 65 76 65 6C 20 6F 6E 20 63 68 61 72 61 63 74 65 72 27 73 20 77 6F 72 6C 64 2E 00 01 1F 13 00 4C 65 67 65 6E 64 20 6F 66 20 74 68 65 20 53 77 6F 72 64 29 00 48 69 67 68 65 73 74 20 73 77 6F 72 64 20 6C 65 76 65 6C 20 6F 6E 20 63 68 61 72 61 63 74 65 72 27 73 20 77 6F 72 6C 64 2E 00 00 20 0F 00 50 72 69 6E 63 65 20 43 68 61 72 6D 69 6E 67 3F 00 48 69 67 68 65 73 74 20 73 63 6F 72 65 20 6F 66 20 61 63 63 75 6D 75 6C 61 74 65 64 20 63 68 61 72 6D 20 70 6F 69 6E 74 73 20 6F 6E 20 63 68 61 72 61 63 74 65 72 27 73 20 77 6F 72 6C 64 2E 00 00 21 17 00 52 65 69 67 6E 69 6E 67 20 44 72 6F 6D 65 20 43 68 61 6D 70 69 6F 6E 39 00 46 69 6E 69 73 68 65 64 20 6D 6F 73 74 20 72 65 63 65 6E 74 20 54 69 62 69 61 64 72 6F 6D 65 20 72 6F 74 61 20 72 61 6E 6B 65 64 20 69 6E 20 74 68 65 20 74 6F 70 20 35 2E 00 00 22 0A 00 42 69 70 65 64 61 6E 74 69 63 27 00 55 6E 6C 6F 63 6B 65 64 20 41 6C 6C 20 48 75 6D 61 6E 6F 69 64 20 42 65 73 74 69 61 72 79 20 65 6E 74 72 69 65 73 2E 00 00 23 11 00 42 6C 6F 6F 64 20 4D 6F 6F 6E 20 48 75 6E 74 65 72 2A 00 55 6E 6C 6F 63 6B 65 64 20 41 6C 6C 20 4C 79 63 61 6E 74 68 72 6F 70 65 20 42 65 73 74 69 61 72 79 20 65 6E 74 72 69 65 73 2E 00 00 24 0B 00 43 6F 6C 64 62 6C 6F 6F 64 65 64 27 00 55 6E 6C 6F 63 6B 65 64 20 41 6C 6C 20 41 6D 70 68 69 62 69 63 20 42 65 73 74 69 61 72 79 20 65 6E 74 72 69 65 73 2E 00 00 25 10 00 44 65 61 74 68 20 66 72 6F 6D 20 42 65 6C 6F 77 23 00 55 6E 6C 6F 63 6B 65 64 20 61 6C 6C 20 42 69 72 64 20 42 65 73 74 69 61 72 79 20 65 6E 74 72 69 65 73 2E 00 00 26 09 00 44 65 6D 6F 6E 61 74 6F 72 24 00 55 6E 6C 6F 63 6B 65 64 20 61 6C 6C 20 44 65 6D 6F 6E 20 42 65 73 74 69 61 72 79 20 65 6E 74 72 69 65 73 2E 00 00 27 0C 00 44 72 61 67 6F 6E 73 6C 61 79 65 72 25 00 55 6E 6C 6F 63 6B 65 64 20 61 6C 6C 20 44 72 61 67 6F 6E 20 42 65 73 74 69 61 72 79 20 65 6E 74 72 69 65 73 2E 00 00 28 0C 00 45 6C 65 6D 65 6E 74 61 6C 69 73 74 28 00 55 6E 6C 6F 63 6B 65 64 20 61 6C 6C 20 45 6C 65 6D 65 6E 74 61 6C 20 42 65 73 74 69 61 72 79 20 65 6E 74 72 69 65 73 2E 00 00 29 0C 00 45 78 74 65 72 6D 69 6E 61 74 6F 72 25 00 55 6E 6C 6F 63 6B 65 64 20 61 6C 6C 20 56 65 72 6D 69 6E 20 42 65 73 74 69 61 72 79 20 65 6E 74 72 69 65 73 2E 00 00 2A 0B 00 46 65 79 20 53 77 61 74 74 65 72 22 00 55 6E 6C 6F 63 6B 65 64 20 61 6C 6C 20 46 65 79 20 42 65 73 74 69 61 72 79 20 65 6E 74 72 69 65 73 2E 00 00 2B 0B 00 47 68 6F 73 74 68 75 6E 74 65 72 25 00 55 6E 6C 6F 63 6B 65 64 20 61 6C 6C 20 55 6E 64 65 61 64 20 42 65 73 74 69 61 72 79 20 65 6E 74 72 69 65 73 2E 00 00 2C 08 00 48 61 6E 64 79 6D 61 6E 28 00 55 6E 6C 6F 63 6B 65 64 20 61 6C 6C 20 43 6F 6E 73 74 72 75 63 74 20 42 65 73 74 69 61 72 79 20 65 6E 74 72 69 65 73 2E 00 00 2D 08 00 48 75 6E 74 73 6D 61 6E 25 00 55 6E 6C 6F 63 6B 65 64 20 61 6C 6C 20 4D 61 6D 6D 61 6C 20 42 65 73 74 69 61 72 79 20 65 6E 74 72 69 65 73 2E 00 00 2E 1A 00 49 6E 74 65 72 64 69 6D 65 6E 73 69 6F 6E 61 6C 20 44 65 73 74 72 6F 79 65 72 30 00 55 6E 6C 6F 63 6B 65 64 20 61 6C 6C 20 45 78 74 72 61 20 44 69 6D 65 6E 73 69 6F 6E 61 6C 20 42 65 73 74 69 61 72 79 20 65 6E 74 72 69 65 73 2E 00 00 2F 09 00 4D 61 6E 68 75 6E 74 65 72 24 00 55 6E 6C 6F 63 6B 65 64 20 61 6C 6C 20 48 75 6D 61 6E 20 42 65 73 74 69 61 72 79 20 65 6E 74 72 69 65 73 2E 00 00 30 12 00 4D 61 73 74 65 72 20 6F 66 20 49 6C 6C 75 73 69 6F 6E 26 00 55 6E 6C 6F 63 6B 65 64 20 61 6C 6C 20 4D 61 67 69 63 61 6C 20 42 65 73 74 69 61 72 79 20 65 6E 74 72 69 65 73 2E 00 00 31 0A 00 4F 6F 7A 65 20 42 6C 75 65 73 24 00 55 6E 6C 6F 63 6B 65 64 20 61 6C 6C 20 53 6C 69 6D 65 20 42 65 73 74 69 61 72 79 20 65 6E 74 72 69 65 73 2E 00 00 32 08 00 53 65 61 20 42 61 6E 65 26 00 55 6E 6C 6F 63 6B 65 64 20 61 6C 6C 20 41 71 75 61 74 69 63 20 42 65 73 74 69 61 72 79 20 65 6E 74 72 69 65 73 2E 00 00 33 0D 00 53 6E 61 6B 65 20 43 68 61 72 6D 65 72 26 00 55 6E 6C 6F 63 6B 65 64 20 61 6C 6C 20 52 65 70 74 69 6C 65 20 42 65 73 74 69 61 72 79 20 65 6E 74 72 69 65 73 2E 00 00 34 07 00 54 75 6D 62 6C 65 72 24 00 55 6E 6C 6F 63 6B 65 64 20 61 6C 6C 20 47 69 61 6E 74 20 42 65 73 74 69 61 72 79 20 65 6E 74 72 69 65 73 2E 00 00 35 0A 00 57 65 65 64 6B 69 6C 6C 65 72 24 00 55 6E 6C 6F 63 6B 65 64 20 61 6C 6C 20 50 6C 61 6E 74 20 42 65 73 74 69 61 72 79 20 65 6E 74 72 69 65 73 2E 00 00 36 0A 00 49 6E 6B 20 45 72 61 73 65 72 26 00 55 6E 6C 6F 63 6B 65 64 20 61 6C 6C 20 49 6E 6B 62 6F 72 6E 20 42 65 73 74 69 61 72 79 20 65 6E 74 72 69 65 73 2E 00 00 37 0B 00 45 78 65 63 75 74 69 6F 6E 65 72 1E 00 55 6E 6C 6F 63 6B 65 64 20 61 6C 6C 20 42 65 73 74 69 61 72 79 20 65 6E 74 72 69 65 73 2E 00 00 38 10 00 42 6F 73 73 20 41 6E 6E 69 68 69 6C 61 74 6F 72 1C 00 55 6E 6C 6F 63 6B 65 64 20 61 6C 6C 20 4E 65 6D 65 73 69 73 20 62 6F 73 73 65 73 2E 00 00 39 0E 00 42 6F 73 73 20 44 65 73 74 72 6F 79 65 72 23 00 55 6E 6C 6F 63 6B 65 64 20 31 30 20 6F 72 20 6D 6F 72 65 20 41 72 63 68 66 6F 65 20 62 6F 73 73 65 73 2E 01 00 3A 0F 00 42 6F 73 73 20 44 65 76 61 73 74 61 74 6F 72 23 00 55 6E 6C 6F 63 6B 65 64 20 31 30 20 6F 72 20 6D 6F 72 65 20 4E 65 6D 65 73 69 73 20 62 6F 73 73 65 73 2E 01 00 3B 0B 00 42 6F 73 73 20 45 72 61 73 65 72 1C 00 55 6E 6C 6F 63 6B 65 64 20 61 6C 6C 20 41 72 63 68 66 6F 65 20 62 6F 73 73 65 73 2E 00 00 3C 10 00 42 6F 73 73 20 45 78 65 63 75 74 69 6F 6E 65 72 14 00 55 6E 6C 6F 63 6B 65 64 20 61 6C 6C 20 62 6F 73 73 65 73 2E 00 00 3D 0B 00 42 6F 73 73 20 48 75 6E 74 65 72 20 00 55 6E 6C 6F 63 6B 65 64 20 31 30 20 6F 72 20 6D 6F 72 65 20 42 61 6E 65 20 62 6F 73 73 65 73 2E 01 00 3E 10 00 42 6F 73 73 20 4F 62 6C 69 74 65 72 61 74 6F 72 23 00 55 6E 6C 6F 63 6B 65 64 20 34 30 20 6F 72 20 6D 6F 72 65 20 4E 65 6D 65 73 69 73 20 62 6F 73 73 65 73 2E 01 00 3F 0B 00 42 6F 73 73 20 53 6C 61 79 65 72 19 00 55 6E 6C 6F 63 6B 65 64 20 61 6C 6C 20 42 61 6E 65 20 62 6F 73 73 65 73 2E 00 00 40 0B 00 42 6F 73 73 20 53 6D 69 74 65 72 23 00 55 6E 6C 6F 63 6B 65 64 20 34 30 20 6F 72 20 6D 6F 72 65 20 41 72 63 68 66 6F 65 20 62 6F 73 73 65 73 2E 01 00 41 0C 00 42 6F 73 73 20 56 65 74 65 72 61 6E 20 00 55 6E 6C 6F 63 6B 65 64 20 34 30 20 6F 72 20 6D 6F 72 65 20 42 61 6E 65 20 62 6F 73 73 65 73 2E 01 00 42 1B 00 43 72 65 61 74 75 72 65 20 6F 66 20 48 61 62 69 74 20 28 47 72 61 64 65 20 31 29 37 00 52 65 77 61 72 64 20 53 74 72 65 61 6B 20 6F 66 20 61 74 20 6C 65 61 73 74 20 37 20 64 61 79 73 20 6F 66 20 63 6F 6E 73 65 63 75 74 69 76 65 20 6C 6F 67 69 6E 73 2E 01 00 43 1B 00 43 72 65 61 74 75 72 65 20 6F 66 20 48 61 62 69 74 20 28 47 72 61 64 65 20 32 29 38 00 52 65 77 61 72 64 20 53 74 72 65 61 6B 20 6F 66 20 61 74 20 6C 65 61 73 74 20 33 30 20 64 61 79 73 20 6F 66 20 63 6F 6E 73 65 63 75 74 69 76 65 20 6C 6F 67 69 6E 73 2E 01 00 44 1B 00 43 72 65 61 74 75 72 65 20 6F 66 20 48 61 62 69 74 20 28 47 72 61 64 65 20 33 29 38 00 52 65 77 61 72 64 20 53 74 72 65 61 6B 20 6F 66 20 61 74 20 6C 65 61 73 74 20 39 30 20 64 61 79 73 20 6F 66 20 63 6F 6E 73 65 63 75 74 69 76 65 20 6C 6F 67 69 6E 73 2E 01 00 45 1B 00 43 72 65 61 74 75 72 65 20 6F 66 20 48 61 62 69 74 20 28 47 72 61 64 65 20 34 29 39 00 52 65 77 61 72 64 20 53 74 72 65 61 6B 20 6F 66 20 61 74 20 6C 65 61 73 74 20 31 38 30 20 64 61 79 73 20 6F 66 20 63 6F 6E 73 65 63 75 74 69 76 65 20 6C 6F 67 69 6E 73 2E 01 00 46 1B 00 43 72 65 61 74 75 72 65 20 6F 66 20 48 61 62 69 74 20 28 47 72 61 64 65 20 35 29 39 00 52 65 77 61 72 64 20 53 74 72 65 61 6B 20 6F 66 20 61 74 20 6C 65 61 73 74 20 33 36 35 20 64 61 79 73 20 6F 66 20 63 6F 6E 73 65 63 75 74 69 76 65 20 6C 6F 67 69 6E 73 2E 01 00 47 11 00 41 73 70 69 72 69 6E 67 20 48 75 6E 74 73 6D 61 6E 1E 00 49 6E 76 65 73 74 65 64 20 31 36 30 2C 30 30 30 20 74 61 73 6B 73 20 70 6F 69 6E 74 73 2E 01 00 48 15 00 43 6F 6D 70 65 74 65 6E 74 20 42 65 61 73 74 73 6C 61 79 65 72 1E 00 49 6E 76 65 73 74 65 64 20 33 32 30 2C 30 30 30 20 74 61 73 6B 73 20 70 6F 69 6E 74 73 2E 01 00 49 13 00 46 65 61 72 65 64 20 42 6F 75 6E 74 79 68 75 6E 74 65 72 1E 00 49 6E 76 65 73 74 65 64 20 34 33 30 2C 30 30 30 20 74 61 73 6B 73 20 70 6F 69 6E 74 73 2E 01 00 4A 16 00 44 65 64 69 63 61 74 65 64 20 45 6E 74 72 65 70 72 65 6E 65 75 72 22 00 45 78 70 6C 6F 72 65 64 20 35 30 25 20 6F 66 20 61 6C 6C 20 74 68 65 20 6D 61 70 20 61 72 65 61 73 2E 00 00 4B 0C 00 47 6C 6F 62 65 74 72 6F 74 74 65 72 17 00 45 78 70 6C 6F 72 65 64 20 61 6C 6C 20 6D 61 70 20 61 72 65 61 73 2E 00 00 4C 0C 00 47 75 69 6C 64 20 4C 65 61 64 65 72 10 00 4C 65 61 64 69 6E 67 20 61 20 47 75 69 6C 64 2E 00 00 4D 14 00 50 72 6F 63 6F 6E 73 75 6C 20 6F 66 20 49 6B 73 75 70 61 6E 6F 00 4F 6E 6C 79 20 61 20 74 72 75 65 20 64 65 76 6F 74 65 65 20 74 6F 20 74 68 65 20 63 61 75 73 65 20 6F 66 20 74 68 65 20 61 6E 63 69 65 6E 74 20 49 6B 73 20 61 6E 64 20 74 68 65 69 72 20 6C 6F 73 74 20 6C 65 67 61 63 79 20 6D 61 79 20 73 74 65 70 20 75 70 20 74 6F 20 74 68 65 20 72 61 6E 6B 20 6F 66 20 70 72 6F 63 6F 6E 73 75 6C 2E 01 00 4E 14 00 41 64 6D 69 72 65 72 20 6F 66 20 74 68 65 20 43 72 6F 77 6E 20 00 41 64 6A 75 73 74 20 79 6F 75 72 20 63 72 6F 77 6E 20 61 6E 64 20 68 61 6E 64 6C 65 20 69 74 2E 01 00 4F 0B 00 42 69 67 20 53 70 65 6E 64 65 72 20 00 55 6E 6C 6F 63 6B 65 64 20 74 68 65 20 66 75 6C 6C 20 47 6F 6C 64 65 6E 20 4F 75 74 66 69 74 2E 01 00 50 15 00 43 68 61 6C 6C 65 6E 67 65 72 20 6F 66 20 74 68 65 20 49 6B 73 48 00 43 68 61 6C 6C 65 6E 67 65 64 20 41 68 61 75 2C 20 67 75 61 72 64 69 61 6E 20 6F 66 20 49 6B 73 75 70 61 6E 2C 20 69 6E 20 74 72 61 64 69 74 69 6F 6E 61 6C 20 49 6B 73 20 77 61 72 72 69 6F 72 20 61 74 74 69 72 65 2E 01 00 51 17 00 52 6F 79 61 6C 20 42 6F 75 6E 61 63 65 61 6E 20 41 64 76 69 73 6F 72 3B 00 43 61 6C 6C 65 64 20 74 6F 20 74 68 65 20 63 6F 75 72 74 20 6F 66 20 42 6F 75 6E 61 63 20 62 79 20 4B 65 73 61 72 20 74 68 65 20 59 6F 75 6E 67 65 72 20 68 69 6D 73 65 6C 66 2E 01 00 52 08 00 41 65 74 65 72 6E 61 6C 51 00 41 77 61 72 64 65 64 20 65 78 63 6C 75 73 69 76 65 6C 79 20 74 6F 20 73 74 61 6C 77 61 72 74 20 68 65 72 6F 65 73 20 6B 65 65 70 69 6E 67 20 74 68 65 20 66 61 69 74 68 20 75 6E 64 65 72 20 61 6C 6C 20 63 69 72 63 75 6D 73 74 61 6E 63 65 73 2E 01 00 53 0F 00 52 6F 62 69 6E 73 6F 6E 20 43 72 75 73 6F 65 75 00 53 6F 6D 65 20 64 69 73 63 6F 76 65 72 69 65 73 20 61 72 65 20 72 65 73 65 72 76 65 64 20 74 6F 20 6F 6E 6C 79 20 74 68 65 20 6D 6F 73 74 20 65 78 70 65 72 69 65 6E 63 65 64 20 61 64 76 65 6E 74 75 72 65 72 73 2E 20 55 6E 74 69 6C 20 74 68 65 20 6E 65 78 74 20 66 72 6F 6E 74 69 65 72 20 6F 70 65 6E 73 20 6F 6E 20 74 68 65 20 68 6F 72 69 7A 6F 6E 2E 01 00 54 0C 00 43 68 6F 6D 70 6D 65 69 73 74 65 72 56 00 41 77 61 72 64 65 64 20 6F 6E 6C 79 20 74 6F 20 74 72 75 65 20 63 6F 6E 6E 6F 69 73 73 65 75 72 73 20 75 6E 64 65 72 74 61 6B 69 6E 67 20 65 76 65 6E 20 74 68 65 20 6D 6F 73 74 20 65 78 6F 74 69 63 20 63 75 6C 69 6E 61 72 79 20 65 73 63 61 70 61 64 65 73 2E 01 00 55 0F 00 42 72 69 6E 67 65 72 20 6F 66 20 52 61 69 6E 3A 00 46 6F 72 67 69 6E 67 20 74 68 72 6F 75 67 68 20 62 61 74 74 6C 65 20 61 66 74 65 72 20 62 61 74 74 6C 65 20 6C 69 6B 65 20 61 20 74 72 75 65 20 67 6C 61 64 69 61 74 6F 72 2E 01 00 56 07 00 42 65 61 73 74 6C 79 29 00 52 65 61 63 68 65 64 20 32 30 30 30 20 63 68 61 72 6D 20 70 6F 69 6E 74 73 2E 20 51 75 69 74 65 20 62 65 61 73 74 6C 79 21 01 00 57 0F 00 4D 69 64 6E 69 67 68 74 20 48 75 6E 74 65 72 42 00 57 68 65 6E 20 74 68 65 20 68 75 6E 74 65 72 20 62 65 63 6F 6D 65 73 20 74 68 65 20 68 75 6E 74 65 64 2C 20 70 65 72 73 65 76 65 72 61 6E 63 65 20 64 65 63 69 64 65 73 20 74 68 65 20 67 61 6D 65 2E 01 00 58 09 00 52 61 74 69 6E 61 74 6F 72 5B 00 4B 69 6C 6C 69 6E 67 20 73 6F 6D 65 20 73 6E 61 72 6B 79 20 63 61 76 65 20 72 61 74 73 20 69 73 20 68 65 6C 70 66 75 6C 2C 20 6B 69 6C 6C 69 6E 67 20 6F 76 65 72 20 74 65 6E 20 74 68 6F 75 73 61 6E 64 20 6F 66 20 74 68 65 6D 20 69 73 20 61 20 73 74 61 74 65 6D 65 6E 74 2E 01 00 59 10 00 44 6F 6F 6D 73 64 61 79 20 4E 65 6D 65 73 69 73 3A 00 41 77 61 72 64 65 64 20 66 6F 72 20 67 72 65 61 74 20 68 65 6C 70 20 69 6E 20 74 68 65 20 62 61 74 74 6C 65 20 61 67 61 69 6E 73 74 20 47 61 7A 27 68 61 72 61 67 6F 74 68 2E 01 00 5A 0E 00 48 65 72 6F 20 6F 66 20 42 6F 75 6E 61 63 6A 00 59 6F 75 20 70 72 65 76 61 69 6C 65 64 20 64 75 72 69 6E 67 20 74 68 65 20 62 61 74 74 6C 65 20 6F 66 20 42 6F 75 6E 61 63 20 61 6E 64 20 62 72 6F 6B 65 20 74 68 65 20 73 69 65 67 65 20 74 68 61 74 20 68 65 6C 64 20 42 6F 75 6E 61 63 27 73 20 70 65 6F 70 6C 65 20 69 6E 20 69 74 73 20 66 69 72 6D 20 67 72 61 73 70 2E 01 00 5B 0D 00 4B 69 6E 67 20 6F 66 20 44 65 6D 6F 6E 1A 00 44 65 66 65 61 74 20 4D 6F 72 73 68 61 62 61 61 6C 20 35 20 74 69 6D 65 73 2E 01 00 5C 0A 00 50 6C 61 6E 65 67 61 7A 65 72 32 00 46 6F 6C 6C 6F 77 65 64 20 74 68 65 20 74 72 61 69 6C 20 6F 66 20 74 68 65 20 50 6C 61 6E 65 73 74 72 69 64 65 72 20 74 6F 20 74 68 65 20 65 6E 64 2E 01 00 5D 0E 00 54 69 6D 65 20 54 72 61 76 65 6C 6C 65 72 1A 00 41 6E 79 77 68 65 72 65 20 69 6E 20 74 69 6D 65 20 6F 72 20 73 70 61 63 65 2E 01 00 5E 0A 00 54 72 75 6C 79 20 42 6F 73 73 19 00 52 65 61 63 68 20 31 35 2C 30 30 30 20 62 6F 73 73 20 70 6F 69 6E 74 73 2E 01 00 5F 10 00 50 65 6E 73 69 76 65 20 57 61 6E 64 65 72 65 72 6A 00 59 6F 75 20 68 61 76 65 20 68 6F 6E 6F 75 72 65 64 20 74 68 65 20 4D 65 72 75 64 72 69 20 62 79 20 76 69 73 69 74 69 6E 67 20 61 6C 6C 20 6F 66 20 74 68 65 69 72 20 73 68 72 69 6E 65 73 20 61 6E 64 20 63 6F 6D 70 6C 65 74 69 6E 67 20 74 68 65 20 61 6E 63 69 65 6E 74 20 54 68 72 65 65 2D 46 6F 6C 64 20 50 61 74 68 2E 01 00 

LEN=46 TYPE=0
DA 00 00 0D 00 4B 6E 69 67 68 74 20 53 61 6D 70 6C 65 06 00 4B 6E 69 67 68 74 C0 00 83 00 5F 71 27 73 00 00 00 00 00 00 00 00 00 01 00 00 

LEN=6083 TYPE=11
DA 0B 00 00 5F 01 0C 00 47 6F 6C 64 20 48 6F 61 72 64 65 72 1F 00 45 61 72 6E 65 64 20 61 74 20 6C 65 61 73 74 20 31 2C 30 30 30 2C 30 30 30 20 67 6F 6C 64 2E 00 00 02 10 00 50 6C 61 74 69 6E 75 6D 20 48 6F 61 72 64 65 72 20 00 45 61 72 6E 65 64 20 61 74 20 6C 65 61 73 74 20 31 30 2C 30 30 30 2C 30 30 30 20 67 6F 6C 64 2E 00 00 03 0F 00 43 72 79 73 74 61 6C 20 48 6F 61 72 64 65 72 21 00 45 61 72 6E 65 64 20 61 74 20 6C 65 61 73 74 20 31 30 30 2C 30 30 30 2C 30 30 30 20 67 6F 6C 64 2E 00 00 04 16 00 42 65 61 73 74 73 74 72 69 64 65 72 20 28 47 72 61 64 65 20 31 29 1B 00 55 6E 6C 6F 63 6B 65 64 20 31 30 20 6F 72 20 6D 6F 72 65 20 4D 6F 75 6E 74 73 2E 01 00 05 16 00 42 65 61 73 74 73 74 72 69 64 65 72 20 28 47 72 61 64 65 20 32 29 1B 00 55 6E 6C 6F 63 6B 65 64 20 32 30 20 6F 72 20 6D 6F 72 65 20 4D 6F 75 6E 74 73 2E 01 00 06 16 00 42 65 61 73 74 73 74 72 69 64 65 72 20 28 47 72 61 64 65 20 33 29 1B 00 55 6E 6C 6F 63 6B 65 64 20 33 30 20 6F 72 20 6D 6F 72 65 20 4D 6F 75 6E 74 73 2E 01 00 07 16 00 42 65 61 73 74 73 74 72 69 64 65 72 20 28 47 72 61 64 65 20 34 29 1B 00 55 6E 6C 6F 63 6B 65 64 20 34 30 20 6F 72 20 6D 6F 72 65 20 4D 6F 75 6E 74 73 2E 01 00 08 16 00 42 65 61 73 74 73 74 72 69 64 65 72 20 28 47 72 61 64 65 20 35 29 1B 00 55 6E 6C 6F 63 6B 65 64 20 35 30 20 6F 72 20 6D 6F 72 65 20 4D 6F 75 6E 74 73 2E 01 00 09 1A 00 54 69 62 69 61 27 73 20 54 6F 70 6D 6F 64 65 6C 20 28 47 72 61 64 65 20 31 29 1C 00 55 6E 6C 6F 63 6B 65 64 20 31 30 20 6F 72 20 6D 6F 72 65 20 4F 75 74 66 69 74 73 2E 01 00 0A 1A 00 54 69 62 69 61 27 73 20 54 6F 70 6D 6F 64 65 6C 20 28 47 72 61 64 65 20 32 29 1C 00 55 6E 6C 6F 63 6B 65 64 20 32 30 20 6F 72 20 6D 6F 72 65 20 4F 75 74 66 69 74 73 2E 01 00 0B 1A 00 54 69 62 69 61 27 73 20 54 6F 70 6D 6F 64 65 6C 20 28 47 72 61 64 65 20 33 29 1C 00 55 6E 6C 6F 63 6B 65 64 20 33 30 20 6F 72 20 6D 6F 72 65 20 4F 75 74 66 69 74 73 2E 01 00 0C 1A 00 54 69 62 69 61 27 73 20 54 6F 70 6D 6F 64 65 6C 20 28 47 72 61 64 65 20 34 29 1C 00 55 6E 6C 6F 63 6B 65 64 20 34 30 20 6F 72 20 6D 6F 72 65 20 4F 75 74 66 69 74 73 2E 01 00 0D 1A 00 54 69 62 69 61 27 73 20 54 6F 70 6D 6F 64 65 6C 20 28 47 72 61 64 65 20 35 29 1C 00 55 6E 6C 6F 63 6B 65 64 20 35 30 20 6F 72 20 6D 6F 72 65 20 4F 75 74 66 69 74 73 2E 01 00 0E 0C 00 54 72 6F 6C 6C 74 72 61 73 68 65 72 11 00 52 65 61 63 68 65 64 20 6C 65 76 65 6C 20 35 30 2E 00 01 0F 0D 00 43 79 63 6C 6F 70 73 63 61 6D 70 65 72 12 00 52 65 61 63 68 65 64 20 6C 65 76 65 6C 20 31 30 30 2E 00 01 10 0C 00 44 72 61 67 6F 6E 64 6F 75 73 65 72 12 00 52 65 61 63 68 65 64 20 6C 65 76 65 6C 20 32 30 30 2E 00 01 11 09 00 44 65 6D 6F 6E 64 6F 6F 6D 12 00 52 65 61 63 68 65 64 20 6C 65 76 65 6C 20 33 30 30 2E 00 00 12 0A 00 44 72 61 6B 65 6E 62 61 6E 65 12 00 52 65 61 63 68 65 64 20 6C 65 76 65 6C 20 34 30 30 2E 00 00 13 08 00 53 69 6C 65 6E 63 65 72 12 00 52 65 61 63 68 65 64 20 6C 65 76 65 6C 20 35 30 30 2E 00 00 14 07 00 45 78 61 6C 74 65 64 13 00 52 65 61 63 68 65 64 20 6C 65 76 65 6C 20 31 30 30 30 2E 00 00 15 0D 00 41 70 65 78 20 50 72 65 64 61 74 6F 72 23 00 48 69 67 68 65 73 74 20 4C 65 76 65 6C 20 6F 6E 20 63 68 61 72 61 63 74 65 72 27 73 20 77 6F 72 6C 64 2E 00 01 16 08 00 42 69 67 20 42 6F 73 73 3E 00 48 69 67 68 65 73 74 20 73 63 6F 72 65 20 6F 66 20 61 63 63 75 6D 75 6C 61 74 65 64 20 62 6F 73 73 20 70 6F 69 6E 74 73 20 6F 6E 20 63 68 61 72 61 63 74 65 72 27 73 20 77 6F 72 6C 64 2E 00 00 17 12 00 4A 61 63 6B 20 6F 66 20 61 6C 6C 20 54 61 69 6E 74 73 47 00 48 69 67 68 65 73 74 20 73 63 6F 72 65 20 66 6F 72 20 6B 69 6C 6C 69 6E 67 20 47 6F 73 68 6E 61 72 20 61 6E 64 20 68 69 73 20 61 73 70 65 63 74 73 20 6F 6E 20 63 68 61 72 61 63 74 65 72 27 73 20 77 6F 72 6C 64 2E 00 00 18 11 00 4C 65 67 65 6E 64 20 6F 66 20 46 69 73 68 69 6E 67 2B 00 48 69 67 68 65 73 74 20 66 69 73 68 69 6E 67 20 6C 65 76 65 6C 20 6F 6E 20 63 68 61 72 61 63 74 65 72 27 73 20 77 6F 72 6C 64 2E 00 00 19 0F 00 4C 65 67 65 6E 64 20 6F 66 20 4D 61 67 69 63 29 00 48 69 67 68 65 73 74 20 6D 61 67 69 63 20 6C 65 76 65 6C 20 6F 6E 20 63 68 61 72 61 63 74 65 72 27 73 20 77 6F 72 6C 64 2E 00 00 1A 16 00 4C 65 67 65 6E 64 20 6F 66 20 4D 61 72 6B 73 6D 61 6E 73 68 69 70 2C 00 48 69 67 68 65 73 74 20 64 69 73 74 61 6E 63 65 20 6C 65 76 65 6C 20 6F 6E 20 63 68 61 72 61 63 74 65 72 27 73 20 77 6F 72 6C 64 2E 00 00 1B 11 00 4C 65 67 65 6E 64 20 6F 66 20 74 68 65 20 41 78 65 27 00 48 69 67 68 65 73 74 20 61 78 65 20 6C 65 76 65 6C 20 6F 6E 20 63 68 61 72 61 63 74 65 72 27 73 20 77 6F 72 6C 64 2E 00 00 1C 12 00 4C 65 67 65 6E 64 20 6F 66 20 74 68 65 20 43 6C 75 62 28 00 48 69 67 68 65 73 74 20 63 6C 75 62 20 6C 65 76 65 6C 20 6F 6E 20 63 68 61 72 61 63 74 65 72 27 73 20 77 6F 72 6C 64 2E 00 00 1D 12 00 4C 65 67 65 6E 64 20 6F 66 20 74 68 65 20 46 69 73 74 28 00 48 69 67 68 65 73 74 20 66 69 73 74 20 6C 65 76 65 6C 20 6F 6E 20 63 68 61 72 61 63 74 65 72 27 73 20 77 6F 72 6C 64 2E 00 00 1E 14 00 4C 65 67 65 6E 64 20 6F 66 20 74 68 65 20 53 68 69 65 6C 64 2D 00 48 69 67 68 65 73 74 20 73 68 69 65 6C 64 69 6E 67 20 6C 65 76 65 6C 20 6F 6E 20 63 68 61 72 61 63 74 65 72 27 73 20 77 6F 72 6C 64 2E 00 01 1F 13 00 4C 65 67 65 6E 64 20 6F 66 20 74 68 65 20 53 77 6F 72 64 29 00 48 69 67 68 65 73 74 20 73 77 6F 72 64 20 6C 65 76 65 6C 20 6F 6E 20 63 68 61 72 61 63 74 65 72 27 73 20 77 6F 72 6C 64 2E 00 00 20 0F 00 50 72 69 6E 63 65 20 43 68 61 72 6D 69 6E 67 3F 00 48 69 67 68 65 73 74 20 73 63 6F 72 65 20 6F 66 20 61 63 63 75 6D 75 6C 61 74 65 64 20 63 68 61 72 6D 20 70 6F 69 6E 74 73 20 6F 6E 20 63 68 61 72 61 63 74 65 72 27 73 20 77 6F 72 6C 64 2E 00 00 21 17 00 52 65 69 67 6E 69 6E 67 20 44 72 6F 6D 65 20 43 68 61 6D 70 69 6F 6E 39 00 46 69 6E 69 73 68 65 64 20 6D 6F 73 74 20 72 65 63 65 6E 74 20 54 69 62 69 61 64 72 6F 6D 65 20 72 6F 74 61 20 72 61 6E 6B 65 64 20 69 6E 20 74 68 65 20 74 6F 70 20 35 2E 00 00 22 0A 00 42 69 70 65 64 61 6E 74 69 63 27 00 55 6E 6C 6F 63 6B 65 64 20 41 6C 6C 20 48 75 6D 61 6E 6F 69 64 20 42 65 73 74 69 61 72 79 20 65 6E 74 72 69 65 73 2E 00 00 23 11 00 42 6C 6F 6F 64 20 4D 6F 6F 6E 20 48 75 6E 74 65 72 2A 00 55 6E 6C 6F 63 6B 65 64 20 41 6C 6C 20 4C 79 63 61 6E 74 68 72 6F 70 65 20 42 65 73 74 69 61 72 79 20 65 6E 74 72 69 65 73 2E 00 00 24 0B 00 43 6F 6C 64 62 6C 6F 6F 64 65 64 27 00 55 6E 6C 6F 63 6B 65 64 20 41 6C 6C 20 41 6D 70 68 69 62 69 63 20 42 65 73 74 69 61 72 79 20 65 6E 74 72 69 65 73 2E 00 00 25 10 00 44 65 61 74 68 20 66 72 6F 6D 20 42 65 6C 6F 77 23 00 55 6E 6C 6F 63 6B 65 64 20 61 6C 6C 20 42 69 72 64 20 42 65 73 74 69 61 72 79 20 65 6E 74 72 69 65 73 2E 00 00 26 09 00 44 65 6D 6F 6E 61 74 6F 72 24 00 55 6E 6C 6F 63 6B 65 64 20 61 6C 6C 20 44 65 6D 6F 6E 20 42 65 73 74 69 61 72 79 20 65 6E 74 72 69 65 73 2E 00 00 27 0C 00 44 72 61 67 6F 6E 73 6C 61 79 65 72 25 00 55 6E 6C 6F 63 6B 65 64 20 61 6C 6C 20 44 72 61 67 6F 6E 20 42 65 73 74 69 61 72 79 20 65 6E 74 72 69 65 73 2E 00 00 28 0C 00 45 6C 65 6D 65 6E 74 61 6C 69 73 74 28 00 55 6E 6C 6F 63 6B 65 64 20 61 6C 6C 20 45 6C 65 6D 65 6E 74 61 6C 20 42 65 73 74 69 61 72 79 20 65 6E 74 72 69 65 73 2E 00 00 29 0C 00 45 78 74 65 72 6D 69 6E 61 74 6F 72 25 00 55 6E 6C 6F 63 6B 65 64 20 61 6C 6C 20 56 65 72 6D 69 6E 20 42 65 73 74 69 61 72 79 20 65 6E 74 72 69 65 73 2E 00 00 2A 0B 00 46 65 79 20 53 77 61 74 74 65 72 22 00 55 6E 6C 6F 63 6B 65 64 20 61 6C 6C 20 46 65 79 20 42 65 73 74 69 61 72 79 20 65 6E 74 72 69 65 73 2E 00 00 2B 0B 00 47 68 6F 73 74 68 75 6E 74 65 72 25 00 55 6E 6C 6F 63 6B 65 64 20 61 6C 6C 20 55 6E 64 65 61 64 20 42 65 73 74 69 61 72 79 20 65 6E 74 72 69 65 73 2E 00 00 2C 08 00 48 61 6E 64 79 6D 61 6E 28 00 55 6E 6C 6F 63 6B 65 64 20 61 6C 6C 20 43 6F 6E 73 74 72 75 63 74 20 42 65 73 74 69 61 72 79 20 65 6E 74 72 69 65 73 2E 00 00 2D 08 00 48 75 6E 74 73 6D 61 6E 25 00 55 6E 6C 6F 63 6B 65 64 20 61 6C 6C 20 4D 61 6D 6D 61 6C 20 42 65 73 74 69 61 72 79 20 65 6E 74 72 69 65 73 2E 00 00 2E 1A 00 49 6E 74 65 72 64 69 6D 65 6E 73 69 6F 6E 61 6C 20 44 65 73 74 72 6F 79 65 72 30 00 55 6E 6C 6F 63 6B 65 64 20 61 6C 6C 20 45 78 74 72 61 20 44 69 6D 65 6E 73 69 6F 6E 61 6C 20 42 65 73 74 69 61 72 79 20 65 6E 74 72 69 65 73 2E 00 00 2F 09 00 4D 61 6E 68 75 6E 74 65 72 24 00 55 6E 6C 6F 63 6B 65 64 20 61 6C 6C 20 48 75 6D 61 6E 20 42 65 73 74 69 61 72 79 20 65 6E 74 72 69 65 73 2E 00 00 30 12 00 4D 61 73 74 65 72 20 6F 66 20 49 6C 6C 75 73 69 6F 6E 26 00 55 6E 6C 6F 63 6B 65 64 20 61 6C 6C 20 4D 61 67 69 63 61 6C 20 42 65 73 74 69 61 72 79 20 65 6E 74 72 69 65 73 2E 00 00 31 0A 00 4F 6F 7A 65 20 42 6C 75 65 73 24 00 55 6E 6C 6F 63 6B 65 64 20 61 6C 6C 20 53 6C 69 6D 65 20 42 65 73 74 69 61 72 79 20 65 6E 74 72 69 65 73 2E 00 00 32 08 00 53 65 61 20 42 61 6E 65 26 00 55 6E 6C 6F 63 6B 65 64 20 61 6C 6C 20 41 71 75 61 74 69 63 20 42 65 73 74 69 61 72 79 20 65 6E 74 72 69 65 73 2E 00 00 33 0D 00 53 6E 61 6B 65 20 43 68 61 72 6D 65 72 26 00 55 6E 6C 6F 63 6B 65 64 20 61 6C 6C 20 52 65 70 74 69 6C 65 20 42 65 73 74 69 61 72 79 20 65 6E 74 72 69 65 73 2E 00 00 34 07 00 54 75 6D 62 6C 65 72 24 00 55 6E 6C 6F 63 6B 65 64 20 61 6C 6C 20 47 69 61 6E 74 20 42 65 73 74 69 61 72 79 20 65 6E 74 72 69 65 73 2E 00 00 35 0A 00 57 65 65 64 6B 69 6C 6C 65 72 24 00 55 6E 6C 6F 63 6B 65 64 20 61 6C 6C 20 50 6C 61 6E 74 20 42 65 73 74 69 61 72 79 20 65 6E 74 72 69 65 73 2E 00 00 36 0A 00 49 6E 6B 20 45 72 61 73 65 72 26 00 55 6E 6C 6F 63 6B 65 64 20 61 6C 6C 20 49 6E 6B 62 6F 72 6E 20 42 65 73 74 69 61 72 79 20 65 6E 74 72 69 65 73 2E 00 00 37 0B 00 45 78 65 63 75 74 69 6F 6E 65 72 1E 00 55 6E 6C 6F 63 6B 65 64 20 61 6C 6C 20 42 65 73 74 69 61 72 79 20 65 6E 74 72 69 65 73 2E 00 00 38 10 00 42 6F 73 73 20 41 6E 6E 69 68 69 6C 61 74 6F 72 1C 00 55 6E 6C 6F 63 6B 65 64 20 61 6C 6C 20 4E 65 6D 65 73 69 73 20 62 6F 73 73 65 73 2E 00 00 39 0E 00 42 6F 73 73 20 44 65 73 74 72 6F 79 65 72 23 00 55 6E 6C 6F 63 6B 65 64 20 31 30 20 6F 72 20 6D 6F 72 65 20 41 72 63 68 66 6F 65 20 62 6F 73 73 65 73 2E 01 00 3A 0F 00 42 6F 73 73 20 44 65 76 61 73 74 61 74 6F 72 23 00 55 6E 6C 6F 63 6B 65 64 20 31 30 20 6F 72 20 6D 6F 72 65 20 4E 65 6D 65 73 69 73 20 62 6F 73 73 65 73 2E 01 00 3B 0B 00 42 6F 73 73 20 45 72 61 73 65 72 1C 00 55 6E 6C 6F 63 6B 65 64 20 61 6C 6C 20 41 72 63 68 66 6F 65 20 62 6F 73 73 65 73 2E 00 00 3C 10 00 42 6F 73 73 20 45 78 65 63 75 74 69 6F 6E 65 72 14 00 55 6E 6C 6F 63 6B 65 64 20 61 6C 6C 20 62 6F 73 73 65 73 2E 00 00 3D 0B 00 42 6F 73 73 20 48 75 6E 74 65 72 20 00 55 6E 6C 6F 63 6B 65 64 20 31 30 20 6F 72 20 6D 6F 72 65 20 42 61 6E 65 20 62 6F 73 73 65 73 2E 01 00 3E 10 00 42 6F 73 73 20 4F 62 6C 69 74 65 72 61 74 6F 72 23 00 55 6E 6C 6F 63 6B 65 64 20 34 30 20 6F 72 20 6D 6F 72 65 20 4E 65 6D 65 73 69 73 20 62 6F 73 73 65 73 2E 01 00 3F 0B 00 42 6F 73 73 20 53 6C 61 79 65 72 19 00 55 6E 6C 6F 63 6B 65 64 20 61 6C 6C 20 42 61 6E 65 20 62 6F 73 73 65 73 2E 00 00 40 0B 00 42 6F 73 73 20 53 6D 69 74 65 72 23 00 55 6E 6C 6F 63 6B 65 64 20 34 30 20 6F 72 20 6D 6F 72 65 20 41 72 63 68 66 6F 65 20 62 6F 73 73 65 73 2E 01 00 41 0C 00 42 6F 73 73 20 56 65 74 65 72 61 6E 20 00 55 6E 6C 6F 63 6B 65 64 20 34 30 20 6F 72 20 6D 6F 72 65 20 42 61 6E 65 20 62 6F 73 73 65 73 2E 01 00 42 1B 00 43 72 65 61 74 75 72 65 20 6F 66 20 48 61 62 69 74 20 28 47 72 61 64 65 20 31 29 37 00 52 65 77 61 72 64 20 53 74 72 65 61 6B 20 6F 66 20 61 74 20 6C 65 61 73 74 20 37 20 64 61 79 73 20 6F 66 20 63 6F 6E 73 65 63 75 74 69 76 65 20 6C 6F 67 69 6E 73 2E 01 00 43 1B 00 43 72 65 61 74 75 72 65 20 6F 66 20 48 61 62 69 74 20 28 47 72 61 64 65 20 32 29 38 00 52 65 77 61 72 64 20 53 74 72 65 61 6B 20 6F 66 20 61 74 20 6C 65 61 73 74 20 33 30 20 64 61 79 73 20 6F 66 20 63 6F 6E 73 65 63 75 74 69 76 65 20 6C 6F 67 69 6E 73 2E 01 00 44 1B 00 43 72 65 61 74 75 72 65 20 6F 66 20 48 61 62 69 74 20 28 47 72 61 64 65 20 33 29 38 00 52 65 77 61 72 64 20 53 74 72 65 61 6B 20 6F 66 20 61 74 20 6C 65 61 73 74 20 39 30 20 64 61 79 73 20 6F 66 20 63 6F 6E 73 65 63 75 74 69 76 65 20 6C 6F 67 69 6E 73 2E 01 00 45 1B 00 43 72 65 61 74 75 72 65 20 6F 66 20 48 61 62 69 74 20 28 47 72 61 64 65 20 34 29 39 00 52 65 77 61 72 64 20 53 74 72 65 61 6B 20 6F 66 20 61 74 20 6C 65 61 73 74 20 31 38 30 20 64 61 79 73 20 6F 66 20 63 6F 6E 73 65 63 75 74 69 76 65 20 6C 6F 67 69 6E 73 2E 01 00 46 1B 00 43 72 65 61 74 75 72 65 20 6F 66 20 48 61 62 69 74 20 28 47 72 61 64 65 20 35 29 39 00 52 65 77 61 72 64 20 53 74 72 65 61 6B 20 6F 66 20 61 74 20 6C 65 61 73 74 20 33 36 35 20 64 61 79 73 20 6F 66 20 63 6F 6E 73 65 63 75 74 69 76 65 20 6C 6F 67 69 6E 73 2E 01 00 47 11 00 41 73 70 69 72 69 6E 67 20 48 75 6E 74 73 6D 61 6E 1E 00 49 6E 76 65 73 74 65 64 20 31 36 30 2C 30 30 30 20 74 61 73 6B 73 20 70 6F 69 6E 74 73 2E 01 00 48 15 00 43 6F 6D 70 65 74 65 6E 74 20 42 65 61 73 74 73 6C 61 79 65 72 1E 00 49 6E 76 65 73 74 65 64 20 33 32 30 2C 30 30 30 20 74 61 73 6B 73 20 70 6F 69 6E 74 73 2E 01 00 49 13 00 46 65 61 72 65 64 20 42 6F 75 6E 74 79 68 75 6E 74 65 72 1E 00 49 6E 76 65 73 74 65 64 20 34 33 30 2C 30 30 30 20 74 61 73 6B 73 20 70 6F 69 6E 74 73 2E 01 00 4A 16 00 44 65 64 69 63 61 74 65 64 20 45 6E 74 72 65 70 72 65 6E 65 75 72 22 00 45 78 70 6C 6F 72 65 64 20 35 30 25 20 6F 66 20 61 6C 6C 20 74 68 65 20 6D 61 70 20 61 72 65 61 73 2E 00 00 4B 0C 00 47 6C 6F 62 65 74 72 6F 74 74 65 72 17 00 45 78 70 6C 6F 72 65 64 20 61 6C 6C 20 6D 61 70 20 61 72 65 61 73 2E 00 00 4C 0C 00 47 75 69 6C 64 20 4C 65 61 64 65 72 10 00 4C 65 61 64 69 6E 67 20 61 20 47 75 69 6C 64 2E 00 00 4D 14 00 50 72 6F 63 6F 6E 73 75 6C 20 6F 66 20 49 6B 73 75 70 61 6E 6F 00 4F 6E 6C 79 20 61 20 74 72 75 65 20 64 65 76 6F 74 65 65 20 74 6F 20 74 68 65 20 63 61 75 73 65 20 6F 66 20 74 68 65 20 61 6E 63 69 65 6E 74 20 49 6B 73 20 61 6E 64 20 74 68 65 69 72 20 6C 6F 73 74 20 6C 65 67 61 63 79 20 6D 61 79 20 73 74 65 70 20 75 70 20 74 6F 20 74 68 65 20 72 61 6E 6B 20 6F 66 20 70 72 6F 63 6F 6E 73 75 6C 2E 01 00 4E 14 00 41 64 6D 69 72 65 72 20 6F 66 20 74 68 65 20 43 72 6F 77 6E 20 00 41 64 6A 75 73 74 20 79 6F 75 72 20 63 72 6F 77 6E 20 61 6E 64 20 68 61 6E 64 6C 65 20 69 74 2E 01 00 4F 0B 00 42 69 67 20 53 70 65 6E 64 65 72 20 00 55 6E 6C 6F 63 6B 65 64 20 74 68 65 20 66 75 6C 6C 20 47 6F 6C 64 65 6E 20 4F 75 74 66 69 74 2E 01 00 50 15 00 43 68 61 6C 6C 65 6E 67 65 72 20 6F 66 20 74 68 65 20 49 6B 73 48 00 43 68 61 6C 6C 65 6E 67 65 64 20 41 68 61 75 2C 20 67 75 61 72 64 69 61 6E 20 6F 66 20 49 6B 73 75 70 61 6E 2C 20 69 6E 20 74 72 61 64 69 74 69 6F 6E 61 6C 20 49 6B 73 20 77 61 72 72 69 6F 72 20 61 74 74 69 72 65 2E 01 00 51 17 00 52 6F 79 61 6C 20 42 6F 75 6E 61 63 65 61 6E 20 41 64 76 69 73 6F 72 3B 00 43 61 6C 6C 65 64 20 74 6F 20 74 68 65 20 63 6F 75 72 74 20 6F 66 20 42 6F 75 6E 61 63 20 62 79 20 4B 65 73 61 72 20 74 68 65 20 59 6F 75 6E 67 65 72 20 68 69 6D 73 65 6C 66 2E 01 00 52 08 00 41 65 74 65 72 6E 61 6C 51 00 41 77 61 72 64 65 64 20 65 78 63 6C 75 73 69 76 65 6C 79 20 74 6F 20 73 74 61 6C 77 61 72 74 20 68 65 72 6F 65 73 20 6B 65 65 70 69 6E 67 20 74 68 65 20 66 61 69 74 68 20 75 6E 64 65 72 20 61 6C 6C 20 63 69 72 63 75 6D 73 74 61 6E 63 65 73 2E 01 00 53 0F 00 52 6F 62 69 6E 73 6F 6E 20 43 72 75 73 6F 65 75 00 53 6F 6D 65 20 64 69 73 63 6F 76 65 72 69 65 73 20 61 72 65 20 72 65 73 65 72 76 65 64 20 74 6F 20 6F 6E 6C 79 20 74 68 65 20 6D 6F 73 74 20 65 78 70 65 72 69 65 6E 63 65 64 20 61 64 76 65 6E 74 75 72 65 72 73 2E 20 55 6E 74 69 6C 20 74 68 65 20 6E 65 78 74 20 66 72 6F 6E 74 69 65 72 20 6F 70 65 6E 73 20 6F 6E 20 74 68 65 20 68 6F 72 69 7A 6F 6E 2E 01 00 54 0C 00 43 68 6F 6D 70 6D 65 69 73 74 65 72 56 00 41 77 61 72 64 65 64 20 6F 6E 6C 79 20 74 6F 20 74 72 75 65 20 63 6F 6E 6E 6F 69 73 73 65 75 72 73 20 75 6E 64 65 72 74 61 6B 69 6E 67 20 65 76 65 6E 20 74 68 65 20 6D 6F 73 74 20 65 78 6F 74 69 63 20 63 75 6C 69 6E 61 72 79 20 65 73 63 61 70 61 64 65 73 2E 01 00 55 0F 00 42 72 69 6E 67 65 72 20 6F 66 20 52 61 69 6E 3A 00 46 6F 72 67 69 6E 67 20 74 68 72 6F 75 67 68 20 62 61 74 74 6C 65 20 61 66 74 65 72 20 62 61 74 74 6C 65 20 6C 69 6B 65 20 61 20 74 72 75 65 20 67 6C 61 64 69 61 74 6F 72 2E 01 00 56 07 00 42 65 61 73 74 6C 79 29 00 52 65 61 63 68 65 64 20 32 30 30 30 20 63 68 61 72 6D 20 70 6F 69 6E 74 73 2E 20 51 75 69 74 65 20 62 65 61 73 74 6C 79 21 01 00 57 0F 00 4D 69 64 6E 69 67 68 74 20 48 75 6E 74 65 72 42 00 57 68 65 6E 20 74 68 65 20 68 75 6E 74 65 72 20 62 65 63 6F 6D 65 73 20 74 68 65 20 68 75 6E 74 65 64 2C 20 70 65 72 73 65 76 65 72 61 6E 63 65 20 64 65 63 69 64 65 73 20 74 68 65 20 67 61 6D 65 2E 01 00 58 09 00 52 61 74 69 6E 61 74 6F 72 5B 00 4B 69 6C 6C 69 6E 67 20 73 6F 6D 65 20 73 6E 61 72 6B 79 20 63 61 76 65 20 72 61 74 73 20 69 73 20 68 65 6C 70 66 75 6C 2C 20 6B 69 6C 6C 69 6E 67 20 6F 76 65 72 20 74 65 6E 20 74 68 6F 75 73 61 6E 64 20 6F 66 20 74 68 65 6D 20 69 73 20 61 20 73 74 61 74 65 6D 65 6E 74 2E 01 00 59 10 00 44 6F 6F 6D 73 64 61 79 20 4E 65 6D 65 73 69 73 3A 00 41 77 61 72 64 65 64 20 66 6F 72 20 67 72 65 61 74 20 68 65 6C 70 20 69 6E 20 74 68 65 20 62 61 74 74 6C 65 20 61 67 61 69 6E 73 74 20 47 61 7A 27 68 61 72 61 67 6F 74 68 2E 01 00 5A 0E 00 48 65 72 6F 20 6F 66 20 42 6F 75 6E 61 63 6A 00 59 6F 75 20 70 72 65 76 61 69 6C 65 64 20 64 75 72 69 6E 67 20 74 68 65 20 62 61 74 74 6C 65 20 6F 66 20 42 6F 75 6E 61 63 20 61 6E 64 20 62 72 6F 6B 65 20 74 68 65 20 73 69 65 67 65 20 74 68 61 74 20 68 65 6C 64 20 42 6F 75 6E 61 63 27 73 20 70 65 6F 70 6C 65 20 69 6E 20 69 74 73 20 66 69 72 6D 20 67 72 61 73 70 2E 01 00 5B 0D 00 4B 69 6E 67 20 6F 66 20 44 65 6D 6F 6E 1A 00 44 65 66 65 61 74 20 4D 6F 72 73 68 61 62 61 61 6C 20 35 20 74 69 6D 65 73 2E 01 00 5C 0A 00 50 6C 61 6E 65 67 61 7A 65 72 32 00 46 6F 6C 6C 6F 77 65 64 20 74 68 65 20 74 72 61 69 6C 20 6F 66 20 74 68 65 20 50 6C 61 6E 65 73 74 72 69 64 65 72 20 74 6F 20 74 68 65 20 65 6E 64 2E 01 00 5D 0E 00 54 69 6D 65 20 54 72 61 76 65 6C 6C 65 72 1A 00 41 6E 79 77 68 65 72 65 20 69 6E 20 74 69 6D 65 20 6F 72 20 73 70 61 63 65 2E 01 00 5E 0A 00 54 72 75 6C 79 20 42 6F 73 73 19 00 52 65 61 63 68 20 31 35 2C 30 30 30 20 62 6F 73 73 20 70 6F 69 6E 74 73 2E 01 00 5F 10 00 50 65 6E 73 69 76 65 20 57 61 6E 64 65 72 65 72 6A 00 59 6F 75 20 68 61 76 65 20 68 6F 6E 6F 75 72 65 64 20 74 68 65 20 4D 65 72 75 64 72 69 20 62 79 20 76 69 73 69 74 69 6E 67 20 61 6C 6C 20 6F 66 20 74 68 65 69 72 20 73 68 72 69 6E 65 73 20 61 6E 64 20 63 6F 6D 70 6C 65 74 69 6E 67 20 74 68 65 20 61 6E 63 69 65 6E 74 20 54 68 72 65 65 2D 46 6F 6C 64 20 50 61 74 68 2E 01 00 

LEN=6083 TYPE=11
DA 0B 00 00 5F 01 0C 00 47 6F 6C 64 20 48 6F 61 72 64 65 72 1F 00 45 61 72 6E 65 64 20 61 74 20 6C 65 61 73 74 20 31 2C 30 30 30 2C 30 30 30 20 67 6F 6C 64 2E 00 00 02 10 00 50 6C 61 74 69 6E 75 6D 20 48 6F 61 72 64 65 72 20 00 45 61 72 6E 65 64 20 61 74 20 6C 65 61 73 74 20 31 30 2C 30 30 30 2C 30 30 30 20 67 6F 6C 64 2E 00 00 03 0F 00 43 72 79 73 74 61 6C 20 48 6F 61 72 64 65 72 21 00 45 61 72 6E 65 64 20 61 74 20 6C 65 61 73 74 20 31 30 30 2C 30 30 30 2C 30 30 30 20 67 6F 6C 64 2E 00 00 04 16 00 42 65 61 73 74 73 74 72 69 64 65 72 20 28 47 72 61 64 65 20 31 29 1B 00 55 6E 6C 6F 63 6B 65 64 20 31 30 20 6F 72 20 6D 6F 72 65 20 4D 6F 75 6E 74 73 2E 01 00 05 16 00 42 65 61 73 74 73 74 72 69 64 65 72 20 28 47 72 61 64 65 20 32 29 1B 00 55 6E 6C 6F 63 6B 65 64 20 32 30 20 6F 72 20 6D 6F 72 65 20 4D 6F 75 6E 74 73 2E 01 00 06 16 00 42 65 61 73 74 73 74 72 69 64 65 72 20 28 47 72 61 64 65 20 33 29 1B 00 55 6E 6C 6F 63 6B 65 64 20 33 30 20 6F 72 20 6D 6F 72 65 20 4D 6F 75 6E 74 73 2E 01 00 07 16 00 42 65 61 73 74 73 74 72 69 64 65 72 20 28 47 72 61 64 65 20 34 29 1B 00 55 6E 6C 6F 63 6B 65 64 20 34 30 20 6F 72 20 6D 6F 72 65 20 4D 6F 75 6E 74 73 2E 01 00 08 16 00 42 65 61 73 74 73 74 72 69 64 65 72 20 28 47 72 61 64 65 20 35 29 1B 00 55 6E 6C 6F 63 6B 65 64 20 35 30 20 6F 72 20 6D 6F 72 65 20 4D 6F 75 6E 74 73 2E 01 00 09 1A 00 54 69 62 69 61 27 73 20 54 6F 70 6D 6F 64 65 6C 20 28 47 72 61 64 65 20 31 29 1C 00 55 6E 6C 6F 63 6B 65 64 20 31 30 20 6F 72 20 6D 6F 72 65 20 4F 75 74 66 69 74 73 2E 01 00 0A 1A 00 54 69 62 69 61 27 73 20 54 6F 70 6D 6F 64 65 6C 20 28 47 72 61 64 65 20 32 29 1C 00 55 6E 6C 6F 63 6B 65 64 20 32 30 20 6F 72 20 6D 6F 72 65 20 4F 75 74 66 69 74 73 2E 01 00 0B 1A 00 54 69 62 69 61 27 73 20 54 6F 70 6D 6F 64 65 6C 20 28 47 72 61 64 65 20 33 29 1C 00 55 6E 6C 6F 63 6B 65 64 20 33 30 20 6F 72 20 6D 6F 72 65 20 4F 75 74 66 69 74 73 2E 01 00 0C 1A 00 54 69 62 69 61 27 73 20 54 6F 70 6D 6F 64 65 6C 20 28 47 72 61 64 65 20 34 29 1C 00 55 6E 6C 6F 63 6B 65 64 20 34 30 20 6F 72 20 6D 6F 72 65 20 4F 75 74 66 69 74 73 2E 01 00 0D 1A 00 54 69 62 69 61 27 73 20 54 6F 70 6D 6F 64 65 6C 20 28 47 72 61 64 65 20 35 29 1C 00 55 6E 6C 6F 63 6B 65 64 20 35 30 20 6F 72 20 6D 6F 72 65 20 4F 75 74 66 69 74 73 2E 01 00 0E 0C 00 54 72 6F 6C 6C 74 72 61 73 68 65 72 11 00 52 65 61 63 68 65 64 20 6C 65 76 65 6C 20 35 30 2E 00 01 0F 0D 00 43 79 63 6C 6F 70 73 63 61 6D 70 65 72 12 00 52 65 61 63 68 65 64 20 6C 65 76 65 6C 20 31 30 30 2E 00 01 10 0C 00 44 72 61 67 6F 6E 64 6F 75 73 65 72 12 00 52 65 61 63 68 65 64 20 6C 65 76 65 6C 20 32 30 30 2E 00 01 11 09 00 44 65 6D 6F 6E 64 6F 6F 6D 12 00 52 65 61 63 68 65 64 20 6C 65 76 65 6C 20 33 30 30 2E 00 00 12 0A 00 44 72 61 6B 65 6E 62 61 6E 65 12 00 52 65 61 63 68 65 64 20 6C 65 76 65 6C 20 34 30 30 2E 00 00 13 08 00 53 69 6C 65 6E 63 65 72 12 00 52 65 61 63 68 65 64 20 6C 65 76 65 6C 20 35 30 30 2E 00 00 14 07 00 45 78 61 6C 74 65 64 13 00 52 65 61 63 68 65 64 20 6C 65 76 65 6C 20 31 30 30 30 2E 00 00 15 0D 00 41 70 65 78 20 50 72 65 64 61 74 6F 72 23 00 48 69 67 68 65 73 74 20 4C 65 76 65 6C 20 6F 6E 20 63 68 61 72 61 63 74 65 72 27 73 20 77 6F 72 6C 64 2E 00 01 16 08 00 42 69 67 20 42 6F 73 73 3E 00 48 69 67 68 65 73 74 20 73 63 6F 72 65 20 6F 66 20 61 63 63 75 6D 75 6C 61 74 65 64 20 62 6F 73 73 20 70 6F 69 6E 74 73 20 6F 6E 20 63 68 61 72 61 63 74 65 72 27 73 20 77 6F 72 6C 64 2E 00 00 17 12 00 4A 61 63 6B 20 6F 66 20 61 6C 6C 20 54 61 69 6E 74 73 47 00 48 69 67 68 65 73 74 20 73 63 6F 72 65 20 66 6F 72 20 6B 69 6C 6C 69 6E 67 20 47 6F 73 68 6E 61 72 20 61 6E 64 20 68 69 73 20 61 73 70 65 63 74 73 20 6F 6E 20 63 68 61 72 61 63 74 65 72 27 73 20 77 6F 72 6C 64 2E 00 00 18 11 00 4C 65 67 65 6E 64 20 6F 66 20 46 69 73 68 69 6E 67 2B 00 48 69 67 68 65 73 74 20 66 69 73 68 69 6E 67 20 6C 65 76 65 6C 20 6F 6E 20 63 68 61 72 61 63 74 65 72 27 73 20 77 6F 72 6C 64 2E 00 00 19 0F 00 4C 65 67 65 6E 64 20 6F 66 20 4D 61 67 69 63 29 00 48 69 67 68 65 73 74 20 6D 61 67 69 63 20 6C 65 76 65 6C 20 6F 6E 20 63 68 61 72 61 63 74 65 72 27 73 20 77 6F 72 6C 64 2E 00 00 1A 16 00 4C 65 67 65 6E 64 20 6F 66 20 4D 61 72 6B 73 6D 61 6E 73 68 69 70 2C 00 48 69 67 68 65 73 74 20 64 69 73 74 61 6E 63 65 20 6C 65 76 65 6C 20 6F 6E 20 63 68 61 72 61 63 74 65 72 27 73 20 77 6F 72 6C 64 2E 00 00 1B 11 00 4C 65 67 65 6E 64 20 6F 66 20 74 68 65 20 41 78 65 27 00 48 69 67 68 65 73 74 20 61 78 65 20 6C 65 76 65 6C 20 6F 6E 20 63 68 61 72 61 63 74 65 72 27 73 20 77 6F 72 6C 64 2E 00 00 1C 12 00 4C 65 67 65 6E 64 20 6F 66 20 74 68 65 20 43 6C 75 62 28 00 48 69 67 68 65 73 74 20 63 6C 75 62 20 6C 65 76 65 6C 20 6F 6E 20 63 68 61 72 61 63 74 65 72 27 73 20 77 6F 72 6C 64 2E 00 00 1D 12 00 4C 65 67 65 6E 64 20 6F 66 20 74 68 65 20 46 69 73 74 28 00 48 69 67 68 65 73 74 20 66 69 73 74 20 6C 65 76 65 6C 20 6F 6E 20 63 68 61 72 61 63 74 65 72 27 73 20 77 6F 72 6C 64 2E 00 00 1E 14 00 4C 65 67 65 6E 64 20 6F 66 20 74 68 65 20 53 68 69 65 6C 64 2D 00 48 69 67 68 65 73 74 20 73 68 69 65 6C 64 69 6E 67 20 6C 65 76 65 6C 20 6F 6E 20 63 68 61 72 61 63 74 65 72 27 73 20 77 6F 72 6C 64 2E 00 01 1F 13 00 4C 65 67 65 6E 64 20 6F 66 20 74 68 65 20 53 77 6F 72 64 29 00 48 69 67 68 65 73 74 20 73 77 6F 72 64 20 6C 65 76 65 6C 20 6F 6E 20 63 68 61 72 61 63 74 65 72 27 73 20 77 6F 72 6C 64 2E 00 00 20 0F 00 50 72 69 6E 63 65 20 43 68 61 72 6D 69 6E 67 3F 00 48 69 67 68 65 73 74 20 73 63 6F 72 65 20 6F 66 20 61 63 63 75 6D 75 6C 61 74 65 64 20 63 68 61 72 6D 20 70 6F 69 6E 74 73 20 6F 6E 20 63 68 61 72 61 63 74 65 72 27 73 20 77 6F 72 6C 64 2E 00 00 21 17 00 52 65 69 67 6E 69 6E 67 20 44 72 6F 6D 65 20 43 68 61 6D 70 69 6F 6E 39 00 46 69 6E 69 73 68 65 64 20 6D 6F 73 74 20 72 65 63 65 6E 74 20 54 69 62 69 61 64 72 6F 6D 65 20 72 6F 74 61 20 72 61 6E 6B 65 64 20 69 6E 20 74 68 65 20 74 6F 70 20 35 2E 00 00 22 0A 00 42 69 70 65 64 61 6E 74 69 63 27 00 55 6E 6C 6F 63 6B 65 64 20 41 6C 6C 20 48 75 6D 61 6E 6F 69 64 20 42 65 73 74 69 61 72 79 20 65 6E 74 72 69 65 73 2E 00 00 23 11 00 42 6C 6F 6F 64 20 4D 6F 6F 6E 20 48 75 6E 74 65 72 2A 00 55 6E 6C 6F 63 6B 65 64 20 41 6C 6C 20 4C 79 63 61 6E 74 68 72 6F 70 65 20 42 65 73 74 69 61 72 79 20 65 6E 74 72 69 65 73 2E 00 00 24 0B 00 43 6F 6C 64 62 6C 6F 6F 64 65 64 27 00 55 6E 6C 6F 63 6B 65 64 20 41 6C 6C 20 41 6D 70 68 69 62 69 63 20 42 65 73 74 69 61 72 79 20 65 6E 74 72 69 65 73 2E 00 00 25 10 00 44 65 61 74 68 20 66 72 6F 6D 20 42 65 6C 6F 77 23 00 55 6E 6C 6F 63 6B 65 64 20 61 6C 6C 20 42 69 72 64 20 42 65 73 74 69 61 72 79 20 65 6E 74 72 69 65 73 2E 00 00 26 09 00 44 65 6D 6F 6E 61 74 6F 72 24 00 55 6E 6C 6F 63 6B 65 64 20 61 6C 6C 20 44 65 6D 6F 6E 20 42 65 73 74 69 61 72 79 20 65 6E 74 72 69 65 73 2E 00 00 27 0C 00 44 72 61 67 6F 6E 73 6C 61 79 65 72 25 00 55 6E 6C 6F 63 6B 65 64 20 61 6C 6C 20 44 72 61 67 6F 6E 20 42 65 73 74 69 61 72 79 20 65 6E 74 72 69 65 73 2E 00 00 28 0C 00 45 6C 65 6D 65 6E 74 61 6C 69 73 74 28 00 55 6E 6C 6F 63 6B 65 64 20 61 6C 6C 20 45 6C 65 6D 65 6E 74 61 6C 20 42 65 73 74 69 61 72 79 20 65 6E 74 72 69 65 73 2E 00 00 29 0C 00 45 78 74 65 72 6D 69 6E 61 74 6F 72 25 00 55 6E 6C 6F 63 6B 65 64 20 61 6C 6C 20 56 65 72 6D 69 6E 20 42 65 73 74 69 61 72 79 20 65 6E 74 72 69 65 73 2E 00 00 2A 0B 00 46 65 79 20 53 77 61 74 74 65 72 22 00 55 6E 6C 6F 63 6B 65 64 20 61 6C 6C 20 46 65 79 20 42 65 73 74 69 61 72 79 20 65 6E 74 72 69 65 73 2E 00 00 2B 0B 00 47 68 6F 73 74 68 75 6E 74 65 72 25 00 55 6E 6C 6F 63 6B 65 64 20 61 6C 6C 20 55 6E 64 65 61 64 20 42 65 73 74 69 61 72 79 20 65 6E 74 72 69 65 73 2E 00 00 2C 08 00 48 61 6E 64 79 6D 61 6E 28 00 55 6E 6C 6F 63 6B 65 64 20 61 6C 6C 20 43 6F 6E 73 74 72 75 63 74 20 42 65 73 74 69 61 72 79 20 65 6E 74 72 69 65 73 2E 00 00 2D 08 00 48 75 6E 74 73 6D 61 6E 25 00 55 6E 6C 6F 63 6B 65 64 20 61 6C 6C 20 4D 61 6D 6D 61 6C 20 42 65 73 74 69 61 72 79 20 65 6E 74 72 69 65 73 2E 00 00 2E 1A 00 49 6E 74 65 72 64 69 6D 65 6E 73 69 6F 6E 61 6C 20 44 65 73 74 72 6F 79 65 72 30 00 55 6E 6C 6F 63 6B 65 64 20 61 6C 6C 20 45 78 74 72 61 20 44 69 6D 65 6E 73 69 6F 6E 61 6C 20 42 65 73 74 69 61 72 79 20 65 6E 74 72 69 65 73 2E 00 00 2F 09 00 4D 61 6E 68 75 6E 74 65 72 24 00 55 6E 6C 6F 63 6B 65 64 20 61 6C 6C 20 48 75 6D 61 6E 20 42 65 73 74 69 61 72 79 20 65 6E 74 72 69 65 73 2E 00 00 30 12 00 4D 61 73 74 65 72 20 6F 66 20 49 6C 6C 75 73 69 6F 6E 26 00 55 6E 6C 6F 63 6B 65 64 20 61 6C 6C 20 4D 61 67 69 63 61 6C 20 42 65 73 74 69 61 72 79 20 65 6E 74 72 69 65 73 2E 00 00 31 0A 00 4F 6F 7A 65 20 42 6C 75 65 73 24 00 55 6E 6C 6F 63 6B 65 64 20 61 6C 6C 20 53 6C 69 6D 65 20 42 65 73 74 69 61 72 79 20 65 6E 74 72 69 65 73 2E 00 00 32 08 00 53 65 61 20 42 61 6E 65 26 00 55 6E 6C 6F 63 6B 65 64 20 61 6C 6C 20 41 71 75 61 74 69 63 20 42 65 73 74 69 61 72 79 20 65 6E 74 72 69 65 73 2E 00 00 33 0D 00 53 6E 61 6B 65 20 43 68 61 72 6D 65 72 26 00 55 6E 6C 6F 63 6B 65 64 20 61 6C 6C 20 52 65 70 74 69 6C 65 20 42 65 73 74 69 61 72 79 20 65 6E 74 72 69 65 73 2E 00 00 34 07 00 54 75 6D 62 6C 65 72 24 00 55 6E 6C 6F 63 6B 65 64 20 61 6C 6C 20 47 69 61 6E 74 20 42 65 73 74 69 61 72 79 20 65 6E 74 72 69 65 73 2E 00 00 35 0A 00 57 65 65 64 6B 69 6C 6C 65 72 24 00 55 6E 6C 6F 63 6B 65 64 20 61 6C 6C 20 50 6C 61 6E 74 20 42 65 73 74 69 61 72 79 20 65 6E 74 72 69 65 73 2E 00 00 36 0A 00 49 6E 6B 20 45 72 61 73 65 72 26 00 55 6E 6C 6F 63 6B 65 64 20 61 6C 6C 20 49 6E 6B 62 6F 72 6E 20 42 65 73 74 69 61 72 79 20 65 6E 74 72 69 65 73 2E 00 00 37 0B 00 45 78 65 63 75 74 69 6F 6E 65 72 1E 00 55 6E 6C 6F 63 6B 65 64 20 61 6C 6C 20 42 65 73 74 69 61 72 79 20 65 6E 74 72 69 65 73 2E 00 00 38 10 00 42 6F 73 73 20 41 6E 6E 69 68 69 6C 61 74 6F 72 1C 00 55 6E 6C 6F 63 6B 65 64 20 61 6C 6C 20 4E 65 6D 65 73 69 73 20 62 6F 73 73 65 73 2E 00 00 39 0E 00 42 6F 73 73 20 44 65 73 74 72 6F 79 65 72 23 00 55 6E 6C 6F 63 6B 65 64 20 31 30 20 6F 72 20 6D 6F 72 65 20 41 72 63 68 66 6F 65 20 62 6F 73 73 65 73 2E 01 00 3A 0F 00 42 6F 73 73 20 44 65 76 61 73 74 61 74 6F 72 23 00 55 6E 6C 6F 63 6B 65 64 20 31 30 20 6F 72 20 6D 6F 72 65 20 4E 65 6D 65 73 69 73 20 62 6F 73 73 65 73 2E 01 00 3B 0B 00 42 6F 73 73 20 45 72 61 73 65 72 1C 00 55 6E 6C 6F 63 6B 65 64 20 61 6C 6C 20 41 72 63 68 66 6F 65 20 62 6F 73 73 65 73 2E 00 00 3C 10 00 42 6F 73 73 20 45 78 65 63 75 74 69 6F 6E 65 72 14 00 55 6E 6C 6F 63 6B 65 64 20 61 6C 6C 20 62 6F 73 73 65 73 2E 00 00 3D 0B 00 42 6F 73 73 20 48 75 6E 74 65 72 20 00 55 6E 6C 6F 63 6B 65 64 20 31 30 20 6F 72 20 6D 6F 72 65 20 42 61 6E 65 20 62 6F 73 73 65 73 2E 01 00 3E 10 00 42 6F 73 73 20 4F 62 6C 69 74 65 72 61 74 6F 72 23 00 55 6E 6C 6F 63 6B 65 64 20 34 30 20 6F 72 20 6D 6F 72 65 20 4E 65 6D 65 73 69 73 20 62 6F 73 73 65 73 2E 01 00 3F 0B 00 42 6F 73 73 20 53 6C 61 79 65 72 19 00 55 6E 6C 6F 63 6B 65 64 20 61 6C 6C 20 42 61 6E 65 20 62 6F 73 73 65 73 2E 00 00 40 0B 00 42 6F 73 73 20 53 6D 69 74 65 72 23 00 55 6E 6C 6F 63 6B 65 64 20 34 30 20 6F 72 20 6D 6F 72 65 20 41 72 63 68 66 6F 65 20 62 6F 73 73 65 73 2E 01 00 41 0C 00 42 6F 73 73 20 56 65 74 65 72 61 6E 20 00 55 6E 6C 6F 63 6B 65 64 20 34 30 20 6F 72 20 6D 6F 72 65 20 42 61 6E 65 20 62 6F 73 73 65 73 2E 01 00 42 1B 00 43 72 65 61 74 75 72 65 20 6F 66 20 48 61 62 69 74 20 28 47 72 61 64 65 20 31 29 37 00 52 65 77 61 72 64 20 53 74 72 65 61 6B 20 6F 66 20 61 74 20 6C 65 61 73 74 20 37 20 64 61 79 73 20 6F 66 20 63 6F 6E 73 65 63 75 74 69 76 65 20 6C 6F 67 69 6E 73 2E 01 00 43 1B 00 43 72 65 61 74 75 72 65 20 6F 66 20 48 61 62 69 74 20 28 47 72 61 64 65 20 32 29 38 00 52 65 77 61 72 64 20 53 74 72 65 61 6B 20 6F 66 20 61 74 20 6C 65 61 73 74 20 33 30 20 64 61 79 73 20 6F 66 20 63 6F 6E 73 65 63 75 74 69 76 65 20 6C 6F 67 69 6E 73 2E 01 00 44 1B 00 43 72 65 61 74 75 72 65 20 6F 66 20 48 61 62 69 74 20 28 47 72 61 64 65 20 33 29 38 00 52 65 77 61 72 64 20 53 74 72 65 61 6B 20 6F 66 20 61 74 20 6C 65 61 73 74 20 39 30 20 64 61 79 73 20 6F 66 20 63 6F 6E 73 65 63 75 74 69 76 65 20 6C 6F 67 69 6E 73 2E 01 00 45 1B 00 43 72 65 61 74 75 72 65 20 6F 66 20 48 61 62 69 74 20 28 47 72 61 64 65 20 34 29 39 00 52 65 77 61 72 64 20 53 74 72 65 61 6B 20 6F 66 20 61 74 20 6C 65 61 73 74 20 31 38 30 20 64 61 79 73 20 6F 66 20 63 6F 6E 73 65 63 75 74 69 76 65 20 6C 6F 67 69 6E 73 2E 01 00 46 1B 00 43 72 65 61 74 75 72 65 20 6F 66 20 48 61 62 69 74 20 28 47 72 61 64 65 20 35 29 39 00 52 65 77 61 72 64 20 53 74 72 65 61 6B 20 6F 66 20 61 74 20 6C 65 61 73 74 20 33 36 35 20 64 61 79 73 20 6F 66 20 63 6F 6E 73 65 63 75 74 69 76 65 20 6C 6F 67 69 6E 73 2E 01 00 47 11 00 41 73 70 69 72 69 6E 67 20 48 75 6E 74 73 6D 61 6E 1E 00 49 6E 76 65 73 74 65 64 20 31 36 30 2C 30 30 30 20 74 61 73 6B 73 20 70 6F 69 6E 74 73 2E 01 00 48 15 00 43 6F 6D 70 65 74 65 6E 74 20 42 65 61 73 74 73 6C 61 79 65 72 1E 00 49 6E 76 65 73 74 65 64 20 33 32 30 2C 30 30 30 20 74 61 73 6B 73 20 70 6F 69 6E 74 73 2E 01 00 49 13 00 46 65 61 72 65 64 20 42 6F 75 6E 74 79 68 75 6E 74 65 72 1E 00 49 6E 76 65 73 74 65 64 20 34 33 30 2C 30 30 30 20 74 61 73 6B 73 20 70 6F 69 6E 74 73 2E 01 00 4A 16 00 44 65 64 69 63 61 74 65 64 20 45 6E 74 72 65 70 72 65 6E 65 75 72 22 00 45 78 70 6C 6F 72 65 64 20 35 30 25 20 6F 66 20 61 6C 6C 20 74 68 65 20 6D 61 70 20 61 72 65 61 73 2E 00 00 4B 0C 00 47 6C 6F 62 65 74 72 6F 74 74 65 72 17 00 45 78 70 6C 6F 72 65 64 20 61 6C 6C 20 6D 61 70 20 61 72 65 61 73 2E 00 00 4C 0C 00 47 75 69 6C 64 20 4C 65 61 64 65 72 10 00 4C 65 61 64 69 6E 67 20 61 20 47 75 69 6C 64 2E 00 00 4D 14 00 50 72 6F 63 6F 6E 73 75 6C 20 6F 66 20 49 6B 73 75 70 61 6E 6F 00 4F 6E 6C 79 20 61 20 74 72 75 65 20 64 65 76 6F 74 65 65 20 74 6F 20 74 68 65 20 63 61 75 73 65 20 6F 66 20 74 68 65 20 61 6E 63 69 65 6E 74 20 49 6B 73 20 61 6E 64 20 74 68 65 69 72 20 6C 6F 73 74 20 6C 65 67 61 63 79 20 6D 61 79 20 73 74 65 70 20 75 70 20 74 6F 20 74 68 65 20 72 61 6E 6B 20 6F 66 20 70 72 6F 63 6F 6E 73 75 6C 2E 01 00 4E 14 00 41 64 6D 69 72 65 72 20 6F 66 20 74 68 65 20 43 72 6F 77 6E 20 00 41 64 6A 75 73 74 20 79 6F 75 72 20 63 72 6F 77 6E 20 61 6E 64 20 68 61 6E 64 6C 65 20 69 74 2E 01 00 4F 0B 00 42 69 67 20 53 70 65 6E 64 65 72 20 00 55 6E 6C 6F 63 6B 65 64 20 74 68 65 20 66 75 6C 6C 20 47 6F 6C 64 65 6E 20 4F 75 74 66 69 74 2E 01 00 50 15 00 43 68 61 6C 6C 65 6E 67 65 72 20 6F 66 20 74 68 65 20 49 6B 73 48 00 43 68 61 6C 6C 65 6E 67 65 64 20 41 68 61 75 2C 20 67 75 61 72 64 69 61 6E 20 6F 66 20 49 6B 73 75 70 61 6E 2C 20 69 6E 20 74 72 61 64 69 74 69 6F 6E 61 6C 20 49 6B 73 20 77 61 72 72 69 6F 72 20 61 74 74 69 72 65 2E 01 00 51 17 00 52 6F 79 61 6C 20 42 6F 75 6E 61 63 65 61 6E 20 41 64 76 69 73 6F 72 3B 00 43 61 6C 6C 65 64 20 74 6F 20 74 68 65 20 63 6F 75 72 74 20 6F 66 20 42 6F 75 6E 61 63 20 62 79 20 4B 65 73 61 72 20 74 68 65 20 59 6F 75 6E 67 65 72 20 68 69 6D 73 65 6C 66 2E 01 00 52 08 00 41 65 74 65 72 6E 61 6C 51 00 41 77 61 72 64 65 64 20 65 78 63 6C 75 73 69 76 65 6C 79 20 74 6F 20 73 74 61 6C 77 61 72 74 20 68 65 72 6F 65 73 20 6B 65 65 70 69 6E 67 20 74 68 65 20 66 61 69 74 68 20 75 6E 64 65 72 20 61 6C 6C 20 63 69 72 63 75 6D 73 74 61 6E 63 65 73 2E 01 00 53 0F 00 52 6F 62 69 6E 73 6F 6E 20 43 72 75 73 6F 65 75 00 53 6F 6D 65 20 64 69 73 63 6F 76 65 72 69 65 73 20 61 72 65 20 72 65 73 65 72 76 65 64 20 74 6F 20 6F 6E 6C 79 20 74 68 65 20 6D 6F 73 74 20 65 78 70 65 72 69 65 6E 63 65 64 20 61 64 76 65 6E 74 75 72 65 72 73 2E 20 55 6E 74 69 6C 20 74 68 65 20 6E 65 78 74 20 66 72 6F 6E 74 69 65 72 20 6F 70 65 6E 73 20 6F 6E 20 74 68 65 20 68 6F 72 69 7A 6F 6E 2E 01 00 54 0C 00 43 68 6F 6D 70 6D 65 69 73 74 65 72 56 00 41 77 61 72 64 65 64 20 6F 6E 6C 79 20 74 6F 20 74 72 75 65 20 63 6F 6E 6E 6F 69 73 73 65 75 72 73 20 75 6E 64 65 72 74 61 6B 69 6E 67 20 65 76 65 6E 20 74 68 65 20 6D 6F 73 74 20 65 78 6F 74 69 63 20 63 75 6C 69 6E 61 72 79 20 65 73 63 61 70 61 64 65 73 2E 01 00 55 0F 00 42 72 69 6E 67 65 72 20 6F 66 20 52 61 69 6E 3A 00 46 6F 72 67 69 6E 67 20 74 68 72 6F 75 67 68 20 62 61 74 74 6C 65 20 61 66 74 65 72 20 62 61 74 74 6C 65 20 6C 69 6B 65 20 61 20 74 72 75 65 20 67 6C 61 64 69 61 74 6F 72 2E 01 00 56 07 00 42 65 61 73 74 6C 79 29 00 52 65 61 63 68 65 64 20 32 30 30 30 20 63 68 61 72 6D 20 70 6F 69 6E 74 73 2E 20 51 75 69 74 65 20 62 65 61 73 74 6C 79 21 01 00 57 0F 00 4D 69 64 6E 69 67 68 74 20 48 75 6E 74 65 72 42 00 57 68 65 6E 20 74 68 65 20 68 75 6E 74 65 72 20 62 65 63 6F 6D 65 73 20 74 68 65 20 68 75 6E 74 65 64 2C 20 70 65 72 73 65 76 65 72 61 6E 63 65 20 64 65 63 69 64 65 73 20 74 68 65 20 67 61 6D 65 2E 01 00 58 09 00 52 61 74 69 6E 61 74 6F 72 5B 00 4B 69 6C 6C 69 6E 67 20 73 6F 6D 65 20 73 6E 61 72 6B 79 20 63 61 76 65 20 72 61 74 73 20 69 73 20 68 65 6C 70 66 75 6C 2C 20 6B 69 6C 6C 69 6E 67 20 6F 76 65 72 20 74 65 6E 20 74 68 6F 75 73 61 6E 64 20 6F 66 20 74 68 65 6D 20 69 73 20 61 20 73 74 61 74 65 6D 65 6E 74 2E 01 00 59 10 00 44 6F 6F 6D 73 64 61 79 20 4E 65 6D 65 73 69 73 3A 00 41 77 61 72 64 65 64 20 66 6F 72 20 67 72 65 61 74 20 68 65 6C 70 20 69 6E 20 74 68 65 20 62 61 74 74 6C 65 20 61 67 61 69 6E 73 74 20 47 61 7A 27 68 61 72 61 67 6F 74 68 2E 01 00 5A 0E 00 48 65 72 6F 20 6F 66 20 42 6F 75 6E 61 63 6A 00 59 6F 75 20 70 72 65 76 61 69 6C 65 64 20 64 75 72 69 6E 67 20 74 68 65 20 62 61 74 74 6C 65 20 6F 66 20 42 6F 75 6E 61 63 20 61 6E 64 20 62 72 6F 6B 65 20 74 68 65 20 73 69 65 67 65 20 74 68 61 74 20 68 65 6C 64 20 42 6F 75 6E 61 63 27 73 20 70 65 6F 70 6C 65 20 69 6E 20 69 74 73 20 66 69 72 6D 20 67 72 61 73 70 2E 01 00 5B 0D 00 4B 69 6E 67 20 6F 66 20 44 65 6D 6F 6E 1A 00 44 65 66 65 61 74 20 4D 6F 72 73 68 61 62 61 61 6C 20 35 20 74 69 6D 65 73 2E 01 00 5C 0A 00 50 6C 61 6E 65 67 61 7A 65 72 32 00 46 6F 6C 6C 6F 77 65 64 20 74 68 65 20 74 72 61 69 6C 20 6F 66 20 74 68 65 20 50 6C 61 6E 65 73 74 72 69 64 65 72 20 74 6F 20 74 68 65 20 65 6E 64 2E 01 00 5D 0E 00 54 69 6D 65 20 54 72 61 76 65 6C 6C 65 72 1A 00 41 6E 79 77 68 65 72 65 20 69 6E 20 74 69 6D 65 20 6F 72 20 73 70 61 63 65 2E 01 00 5E 0A 00 54 72 75 6C 79 20 42 6F 73 73 19 00 52 65 61 63 68 20 31 35 2C 30 30 30 20 62 6F 73 73 20 70 6F 69 6E 74 73 2E 01 00 5F 10 00 50 65 6E 73 69 76 65 20 57 61 6E 64 65 72 65 72 6A 00 59 6F 75 20 68 61 76 65 20 68 6F 6E 6F 75 72 65 64 20 74 68 65 20 4D 65 72 75 64 72 69 20 62 79 20 76 69 73 69 74 69 6E 67 20 61 6C 6C 20 6F 66 20 74 68 65 69 72 20 73 68 72 69 6E 65 73 20 61 6E 64 20 63 6F 6D 70 6C 65 74 69 6E 67 20 74 68 65 20 61 6E 63 69 65 6E 74 20 54 68 72 65 65 2D 46 6F 6C 64 20 50 61 74 68 2E 01 00 

LEN=59 TYPE=0
DA 00 00 0D 00 4B 6E 69 67 68 74 20 53 61 6D 70 6C 65 06 00 4B 6E 69 67 68 74 C0 00 83 00 5F 71 27 73 00 00 00 00 00 00 00 00 00 01 0D 00 41 70 65 78 20 50 72 65 64 61 74 6F 72 

LEN=6083 TYPE=11
DA 0B 00 15 5F 01 0C 00 47 6F 6C 64 20 48 6F 61 72 64 65 72 1F 00 45 61 72 6E 65 64 20 61 74 20 6C 65 61 73 74 20 31 2C 30 30 30 2C 30 30 30 20 67 6F 6C 64 2E 00 00 02 10 00 50 6C 61 74 69 6E 75 6D 20 48 6F 61 72 64 65 72 20 00 45 61 72 6E 65 64 20 61 74 20 6C 65 61 73 74 20 31 30 2C 30 30 30 2C 30 30 30 20 67 6F 6C 64 2E 00 00 03 0F 00 43 72 79 73 74 61 6C 20 48 6F 61 72 64 65 72 21 00 45 61 72 6E 65 64 20 61 74 20 6C 65 61 73 74 20 31 30 30 2C 30 30 30 2C 30 30 30 20 67 6F 6C 64 2E 00 00 04 16 00 42 65 61 73 74 73 74 72 69 64 65 72 20 28 47 72 61 64 65 20 31 29 1B 00 55 6E 6C 6F 63 6B 65 64 20 31 30 20 6F 72 20 6D 6F 72 65 20 4D 6F 75 6E 74 73 2E 01 00 05 16 00 42 65 61 73 74 73 74 72 69 64 65 72 20 28 47 72 61 64 65 20 32 29 1B 00 55 6E 6C 6F 63 6B 65 64 20 32 30 20 6F 72 20 6D 6F 72 65 20 4D 6F 75 6E 74 73 2E 01 00 06 16 00 42 65 61 73 74 73 74 72 69 64 65 72 20 28 47 72 61 64 65 20 33 29 1B 00 55 6E 6C 6F 63 6B 65 64 20 33 30 20 6F 72 20 6D 6F 72 65 20 4D 6F 75 6E 74 73 2E 01 00 07 16 00 42 65 61 73 74 73 74 72 69 64 65 72 20 28 47 72 61 64 65 20 34 29 1B 00 55 6E 6C 6F 63 6B 65 64 20 34 30 20 6F 72 20 6D 6F 72 65 20 4D 6F 75 6E 74 73 2E 01 00 08 16 00 42 65 61 73 74 73 74 72 69 64 65 72 20 28 47 72 61 64 65 20 35 29 1B 00 55 6E 6C 6F 63 6B 65 64 20 35 30 20 6F 72 20 6D 6F 72 65 20 4D 6F 75 6E 74 73 2E 01 00 09 1A 00 54 69 62 69 61 27 73 20 54 6F 70 6D 6F 64 65 6C 20 28 47 72 61 64 65 20 31 29 1C 00 55 6E 6C 6F 63 6B 65 64 20 31 30 20 6F 72 20 6D 6F 72 65 20 4F 75 74 66 69 74 73 2E 01 00 0A 1A 00 54 69 62 69 61 27 73 20 54 6F 70 6D 6F 64 65 6C 20 28 47 72 61 64 65 20 32 29 1C 00 55 6E 6C 6F 63 6B 65 64 20 32 30 20 6F 72 20 6D 6F 72 65 20 4F 75 74 66 69 74 73 2E 01 00 0B 1A 00 54 69 62 69 61 27 73 20 54 6F 70 6D 6F 64 65 6C 20 28 47 72 61 64 65 20 33 29 1C 00 55 6E 6C 6F 63 6B 65 64 20 33 30 20 6F 72 20 6D 6F 72 65 20 4F 75 74 66 69 74 73 2E 01 00 0C 1A 00 54 69 62 69 61 27 73 20 54 6F 70 6D 6F 64 65 6C 20 28 47 72 61 64 65 20 34 29 1C 00 55 6E 6C 6F 63 6B 65 64 20 34 30 20 6F 72 20 6D 6F 72 65 20 4F 75 74 66 69 74 73 2E 01 00 0D 1A 00 54 69 62 69 61 27 73 20 54 6F 70 6D 6F 64 65 6C 20 28 47 72 61 64 65 20 35 29 1C 00 55 6E 6C 6F 63 6B 65 64 20 35 30 20 6F 72 20 6D 6F 72 65 20 4F 75 74 66 69 74 73 2E 01 00 0E 0C 00 54 72 6F 6C 6C 74 72 61 73 68 65 72 11 00 52 65 61 63 68 65 64 20 6C 65 76 65 6C 20 35 30 2E 00 01 0F 0D 00 43 79 63 6C 6F 70 73 63 61 6D 70 65 72 12 00 52 65 61 63 68 65 64 20 6C 65 76 65 6C 20 31 30 30 2E 00 01 10 0C 00 44 72 61 67 6F 6E 64 6F 75 73 65 72 12 00 52 65 61 63 68 65 64 20 6C 65 76 65 6C 20 32 30 30 2E 00 01 11 09 00 44 65 6D 6F 6E 64 6F 6F 6D 12 00 52 65 61 63 68 65 64 20 6C 65 76 65 6C 20 33 30 30 2E 00 00 12 0A 00 44 72 61 6B 65 6E 62 61 6E 65 12 00 52 65 61 63 68 65 64 20 6C 65 76 65 6C 20 34 30 30 2E 00 00 13 08 00 53 69 6C 65 6E 63 65 72 12 00 52 65 61 63 68 65 64 20 6C 65 76 65 6C 20 35 30 30 2E 00 00 14 07 00 45 78 61 6C 74 65 64 13 00 52 65 61 63 68 65 64 20 6C 65 76 65 6C 20 31 30 30 30 2E 00 00 15 0D 00 41 70 65 78 20 50 72 65 64 61 74 6F 72 23 00 48 69 67 68 65 73 74 20 4C 65 76 65 6C 20 6F 6E 20 63 68 61 72 61 63 74 65 72 27 73 20 77 6F 72 6C 64 2E 00 01 16 08 00 42 69 67 20 42 6F 73 73 3E 00 48 69 67 68 65 73 74 20 73 63 6F 72 65 20 6F 66 20 61 63 63 75 6D 75 6C 61 74 65 64 20 62 6F 73 73 20 70 6F 69 6E 74 73 20 6F 6E 20 63 68 61 72 61 63 74 65 72 27 73 20 77 6F 72 6C 64 2E 00 00 17 12 00 4A 61 63 6B 20 6F 66 20 61 6C 6C 20 54 61 69 6E 74 73 47 00 48 69 67 68 65 73 74 20 73 63 6F 72 65 20 66 6F 72 20 6B 69 6C 6C 69 6E 67 20 47 6F 73 68 6E 61 72 20 61 6E 64 20 68 69 73 20 61 73 70 65 63 74 73 20 6F 6E 20 63 68 61 72 61 63 74 65 72 27 73 20 77 6F 72 6C 64 2E 00 00 18 11 00 4C 65 67 65 6E 64 20 6F 66 20 46 69 73 68 69 6E 67 2B 00 48 69 67 68 65 73 74 20 66 69 73 68 69 6E 67 20 6C 65 76 65 6C 20 6F 6E 20 63 68 61 72 61 63 74 65 72 27 73 20 77 6F 72 6C 64 2E 00 00 19 0F 00 4C 65 67 65 6E 64 20 6F 66 20 4D 61 67 69 63 29 00 48 69 67 68 65 73 74 20 6D 61 67 69 63 20 6C 65 76 65 6C 20 6F 6E 20 63 68 61 72 61 63 74 65 72 27 73 20 77 6F 72 6C 64 2E 00 00 1A 16 00 4C 65 67 65 6E 64 20 6F 66 20 4D 61 72 6B 73 6D 61 6E 73 68 69 70 2C 00 48 69 67 68 65 73 74 20 64 69 73 74 61 6E 63 65 20 6C 65 76 65 6C 20 6F 6E 20 63 68 61 72 61 63 74 65 72 27 73 20 77 6F 72 6C 64 2E 00 00 1B 11 00 4C 65 67 65 6E 64 20 6F 66 20 74 68 65 20 41 78 65 27 00 48 69 67 68 65 73 74 20 61 78 65 20 6C 65 76 65 6C 20 6F 6E 20 63 68 61 72 61 63 74 65 72 27 73 20 77 6F 72 6C 64 2E 00 00 1C 12 00 4C 65 67 65 6E 64 20 6F 66 20 74 68 65 20 43 6C 75 62 28 00 48 69 67 68 65 73 74 20 63 6C 75 62 20 6C 65 76 65 6C 20 6F 6E 20 63 68 61 72 61 63 74 65 72 27 73 20 77 6F 72 6C 64 2E 00 00 1D 12 00 4C 65 67 65 6E 64 20 6F 66 20 74 68 65 20 46 69 73 74 28 00 48 69 67 68 65 73 74 20 66 69 73 74 20 6C 65 76 65 6C 20 6F 6E 20 63 68 61 72 61 63 74 65 72 27 73 20 77 6F 72 6C 64 2E 00 00 1E 14 00 4C 65 67 65 6E 64 20 6F 66 20 74 68 65 20 53 68 69 65 6C 64 2D 00 48 69 67 68 65 73 74 20 73 68 69 65 6C 64 69 6E 67 20 6C 65 76 65 6C 20 6F 6E 20 63 68 61 72 61 63 74 65 72 27 73 20 77 6F 72 6C 64 2E 00 01 1F 13 00 4C 65 67 65 6E 64 20 6F 66 20 74 68 65 20 53 77 6F 72 64 29 00 48 69 67 68 65 73 74 20 73 77 6F 72 64 20 6C 65 76 65 6C 20 6F 6E 20 63 68 61 72 61 63 74 65 72 27 73 20 77 6F 72 6C 64 2E 00 00 20 0F 00 50 72 69 6E 63 65 20 43 68 61 72 6D 69 6E 67 3F 00 48 69 67 68 65 73 74 20 73 63 6F 72 65 20 6F 66 20 61 63 63 75 6D 75 6C 61 74 65 64 20 63 68 61 72 6D 20 70 6F 69 6E 74 73 20 6F 6E 20 63 68 61 72 61 63 74 65 72 27 73 20 77 6F 72 6C 64 2E 00 00 21 17 00 52 65 69 67 6E 69 6E 67 20 44 72 6F 6D 65 20 43 68 61 6D 70 69 6F 6E 39 00 46 69 6E 69 73 68 65 64 20 6D 6F 73 74 20 72 65 63 65 6E 74 20 54 69 62 69 61 64 72 6F 6D 65 20 72 6F 74 61 20 72 61 6E 6B 65 64 20 69 6E 20 74 68 65 20 74 6F 70 20 35 2E 00 00 22 0A 00 42 69 70 65 64 61 6E 74 69 63 27 00 55 6E 6C 6F 63 6B 65 64 20 41 6C 6C 20 48 75 6D 61 6E 6F 69 64 20 42 65 73 74 69 61 72 79 20 65 6E 74 72 69 65 73 2E 00 00 23 11 00 42 6C 6F 6F 64 20 4D 6F 6F 6E 20 48 75 6E 74 65 72 2A 00 55 6E 6C 6F 63 6B 65 64 20 41 6C 6C 20 4C 79 63 61 6E 74 68 72 6F 70 65 20 42 65 73 74 69 61 72 79 20 65 6E 74 72 69 65 73 2E 00 00 24 0B 00 43 6F 6C 64 62 6C 6F 6F 64 65 64 27 00 55 6E 6C 6F 63 6B 65 64 20 41 6C 6C 20 41 6D 70 68 69 62 69 63 20 42 65 73 74 69 61 72 79 20 65 6E 74 72 69 65 73 2E 00 00 25 10 00 44 65 61 74 68 20 66 72 6F 6D 20 42 65 6C 6F 77 23 00 55 6E 6C 6F 63 6B 65 64 20 61 6C 6C 20 42 69 72 64 20 42 65 73 74 69 61 72 79 20 65 6E 74 72 69 65 73 2E 00 00 26 09 00 44 65 6D 6F 6E 61 74 6F 72 24 00 55 6E 6C 6F 63 6B 65 64 20 61 6C 6C 20 44 65 6D 6F 6E 20 42 65 73 74 69 61 72 79 20 65 6E 74 72 69 65 73 2E 00 00 27 0C 00 44 72 61 67 6F 6E 73 6C 61 79 65 72 25 00 55 6E 6C 6F 63 6B 65 64 20 61 6C 6C 20 44 72 61 67 6F 6E 20 42 65 73 74 69 61 72 79 20 65 6E 74 72 69 65 73 2E 00 00 28 0C 00 45 6C 65 6D 65 6E 74 61 6C 69 73 74 28 00 55 6E 6C 6F 63 6B 65 64 20 61 6C 6C 20 45 6C 65 6D 65 6E 74 61 6C 20 42 65 73 74 69 61 72 79 20 65 6E 74 72 69 65 73 2E 00 00 29 0C 00 45 78 74 65 72 6D 69 6E 61 74 6F 72 25 00 55 6E 6C 6F 63 6B 65 64 20 61 6C 6C 20 56 65 72 6D 69 6E 20 42 65 73 74 69 61 72 79 20 65 6E 74 72 69 65 73 2E 00 00 2A 0B 00 46 65 79 20 53 77 61 74 74 65 72 22 00 55 6E 6C 6F 63 6B 65 64 20 61 6C 6C 20 46 65 79 20 42 65 73 74 69 61 72 79 20 65 6E 74 72 69 65 73 2E 00 00 2B 0B 00 47 68 6F 73 74 68 75 6E 74 65 72 25 00 55 6E 6C 6F 63 6B 65 64 20 61 6C 6C 20 55 6E 64 65 61 64 20 42 65 73 74 69 61 72 79 20 65 6E 74 72 69 65 73 2E 00 00 2C 08 00 48 61 6E 64 79 6D 61 6E 28 00 55 6E 6C 6F 63 6B 65 64 20 61 6C 6C 20 43 6F 6E 73 74 72 75 63 74 20 42 65 73 74 69 61 72 79 20 65 6E 74 72 69 65 73 2E 00 00 2D 08 00 48 75 6E 74 73 6D 61 6E 25 00 55 6E 6C 6F 63 6B 65 64 20 61 6C 6C 20 4D 61 6D 6D 61 6C 20 42 65 73 74 69 61 72 79 20 65 6E 74 72 69 65 73 2E 00 00 2E 1A 00 49 6E 74 65 72 64 69 6D 65 6E 73 69 6F 6E 61 6C 20 44 65 73 74 72 6F 79 65 72 30 00 55 6E 6C 6F 63 6B 65 64 20 61 6C 6C 20 45 78 74 72 61 20 44 69 6D 65 6E 73 69 6F 6E 61 6C 20 42 65 73 74 69 61 72 79 20 65 6E 74 72 69 65 73 2E 00 00 2F 09 00 4D 61 6E 68 75 6E 74 65 72 24 00 55 6E 6C 6F 63 6B 65 64 20 61 6C 6C 20 48 75 6D 61 6E 20 42 65 73 74 69 61 72 79 20 65 6E 74 72 69 65 73 2E 00 00 30 12 00 4D 61 73 74 65 72 20 6F 66 20 49 6C 6C 75 73 69 6F 6E 26 00 55 6E 6C 6F 63 6B 65 64 20 61 6C 6C 20 4D 61 67 69 63 61 6C 20 42 65 73 74 69 61 72 79 20 65 6E 74 72 69 65 73 2E 00 00 31 0A 00 4F 6F 7A 65 20 42 6C 75 65 73 24 00 55 6E 6C 6F 63 6B 65 64 20 61 6C 6C 20 53 6C 69 6D 65 20 42 65 73 74 69 61 72 79 20 65 6E 74 72 69 65 73 2E 00 00 32 08 00 53 65 61 20 42 61 6E 65 26 00 55 6E 6C 6F 63 6B 65 64 20 61 6C 6C 20 41 71 75 61 74 69 63 20 42 65 73 74 69 61 72 79 20 65 6E 74 72 69 65 73 2E 00 00 33 0D 00 53 6E 61 6B 65 20 43 68 61 72 6D 65 72 26 00 55 6E 6C 6F 63 6B 65 64 20 61 6C 6C 20 52 65 70 74 69 6C 65 20 42 65 73 74 69 61 72 79 20 65 6E 74 72 69 65 73 2E 00 00 34 07 00 54 75 6D 62 6C 65 72 24 00 55 6E 6C 6F 63 6B 65 64 20 61 6C 6C 20 47 69 61 6E 74 20 42 65 73 74 69 61 72 79 20 65 6E 74 72 69 65 73 2E 00 00 35 0A 00 57 65 65 64 6B 69 6C 6C 65 72 24 00 55 6E 6C 6F 63 6B 65 64 20 61 6C 6C 20 50 6C 61 6E 74 20 42 65 73 74 69 61 72 79 20 65 6E 74 72 69 65 73 2E 00 00 36 0A 00 49 6E 6B 20 45 72 61 73 65 72 26 00 55 6E 6C 6F 63 6B 65 64 20 61 6C 6C 20 49 6E 6B 62 6F 72 6E 20 42 65 73 74 69 61 72 79 20 65 6E 74 72 69 65 73 2E 00 00 37 0B 00 45 78 65 63 75 74 69 6F 6E 65 72 1E 00 55 6E 6C 6F 63 6B 65 64 20 61 6C 6C 20 42 65 73 74 69 61 72 79 20 65 6E 74 72 69 65 73 2E 00 00 38 10 00 42 6F 73 73 20 41 6E 6E 69 68 69 6C 61 74 6F 72 1C 00 55 6E 6C 6F 63 6B 65 64 20 61 6C 6C 20 4E 65 6D 65 73 69 73 20 62 6F 73 73 65 73 2E 00 00 39 0E 00 42 6F 73 73 20 44 65 73 74 72 6F 79 65 72 23 00 55 6E 6C 6F 63 6B 65 64 20 31 30 20 6F 72 20 6D 6F 72 65 20 41 72 63 68 66 6F 65 20 62 6F 73 73 65 73 2E 01 00 3A 0F 00 42 6F 73 73 20 44 65 76 61 73 74 61 74 6F 72 23 00 55 6E 6C 6F 63 6B 65 64 20 31 30 20 6F 72 20 6D 6F 72 65 20 4E 65 6D 65 73 69 73 20 62 6F 73 73 65 73 2E 01 00 3B 0B 00 42 6F 73 73 20 45 72 61 73 65 72 1C 00 55 6E 6C 6F 63 6B 65 64 20 61 6C 6C 20 41 72 63 68 66 6F 65 20 62 6F 73 73 65 73 2E 00 00 3C 10 00 42 6F 73 73 20 45 78 65 63 75 74 69 6F 6E 65 72 14 00 55 6E 6C 6F 63 6B 65 64 20 61 6C 6C 20 62 6F 73 73 65 73 2E 00 00 3D 0B 00 42 6F 73 73 20 48 75 6E 74 65 72 20 00 55 6E 6C 6F 63 6B 65 64 20 31 30 20 6F 72 20 6D 6F 72 65 20 42 61 6E 65 20 62 6F 73 73 65 73 2E 01 00 3E 10 00 42 6F 73 73 20 4F 62 6C 69 74 65 72 61 74 6F 72 23 00 55 6E 6C 6F 63 6B 65 64 20 34 30 20 6F 72 20 6D 6F 72 65 20 4E 65 6D 65 73 69 73 20 62 6F 73 73 65 73 2E 01 00 3F 0B 00 42 6F 73 73 20 53 6C 61 79 65 72 19 00 55 6E 6C 6F 63 6B 65 64 20 61 6C 6C 20 42 61 6E 65 20 62 6F 73 73 65 73 2E 00 00 40 0B 00 42 6F 73 73 20 53 6D 69 74 65 72 23 00 55 6E 6C 6F 63 6B 65 64 20 34 30 20 6F 72 20 6D 6F 72 65 20 41 72 63 68 66 6F 65 20 62 6F 73 73 65 73 2E 01 00 41 0C 00 42 6F 73 73 20 56 65 74 65 72 61 6E 20 00 55 6E 6C 6F 63 6B 65 64 20 34 30 20 6F 72 20 6D 6F 72 65 20 42 61 6E 65 20 62 6F 73 73 65 73 2E 01 00 42 1B 00 43 72 65 61 74 75 72 65 20 6F 66 20 48 61 62 69 74 20 28 47 72 61 64 65 20 31 29 37 00 52 65 77 61 72 64 20 53 74 72 65 61 6B 20 6F 66 20 61 74 20 6C 65 61 73 74 20 37 20 64 61 79 73 20 6F 66 20 63 6F 6E 73 65 63 75 74 69 76 65 20 6C 6F 67 69 6E 73 2E 01 00 43 1B 00 43 72 65 61 74 75 72 65 20 6F 66 20 48 61 62 69 74 20 28 47 72 61 64 65 20 32 29 38 00 52 65 77 61 72 64 20 53 74 72 65 61 6B 20 6F 66 20 61 74 20 6C 65 61 73 74 20 33 30 20 64 61 79 73 20 6F 66 20 63 6F 6E 73 65 63 75 74 69 76 65 20 6C 6F 67 69 6E 73 2E 01 00 44 1B 00 43 72 65 61 74 75 72 65 20 6F 66 20 48 61 62 69 74 20 28 47 72 61 64 65 20 33 29 38 00 52 65 77 61 72 64 20 53 74 72 65 61 6B 20 6F 66 20 61 74 20 6C 65 61 73 74 20 39 30 20 64 61 79 73 20 6F 66 20 63 6F 6E 73 65 63 75 74 69 76 65 20 6C 6F 67 69 6E 73 2E 01 00 45 1B 00 43 72 65 61 74 75 72 65 20 6F 66 20 48 61 62 69 74 20 28 47 72 61 64 65 20 34 29 39 00 52 65 77 61 72 64 20 53 74 72 65 61 6B 20 6F 66 20 61 74 20 6C 65 61 73 74 20 31 38 30 20 64 61 79 73 20 6F 66 20 63 6F 6E 73 65 63 75 74 69 76 65 20 6C 6F 67 69 6E 73 2E 01 00 46 1B 00 43 72 65 61 74 75 72 65 20 6F 66 20 48 61 62 69 74 20 28 47 72 61 64 65 20 35 29 39 00 52 65 77 61 72 64 20 53 74 72 65 61 6B 20 6F 66 20 61 74 20 6C 65 61 73 74 20 33 36 35 20 64 61 79 73 20 6F 66 20 63 6F 6E 73 65 63 75 74 69 76 65 20 6C 6F 67 69 6E 73 2E 01 00 47 11 00 41 73 70 69 72 69 6E 67 20 48 75 6E 74 73 6D 61 6E 1E 00 49 6E 76 65 73 74 65 64 20 31 36 30 2C 30 30 30 20 74 61 73 6B 73 20 70 6F 69 6E 74 73 2E 01 00 48 15 00 43 6F 6D 70 65 74 65 6E 74 20 42 65 61 73 74 73 6C 61 79 65 72 1E 00 49 6E 76 65 73 74 65 64 20 33 32 30 2C 30 30 30 20 74 61 73 6B 73 20 70 6F 69 6E 74 73 2E 01 00 49 13 00 46 65 61 72 65 64 20 42 6F 75 6E 74 79 68 75 6E 74 65 72 1E 00 49 6E 76 65 73 74 65 64 20 34 33 30 2C 30 30 30 20 74 61 73 6B 73 20 70 6F 69 6E 74 73 2E 01 00 4A 16 00 44 65 64 69 63 61 74 65 64 20 45 6E 74 72 65 70 72 65 6E 65 75 72 22 00 45 78 70 6C 6F 72 65 64 20 35 30 25 20 6F 66 20 61 6C 6C 20 74 68 65 20 6D 61 70 20 61 72 65 61 73 2E 00 00 4B 0C 00 47 6C 6F 62 65 74 72 6F 74 74 65 72 17 00 45 78 70 6C 6F 72 65 64 20 61 6C 6C 20 6D 61 70 20 61 72 65 61 73 2E 00 00 4C 0C 00 47 75 69 6C 64 20 4C 65 61 64 65 72 10 00 4C 65 61 64 69 6E 67 20 61 20 47 75 69 6C 64 2E 00 00 4D 14 00 50 72 6F 63 6F 6E 73 75 6C 20 6F 66 20 49 6B 73 75 70 61 6E 6F 00 4F 6E 6C 79 20 61 20 74 72 75 65 20 64 65 76 6F 74 65 65 20 74 6F 20 74 68 65 20 63 61 75 73 65 20 6F 66 20 74 68 65 20 61 6E 63 69 65 6E 74 20 49 6B 73 20 61 6E 64 20 74 68 65 69 72 20 6C 6F 73 74 20 6C 65 67 61 63 79 20 6D 61 79 20 73 74 65 70 20 75 70 20 74 6F 20 74 68 65 20 72 61 6E 6B 20 6F 66 20 70 72 6F 63 6F 6E 73 75 6C 2E 01 00 4E 14 00 41 64 6D 69 72 65 72 20 6F 66 20 74 68 65 20 43 72 6F 77 6E 20 00 41 64 6A 75 73 74 20 79 6F 75 72 20 63 72 6F 77 6E 20 61 6E 64 20 68 61 6E 64 6C 65 20 69 74 2E 01 00 4F 0B 00 42 69 67 20 53 70 65 6E 64 65 72 20 00 55 6E 6C 6F 63 6B 65 64 20 74 68 65 20 66 75 6C 6C 20 47 6F 6C 64 65 6E 20 4F 75 74 66 69 74 2E 01 00 50 15 00 43 68 61 6C 6C 65 6E 67 65 72 20 6F 66 20 74 68 65 20 49 6B 73 48 00 43 68 61 6C 6C 65 6E 67 65 64 20 41 68 61 75 2C 20 67 75 61 72 64 69 61 6E 20 6F 66 20 49 6B 73 75 70 61 6E 2C 20 69 6E 20 74 72 61 64 69 74 69 6F 6E 61 6C 20 49 6B 73 20 77 61 72 72 69 6F 72 20 61 74 74 69 72 65 2E 01 00 51 17 00 52 6F 79 61 6C 20 42 6F 75 6E 61 63 65 61 6E 20 41 64 76 69 73 6F 72 3B 00 43 61 6C 6C 65 64 20 74 6F 20 74 68 65 20 63 6F 75 72 74 20 6F 66 20 42 6F 75 6E 61 63 20 62 79 20 4B 65 73 61 72 20 74 68 65 20 59 6F 75 6E 67 65 72 20 68 69 6D 73 65 6C 66 2E 01 00 52 08 00 41 65 74 65 72 6E 61 6C 51 00 41 77 61 72 64 65 64 20 65 78 63 6C 75 73 69 76 65 6C 79 20 74 6F 20 73 74 61 6C 77 61 72 74 20 68 65 72 6F 65 73 20 6B 65 65 70 69 6E 67 20 74 68 65 20 66 61 69 74 68 20 75 6E 64 65 72 20 61 6C 6C 20 63 69 72 63 75 6D 73 74 61 6E 63 65 73 2E 01 00 53 0F 00 52 6F 62 69 6E 73 6F 6E 20 43 72 75 73 6F 65 75 00 53 6F 6D 65 20 64 69 73 63 6F 76 65 72 69 65 73 20 61 72 65 20 72 65 73 65 72 76 65 64 20 74 6F 20 6F 6E 6C 79 20 74 68 65 20 6D 6F 73 74 20 65 78 70 65 72 69 65 6E 63 65 64 20 61 64 76 65 6E 74 75 72 65 72 73 2E 20 55 6E 74 69 6C 20 74 68 65 20 6E 65 78 74 20 66 72 6F 6E 74 69 65 72 20 6F 70 65 6E 73 20 6F 6E 20 74 68 65 20 68 6F 72 69 7A 6F 6E 2E 01 00 54 0C 00 43 68 6F 6D 70 6D 65 69 73 74 65 72 56 00 41 77 61 72 64 65 64 20 6F 6E 6C 79 20 74 6F 20 74 72 75 65 20 63 6F 6E 6E 6F 69 73 73 65 75 72 73 20 75 6E 64 65 72 74 61 6B 69 6E 67 20 65 76 65 6E 20 74 68 65 20 6D 6F 73 74 20 65 78 6F 74 69 63 20 63 75 6C 69 6E 61 72 79 20 65 73 63 61 70 61 64 65 73 2E 01 00 55 0F 00 42 72 69 6E 67 65 72 20 6F 66 20 52 61 69 6E 3A 00 46 6F 72 67 69 6E 67 20 74 68 72 6F 75 67 68 20 62 61 74 74 6C 65 20 61 66 74 65 72 20 62 61 74 74 6C 65 20 6C 69 6B 65 20 61 20 74 72 75 65 20 67 6C 61 64 69 61 74 6F 72 2E 01 00 56 07 00 42 65 61 73 74 6C 79 29 00 52 65 61 63 68 65 64 20 32 30 30 30 20 63 68 61 72 6D 20 70 6F 69 6E 74 73 2E 20 51 75 69 74 65 20 62 65 61 73 74 6C 79 21 01 00 57 0F 00 4D 69 64 6E 69 67 68 74 20 48 75 6E 74 65 72 42 00 57 68 65 6E 20 74 68 65 20 68 75 6E 74 65 72 20 62 65 63 6F 6D 65 73 20 74 68 65 20 68 75 6E 74 65 64 2C 20 70 65 72 73 65 76 65 72 61 6E 63 65 20 64 65 63 69 64 65 73 20 74 68 65 20 67 61 6D 65 2E 01 00 58 09 00 52 61 74 69 6E 61 74 6F 72 5B 00 4B 69 6C 6C 69 6E 67 20 73 6F 6D 65 20 73 6E 61 72 6B 79 20 63 61 76 65 20 72 61 74 73 20 69 73 20 68 65 6C 70 66 75 6C 2C 20 6B 69 6C 6C 69 6E 67 20 6F 76 65 72 20 74 65 6E 20 74 68 6F 75 73 61 6E 64 20 6F 66 20 74 68 65 6D 20 69 73 20 61 20 73 74 61 74 65 6D 65 6E 74 2E 01 00 59 10 00 44 6F 6F 6D 73 64 61 79 20 4E 65 6D 65 73 69 73 3A 00 41 77 61 72 64 65 64 20 66 6F 72 20 67 72 65 61 74 20 68 65 6C 70 20 69 6E 20 74 68 65 20 62 61 74 74 6C 65 20 61 67 61 69 6E 73 74 20 47 61 7A 27 68 61 72 61 67 6F 74 68 2E 01 00 5A 0E 00 48 65 72 6F 20 6F 66 20 42 6F 75 6E 61 63 6A 00 59 6F 75 20 70 72 65 76 61 69 6C 65 64 20 64 75 72 69 6E 67 20 74 68 65 20 62 61 74 74 6C 65 20 6F 66 20 42 6F 75 6E 61 63 20 61 6E 64 20 62 72 6F 6B 65 20 74 68 65 20 73 69 65 67 65 20 74 68 61 74 20 68 65 6C 64 20 42 6F 75 6E 61 63 27 73 20 70 65 6F 70 6C 65 20 69 6E 20 69 74 73 20 66 69 72 6D 20 67 72 61 73 70 2E 01 00 5B 0D 00 4B 69 6E 67 20 6F 66 20 44 65 6D 6F 6E 1A 00 44 65 66 65 61 74 20 4D 6F 72 73 68 61 62 61 61 6C 20 35 20 74 69 6D 65 73 2E 01 00 5C 0A 00 50 6C 61 6E 65 67 61 7A 65 72 32 00 46 6F 6C 6C 6F 77 65 64 20 74 68 65 20 74 72 61 69 6C 20 6F 66 20 74 68 65 20 50 6C 61 6E 65 73 74 72 69 64 65 72 20 74 6F 20 74 68 65 20 65 6E 64 2E 01 00 5D 0E 00 54 69 6D 65 20 54 72 61 76 65 6C 6C 65 72 1A 00 41 6E 79 77 68 65 72 65 20 69 6E 20 74 69 6D 65 20 6F 72 20 73 70 61 63 65 2E 01 00 5E 0A 00 54 72 75 6C 79 20 42 6F 73 73 19 00 52 65 61 63 68 20 31 35 2C 30 30 30 20 62 6F 73 73 20 70 6F 69 6E 74 73 2E 01 00 5F 10 00 50 65 6E 73 69 76 65 20 57 61 6E 64 65 72 65 72 6A 00 59 6F 75 20 68 61 76 65 20 68 6F 6E 6F 75 72 65 64 20 74 68 65 20 4D 65 72 75 64 72 69 20 62 79 20 76 69 73 69 74 69 6E 67 20 61 6C 6C 20 6F 66 20 74 68 65 69 72 20 73 68 72 69 6E 65 73 20 61 6E 64 20 63 6F 6D 70 6C 65 74 69 6E 67 20 74 68 65 20 61 6E 63 69 65 6E 74 20 54 68 72 65 65 2D 46 6F 6C 64 20 50 61 74 68 2E 01 00 

LEN=46 TYPE=0
DA 00 00 0D 00 4B 6E 69 67 68 74 20 53 61 6D 70 6C 65 06 00 4B 6E 69 67 68 74 C0 00 83 00 5F 71 27 73 00 00 00 00 00 00 00 00 00 01 00 00 

LEN=6083 TYPE=11
DA 0B 00 00 5F 01 0C 00 47 6F 6C 64 20 48 6F 61 72 64 65 72 1F 00 45 61 72 6E 65 64 20 61 74 20 6C 65 61 73 74 20 31 2C 30 30 30 2C 30 30 30 20 67 6F 6C 64 2E 00 00 02 10 00 50 6C 61 74 69 6E 75 6D 20 48 6F 61 72 64 65 72 20 00 45 61 72 6E 65 64 20 61 74 20 6C 65 61 73 74 20 31 30 2C 30 30 30 2C 30 30 30 20 67 6F 6C 64 2E 00 00 03 0F 00 43 72 79 73 74 61 6C 20 48 6F 61 72 64 65 72 21 00 45 61 72 6E 65 64 20 61 74 20 6C 65 61 73 74 20 31 30 30 2C 30 30 30 2C 30 30 30 20 67 6F 6C 64 2E 00 00 04 16 00 42 65 61 73 74 73 74 72 69 64 65 72 20 28 47 72 61 64 65 20 31 29 1B 00 55 6E 6C 6F 63 6B 65 64 20 31 30 20 6F 72 20 6D 6F 72 65 20 4D 6F 75 6E 74 73 2E 01 00 05 16 00 42 65 61 73 74 73 74 72 69 64 65 72 20 28 47 72 61 64 65 20 32 29 1B 00 55 6E 6C 6F 63 6B 65 64 20 32 30 20 6F 72 20 6D 6F 72 65 20 4D 6F 75 6E 74 73 2E 01 00 06 16 00 42 65 61 73 74 73 74 72 69 64 65 72 20 28 47 72 61 64 65 20 33 29 1B 00 55 6E 6C 6F 63 6B 65 64 20 33 30 20 6F 72 20 6D 6F 72 65 20 4D 6F 75 6E 74 73 2E 01 00 07 16 00 42 65 61 73 74 73 74 72 69 64 65 72 20 28 47 72 61 64 65 20 34 29 1B 00 55 6E 6C 6F 63 6B 65 64 20 34 30 20 6F 72 20 6D 6F 72 65 20 4D 6F 75 6E 74 73 2E 01 00 08 16 00 42 65 61 73 74 73 74 72 69 64 65 72 20 28 47 72 61 64 65 20 35 29 1B 00 55 6E 6C 6F 63 6B 65 64 20 35 30 20 6F 72 20 6D 6F 72 65 20 4D 6F 75 6E 74 73 2E 01 00 09 1A 00 54 69 62 69 61 27 73 20 54 6F 70 6D 6F 64 65 6C 20 28 47 72 61 64 65 20 31 29 1C 00 55 6E 6C 6F 63 6B 65 64 20 31 30 20 6F 72 20 6D 6F 72 65 20 4F 75 74 66 69 74 73 2E 01 00 0A 1A 00 54 69 62 69 61 27 73 20 54 6F 70 6D 6F 64 65 6C 20 28 47 72 61 64 65 20 32 29 1C 00 55 6E 6C 6F 63 6B 65 64 20 32 30 20 6F 72 20 6D 6F 72 65 20 4F 75 74 66 69 74 73 2E 01 00 0B 1A 00 54 69 62 69 61 27 73 20 54 6F 70 6D 6F 64 65 6C 20 28 47 72 61 64 65 20 33 29 1C 00 55 6E 6C 6F 63 6B 65 64 20 33 30 20 6F 72 20 6D 6F 72 65 20 4F 75 74 66 69 74 73 2E 01 00 0C 1A 00 54 69 62 69 61 27 73 20 54 6F 70 6D 6F 64 65 6C 20 28 47 72 61 64 65 20 34 29 1C 00 55 6E 6C 6F 63 6B 65 64 20 34 30 20 6F 72 20 6D 6F 72 65 20 4F 75 74 66 69 74 73 2E 01 00 0D 1A 00 54 69 62 69 61 27 73 20 54 6F 70 6D 6F 64 65 6C 20 28 47 72 61 64 65 20 35 29 1C 00 55 6E 6C 6F 63 6B 65 64 20 35 30 20 6F 72 20 6D 6F 72 65 20 4F 75 74 66 69 74 73 2E 01 00 0E 0C 00 54 72 6F 6C 6C 74 72 61 73 68 65 72 11 00 52 65 61 63 68 65 64 20 6C 65 76 65 6C 20 35 30 2E 00 01 0F 0D 00 43 79 63 6C 6F 70 73 63 61 6D 70 65 72 12 00 52 65 61 63 68 65 64 20 6C 65 76 65 6C 20 31 30 30 2E 00 01 10 0C 00 44 72 61 67 6F 6E 64 6F 75 73 65 72 12 00 52 65 61 63 68 65 64 20 6C 65 76 65 6C 20 32 30 30 2E 00 01 11 09 00 44 65 6D 6F 6E 64 6F 6F 6D 12 00 52 65 61 63 68 65 64 20 6C 65 76 65 6C 20 33 30 30 2E 00 00 12 0A 00 44 72 61 6B 65 6E 62 61 6E 65 12 00 52 65 61 63 68 65 64 20 6C 65 76 65 6C 20 34 30 30 2E 00 00 13 08 00 53 69 6C 65 6E 63 65 72 12 00 52 65 61 63 68 65 64 20 6C 65 76 65 6C 20 35 30 30 2E 00 00 14 07 00 45 78 61 6C 74 65 64 13 00 52 65 61 63 68 65 64 20 6C 65 76 65 6C 20 31 30 30 30 2E 00 00 15 0D 00 41 70 65 78 20 50 72 65 64 61 74 6F 72 23 00 48 69 67 68 65 73 74 20 4C 65 76 65 6C 20 6F 6E 20 63 68 61 72 61 63 74 65 72 27 73 20 77 6F 72 6C 64 2E 00 01 16 08 00 42 69 67 20 42 6F 73 73 3E 00 48 69 67 68 65 73 74 20 73 63 6F 72 65 20 6F 66 20 61 63 63 75 6D 75 6C 61 74 65 64 20 62 6F 73 73 20 70 6F 69 6E 74 73 20 6F 6E 20 63 68 61 72 61 63 74 65 72 27 73 20 77 6F 72 6C 64 2E 00 00 17 12 00 4A 61 63 6B 20 6F 66 20 61 6C 6C 20 54 61 69 6E 74 73 47 00 48 69 67 68 65 73 74 20 73 63 6F 72 65 20 66 6F 72 20 6B 69 6C 6C 69 6E 67 20 47 6F 73 68 6E 61 72 20 61 6E 64 20 68 69 73 20 61 73 70 65 63 74 73 20 6F 6E 20 63 68 61 72 61 63 74 65 72 27 73 20 77 6F 72 6C 64 2E 00 00 18 11 00 4C 65 67 65 6E 64 20 6F 66 20 46 69 73 68 69 6E 67 2B 00 48 69 67 68 65 73 74 20 66 69 73 68 69 6E 67 20 6C 65 76 65 6C 20 6F 6E 20 63 68 61 72 61 63 74 65 72 27 73 20 77 6F 72 6C 64 2E 00 00 19 0F 00 4C 65 67 65 6E 64 20 6F 66 20 4D 61 67 69 63 29 00 48 69 67 68 65 73 74 20 6D 61 67 69 63 20 6C 65 76 65 6C 20 6F 6E 20 63 68 61 72 61 63 74 65 72 27 73 20 77 6F 72 6C 64 2E 00 00 1A 16 00 4C 65 67 65 6E 64 20 6F 66 20 4D 61 72 6B 73 6D 61 6E 73 68 69 70 2C 00 48 69 67 68 65 73 74 20 64 69 73 74 61 6E 63 65 20 6C 65 76 65 6C 20 6F 6E 20 63 68 61 72 61 63 74 65 72 27 73 20 77 6F 72 6C 64 2E 00 00 1B 11 00 4C 65 67 65 6E 64 20 6F 66 20 74 68 65 20 41 78 65 27 00 48 69 67 68 65 73 74 20 61 78 65 20 6C 65 76 65 6C 20 6F 6E 20 63 68 61 72 61 63 74 65 72 27 73 20 77 6F 72 6C 64 2E 00 00 1C 12 00 4C 65 67 65 6E 64 20 6F 66 20 74 68 65 20 43 6C 75 62 28 00 48 69 67 68 65 73 74 20 63 6C 75 62 20 6C 65 76 65 6C 20 6F 6E 20 63 68 61 72 61 63 74 65 72 27 73 20 77 6F 72 6C 64 2E 00 00 1D 12 00 4C 65 67 65 6E 64 20 6F 66 20 74 68 65 20 46 69 73 74 28 00 48 69 67 68 65 73 74 20 66 69 73 74 20 6C 65 76 65 6C 20 6F 6E 20 63 68 61 72 61 63 74 65 72 27 73 20 77 6F 72 6C 64 2E 00 00 1E 14 00 4C 65 67 65 6E 64 20 6F 66 20 74 68 65 20 53 68 69 65 6C 64 2D 00 48 69 67 68 65 73 74 20 73 68 69 65 6C 64 69 6E 67 20 6C 65 76 65 6C 20 6F 6E 20 63 68 61 72 61 63 74 65 72 27 73 20 77 6F 72 6C 64 2E 00 01 1F 13 00 4C 65 67 65 6E 64 20 6F 66 20 74 68 65 20 53 77 6F 72 64 29 00 48 69 67 68 65 73 74 20 73 77 6F 72 64 20 6C 65 76 65 6C 20 6F 6E 20 63 68 61 72 61 63 74 65 72 27 73 20 77 6F 72 6C 64 2E 00 00 20 0F 00 50 72 69 6E 63 65 20 43 68 61 72 6D 69 6E 67 3F 00 48 69 67 68 65 73 74 20 73 63 6F 72 65 20 6F 66 20 61 63 63 75 6D 75 6C 61 74 65 64 20 63 68 61 72 6D 20 70 6F 69 6E 74 73 20 6F 6E 20 63 68 61 72 61 63 74 65 72 27 73 20 77 6F 72 6C 64 2E 00 00 21 17 00 52 65 69 67 6E 69 6E 67 20 44 72 6F 6D 65 20 43 68 61 6D 70 69 6F 6E 39 00 46 69 6E 69 73 68 65 64 20 6D 6F 73 74 20 72 65 63 65 6E 74 20 54 69 62 69 61 64 72 6F 6D 65 20 72 6F 74 61 20 72 61 6E 6B 65 64 20 69 6E 20 74 68 65 20 74 6F 70 20 35 2E 00 00 22 0A 00 42 69 70 65 64 61 6E 74 69 63 27 00 55 6E 6C 6F 63 6B 65 64 20 41 6C 6C 20 48 75 6D 61 6E 6F 69 64 20 42 65 73 74 69 61 72 79 20 65 6E 74 72 69 65 73 2E 00 00 23 11 00 42 6C 6F 6F 64 20 4D 6F 6F 6E 20 48 75 6E 74 65 72 2A 00 55 6E 6C 6F 63 6B 65 64 20 41 6C 6C 20 4C 79 63 61 6E 74 68 72 6F 70 65 20 42 65 73 74 69 61 72 79 20 65 6E 74 72 69 65 73 2E 00 00 24 0B 00 43 6F 6C 64 62 6C 6F 6F 64 65 64 27 00 55 6E 6C 6F 63 6B 65 64 20 41 6C 6C 20 41 6D 70 68 69 62 69 63 20 42 65 73 74 69 61 72 79 20 65 6E 74 72 69 65 73 2E 00 00 25 10 00 44 65 61 74 68 20 66 72 6F 6D 20 42 65 6C 6F 77 23 00 55 6E 6C 6F 63 6B 65 64 20 61 6C 6C 20 42 69 72 64 20 42 65 73 74 69 61 72 79 20 65 6E 74 72 69 65 73 2E 00 00 26 09 00 44 65 6D 6F 6E 61 74 6F 72 24 00 55 6E 6C 6F 63 6B 65 64 20 61 6C 6C 20 44 65 6D 6F 6E 20 42 65 73 74 69 61 72 79 20 65 6E 74 72 69 65 73 2E 00 00 27 0C 00 44 72 61 67 6F 6E 73 6C 61 79 65 72 25 00 55 6E 6C 6F 63 6B 65 64 20 61 6C 6C 20 44 72 61 67 6F 6E 20 42 65 73 74 69 61 72 79 20 65 6E 74 72 69 65 73 2E 00 00 28 0C 00 45 6C 65 6D 65 6E 74 61 6C 69 73 74 28 00 55 6E 6C 6F 63 6B 65 64 20 61 6C 6C 20 45 6C 65 6D 65 6E 74 61 6C 20 42 65 73 74 69 61 72 79 20 65 6E 74 72 69 65 73 2E 00 00 29 0C 00 45 78 74 65 72 6D 69 6E 61 74 6F 72 25 00 55 6E 6C 6F 63 6B 65 64 20 61 6C 6C 20 56 65 72 6D 69 6E 20 42 65 73 74 69 61 72 79 20 65 6E 74 72 69 65 73 2E 00 00 2A 0B 00 46 65 79 20 53 77 61 74 74 65 72 22 00 55 6E 6C 6F 63 6B 65 64 20 61 6C 6C 20 46 65 79 20 42 65 73 74 69 61 72 79 20 65 6E 74 72 69 65 73 2E 00 00 2B 0B 00 47 68 6F 73 74 68 75 6E 74 65 72 25 00 55 6E 6C 6F 63 6B 65 64 20 61 6C 6C 20 55 6E 64 65 61 64 20 42 65 73 74 69 61 72 79 20 65 6E 74 72 69 65 73 2E 00 00 2C 08 00 48 61 6E 64 79 6D 61 6E 28 00 55 6E 6C 6F 63 6B 65 64 20 61 6C 6C 20 43 6F 6E 73 74 72 75 63 74 20 42 65 73 74 69 61 72 79 20 65 6E 74 72 69 65 73 2E 00 00 2D 08 00 48 75 6E 74 73 6D 61 6E 25 00 55 6E 6C 6F 63 6B 65 64 20 61 6C 6C 20 4D 61 6D 6D 61 6C 20 42 65 73 74 69 61 72 79 20 65 6E 74 72 69 65 73 2E 00 00 2E 1A 00 49 6E 74 65 72 64 69 6D 65 6E 73 69 6F 6E 61 6C 20 44 65 73 74 72 6F 79 65 72 30 00 55 6E 6C 6F 63 6B 65 64 20 61 6C 6C 20 45 78 74 72 61 20 44 69 6D 65 6E 73 69 6F 6E 61 6C 20 42 65 73 74 69 61 72 79 20 65 6E 74 72 69 65 73 2E 00 00 2F 09 00 4D 61 6E 68 75 6E 74 65 72 24 00 55 6E 6C 6F 63 6B 65 64 20 61 6C 6C 20 48 75 6D 61 6E 20 42 65 73 74 69 61 72 79 20 65 6E 74 72 69 65 73 2E 00 00 30 12 00 4D 61 73 74 65 72 20 6F 66 20 49 6C 6C 75 73 69 6F 6E 26 00 55 6E 6C 6F 63 6B 65 64 20 61 6C 6C 20 4D 61 67 69 63 61 6C 20 42 65 73 74 69 61 72 79 20 65 6E 74 72 69 65 73 2E 00 00 31 0A 00 4F 6F 7A 65 20 42 6C 75 65 73 24 00 55 6E 6C 6F 63 6B 65 64 20 61 6C 6C 20 53 6C 69 6D 65 20 42 65 73 74 69 61 72 79 20 65 6E 74 72 69 65 73 2E 00 00 32 08 00 53 65 61 20 42 61 6E 65 26 00 55 6E 6C 6F 63 6B 65 64 20 61 6C 6C 20 41 71 75 61 74 69 63 20 42 65 73 74 69 61 72 79 20 65 6E 74 72 69 65 73 2E 00 00 33 0D 00 53 6E 61 6B 65 20 43 68 61 72 6D 65 72 26 00 55 6E 6C 6F 63 6B 65 64 20 61 6C 6C 20 52 65 70 74 69 6C 65 20 42 65 73 74 69 61 72 79 20 65 6E 74 72 69 65 73 2E 00 00 34 07 00 54 75 6D 62 6C 65 72 24 00 55 6E 6C 6F 63 6B 65 64 20 61 6C 6C 20 47 69 61 6E 74 20 42 65 73 74 69 61 72 79 20 65 6E 74 72 69 65 73 2E 00 00 35 0A 00 57 65 65 64 6B 69 6C 6C 65 72 24 00 55 6E 6C 6F 63 6B 65 64 20 61 6C 6C 20 50 6C 61 6E 74 20 42 65 73 74 69 61 72 79 20 65 6E 74 72 69 65 73 2E 00 00 36 0A 00 49 6E 6B 20 45 72 61 73 65 72 26 00 55 6E 6C 6F 63 6B 65 64 20 61 6C 6C 20 49 6E 6B 62 6F 72 6E 20 42 65 73 74 69 61 72 79 20 65 6E 74 72 69 65 73 2E 00 00 37 0B 00 45 78 65 63 75 74 69 6F 6E 65 72 1E 00 55 6E 6C 6F 63 6B 65 64 20 61 6C 6C 20 42 65 73 74 69 61 72 79 20 65 6E 74 72 69 65 73 2E 00 00 38 10 00 42 6F 73 73 20 41 6E 6E 69 68 69 6C 61 74 6F 72 1C 00 55 6E 6C 6F 63 6B 65 64 20 61 6C 6C 20 4E 65 6D 65 73 69 73 20 62 6F 73 73 65 73 2E 00 00 39 0E 00 42 6F 73 73 20 44 65 73 74 72 6F 79 65 72 23 00 55 6E 6C 6F 63 6B 65 64 20 31 30 20 6F 72 20 6D 6F 72 65 20 41 72 63 68 66 6F 65 20 62 6F 73 73 65 73 2E 01 00 3A 0F 00 42 6F 73 73 20 44 65 76 61 73 74 61 74 6F 72 23 00 55 6E 6C 6F 63 6B 65 64 20 31 30 20 6F 72 20 6D 6F 72 65 20 4E 65 6D 65 73 69 73 20 62 6F 73 73 65 73 2E 01 00 3B 0B 00 42 6F 73 73 20 45 72 61 73 65 72 1C 00 55 6E 6C 6F 63 6B 65 64 20 61 6C 6C 20 41 72 63 68 66 6F 65 20 62 6F 73 73 65 73 2E 00 00 3C 10 00 42 6F 73 73 20 45 78 65 63 75 74 69 6F 6E 65 72 14 00 55 6E 6C 6F 63 6B 65 64 20 61 6C 6C 20 62 6F 73 73 65 73 2E 00 00 3D 0B 00 42 6F 73 73 20 48 75 6E 74 65 72 20 00 55 6E 6C 6F 63 6B 65 64 20 31 30 20 6F 72 20 6D 6F 72 65 20 42 61 6E 65 20 62 6F 73 73 65 73 2E 01 00 3E 10 00 42 6F 73 73 20 4F 62 6C 69 74 65 72 61 74 6F 72 23 00 55 6E 6C 6F 63 6B 65 64 20 34 30 20 6F 72 20 6D 6F 72 65 20 4E 65 6D 65 73 69 73 20 62 6F 73 73 65 73 2E 01 00 3F 0B 00 42 6F 73 73 20 53 6C 61 79 65 72 19 00 55 6E 6C 6F 63 6B 65 64 20 61 6C 6C 20 42 61 6E 65 20 62 6F 73 73 65 73 2E 00 00 40 0B 00 42 6F 73 73 20 53 6D 69 74 65 72 23 00 55 6E 6C 6F 63 6B 65 64 20 34 30 20 6F 72 20 6D 6F 72 65 20 41 72 63 68 66 6F 65 20 62 6F 73 73 65 73 2E 01 00 41 0C 00 42 6F 73 73 20 56 65 74 65 72 61 6E 20 00 55 6E 6C 6F 63 6B 65 64 20 34 30 20 6F 72 20 6D 6F 72 65 20 42 61 6E 65 20 62 6F 73 73 65 73 2E 01 00 42 1B 00 43 72 65 61 74 75 72 65 20 6F 66 20 48 61 62 69 74 20 28 47 72 61 64 65 20 31 29 37 00 52 65 77 61 72 64 20 53 74 72 65 61 6B 20 6F 66 20 61 74 20 6C 65 61 73 74 20 37 20 64 61 79 73 20 6F 66 20 63 6F 6E 73 65 63 75 74 69 76 65 20 6C 6F 67 69 6E 73 2E 01 00 43 1B 00 43 72 65 61 74 75 72 65 20 6F 66 20 48 61 62 69 74 20 28 47 72 61 64 65 20 32 29 38 00 52 65 77 61 72 64 20 53 74 72 65 61 6B 20 6F 66 20 61 74 20 6C 65 61 73 74 20 33 30 20 64 61 79 73 20 6F 66 20 63 6F 6E 73 65 63 75 74 69 76 65 20 6C 6F 67 69 6E 73 2E 01 00 44 1B 00 43 72 65 61 74 75 72 65 20 6F 66 20 48 61 62 69 74 20 28 47 72 61 64 65 20 33 29 38 00 52 65 77 61 72 64 20 53 74 72 65 61 6B 20 6F 66 20 61 74 20 6C 65 61 73 74 20 39 30 20 64 61 79 73 20 6F 66 20 63 6F 6E 73 65 63 75 74 69 76 65 20 6C 6F 67 69 6E 73 2E 01 00 45 1B 00 43 72 65 61 74 75 72 65 20 6F 66 20 48 61 62 69 74 20 28 47 72 61 64 65 20 34 29 39 00 52 65 77 61 72 64 20 53 74 72 65 61 6B 20 6F 66 20 61 74 20 6C 65 61 73 74 20 31 38 30 20 64 61 79 73 20 6F 66 20 63 6F 6E 73 65 63 75 74 69 76 65 20 6C 6F 67 69 6E 73 2E 01 00 46 1B 00 43 72 65 61 74 75 72 65 20 6F 66 20 48 61 62 69 74 20 28 47 72 61 64 65 20 35 29 39 00 52 65 77 61 72 64 20 53 74 72 65 61 6B 20 6F 66 20 61 74 20 6C 65 61 73 74 20 33 36 35 20 64 61 79 73 20 6F 66 20 63 6F 6E 73 65 63 75 74 69 76 65 20 6C 6F 67 69 6E 73 2E 01 00 47 11 00 41 73 70 69 72 69 6E 67 20 48 75 6E 74 73 6D 61 6E 1E 00 49 6E 76 65 73 74 65 64 20 31 36 30 2C 30 30 30 20 74 61 73 6B 73 20 70 6F 69 6E 74 73 2E 01 00 48 15 00 43 6F 6D 70 65 74 65 6E 74 20 42 65 61 73 74 73 6C 61 79 65 72 1E 00 49 6E 76 65 73 74 65 64 20 33 32 30 2C 30 30 30 20 74 61 73 6B 73 20 70 6F 69 6E 74 73 2E 01 00 49 13 00 46 65 61 72 65 64 20 42 6F 75 6E 74 79 68 75 6E 74 65 72 1E 00 49 6E 76 65 73 74 65 64 20 34 33 30 2C 30 30 30 20 74 61 73 6B 73 20 70 6F 69 6E 74 73 2E 01 00 4A 16 00 44 65 64 69 63 61 74 65 64 20 45 6E 74 72 65 70 72 65 6E 65 75 72 22 00 45 78 70 6C 6F 72 65 64 20 35 30 25 20 6F 66 20 61 6C 6C 20 74 68 65 20 6D 61 70 20 61 72 65 61 73 2E 00 00 4B 0C 00 47 6C 6F 62 65 74 72 6F 74 74 65 72 17 00 45 78 70 6C 6F 72 65 64 20 61 6C 6C 20 6D 61 70 20 61 72 65 61 73 2E 00 00 4C 0C 00 47 75 69 6C 64 20 4C 65 61 64 65 72 10 00 4C 65 61 64 69 6E 67 20 61 20 47 75 69 6C 64 2E 00 00 4D 14 00 50 72 6F 63 6F 6E 73 75 6C 20 6F 66 20 49 6B 73 75 70 61 6E 6F 00 4F 6E 6C 79 20 61 20 74 72 75 65 20 64 65 76 6F 74 65 65 20 74 6F 20 74 68 65 20 63 61 75 73 65 20 6F 66 20 74 68 65 20 61 6E 63 69 65 6E 74 20 49 6B 73 20 61 6E 64 20 74 68 65 69 72 20 6C 6F 73 74 20 6C 65 67 61 63 79 20 6D 61 79 20 73 74 65 70 20 75 70 20 74 6F 20 74 68 65 20 72 61 6E 6B 20 6F 66 20 70 72 6F 63 6F 6E 73 75 6C 2E 01 00 4E 14 00 41 64 6D 69 72 65 72 20 6F 66 20 74 68 65 20 43 72 6F 77 6E 20 00 41 64 6A 75 73 74 20 79 6F 75 72 20 63 72 6F 77 6E 20 61 6E 64 20 68 61 6E 64 6C 65 20 69 74 2E 01 00 4F 0B 00 42 69 67 20 53 70 65 6E 64 65 72 20 00 55 6E 6C 6F 63 6B 65 64 20 74 68 65 20 66 75 6C 6C 20 47 6F 6C 64 65 6E 20 4F 75 74 66 69 74 2E 01 00 50 15 00 43 68 61 6C 6C 65 6E 67 65 72 20 6F 66 20 74 68 65 20 49 6B 73 48 00 43 68 61 6C 6C 65 6E 67 65 64 20 41 68 61 75 2C 20 67 75 61 72 64 69 61 6E 20 6F 66 20 49 6B 73 75 70 61 6E 2C 20 69 6E 20 74 72 61 64 69 74 69 6F 6E 61 6C 20 49 6B 73 20 77 61 72 72 69 6F 72 20 61 74 74 69 72 65 2E 01 00 51 17 00 52 6F 79 61 6C 20 42 6F 75 6E 61 63 65 61 6E 20 41 64 76 69 73 6F 72 3B 00 43 61 6C 6C 65 64 20 74 6F 20 74 68 65 20 63 6F 75 72 74 20 6F 66 20 42 6F 75 6E 61 63 20 62 79 20 4B 65 73 61 72 20 74 68 65 20 59 6F 75 6E 67 65 72 20 68 69 6D 73 65 6C 66 2E 01 00 52 08 00 41 65 74 65 72 6E 61 6C 51 00 41 77 61 72 64 65 64 20 65 78 63 6C 75 73 69 76 65 6C 79 20 74 6F 20 73 74 61 6C 77 61 72 74 20 68 65 72 6F 65 73 20 6B 65 65 70 69 6E 67 20 74 68 65 20 66 61 69 74 68 20 75 6E 64 65 72 20 61 6C 6C 20 63 69 72 63 75 6D 73 74 61 6E 63 65 73 2E 01 00 53 0F 00 52 6F 62 69 6E 73 6F 6E 20 43 72 75 73 6F 65 75 00 53 6F 6D 65 20 64 69 73 63 6F 76 65 72 69 65 73 20 61 72 65 20 72 65 73 65 72 76 65 64 20 74 6F 20 6F 6E 6C 79 20 74 68 65 20 6D 6F 73 74 20 65 78 70 65 72 69 65 6E 63 65 64 20 61 64 76 65 6E 74 75 72 65 72 73 2E 20 55 6E 74 69 6C 20 74 68 65 20 6E 65 78 74 20 66 72 6F 6E 74 69 65 72 20 6F 70 65 6E 73 20 6F 6E 20 74 68 65 20 68 6F 72 69 7A 6F 6E 2E 01 00 54 0C 00 43 68 6F 6D 70 6D 65 69 73 74 65 72 56 00 41 77 61 72 64 65 64 20 6F 6E 6C 79 20 74 6F 20 74 72 75 65 20 63 6F 6E 6E 6F 69 73 73 65 75 72 73 20 75 6E 64 65 72 74 61 6B 69 6E 67 20 65 76 65 6E 20 74 68 65 20 6D 6F 73 74 20 65 78 6F 74 69 63 20 63 75 6C 69 6E 61 72 79 20 65 73 63 61 70 61 64 65 73 2E 01 00 55 0F 00 42 72 69 6E 67 65 72 20 6F 66 20 52 61 69 6E 3A 00 46 6F 72 67 69 6E 67 20 74 68 72 6F 75 67 68 20 62 61 74 74 6C 65 20 61 66 74 65 72 20 62 61 74 74 6C 65 20 6C 69 6B 65 20 61 20 74 72 75 65 20 67 6C 61 64 69 61 74 6F 72 2E 01 00 56 07 00 42 65 61 73 74 6C 79 29 00 52 65 61 63 68 65 64 20 32 30 30 30 20 63 68 61 72 6D 20 70 6F 69 6E 74 73 2E 20 51 75 69 74 65 20 62 65 61 73 74 6C 79 21 01 00 57 0F 00 4D 69 64 6E 69 67 68 74 20 48 75 6E 74 65 72 42 00 57 68 65 6E 20 74 68 65 20 68 75 6E 74 65 72 20 62 65 63 6F 6D 65 73 20 74 68 65 20 68 75 6E 74 65 64 2C 20 70 65 72 73 65 76 65 72 61 6E 63 65 20 64 65 63 69 64 65 73 20 74 68 65 20 67 61 6D 65 2E 01 00 58 09 00 52 61 74 69 6E 61 74 6F 72 5B 00 4B 69 6C 6C 69 6E 67 20 73 6F 6D 65 20 73 6E 61 72 6B 79 20 63 61 76 65 20 72 61 74 73 20 69 73 20 68 65 6C 70 66 75 6C 2C 20 6B 69 6C 6C 69 6E 67 20 6F 76 65 72 20 74 65 6E 20 74 68 6F 75 73 61 6E 64 20 6F 66 20 74 68 65 6D 20 69 73 20 61 20 73 74 61 74 65 6D 65 6E 74 2E 01 00 59 10 00 44 6F 6F 6D 73 64 61 79 20 4E 65 6D 65 73 69 73 3A 00 41 77 61 72 64 65 64 20 66 6F 72 20 67 72 65 61 74 20 68 65 6C 70 20 69 6E 20 74 68 65 20 62 61 74 74 6C 65 20 61 67 61 69 6E 73 74 20 47 61 7A 27 68 61 72 61 67 6F 74 68 2E 01 00 5A 0E 00 48 65 72 6F 20 6F 66 20 42 6F 75 6E 61 63 6A 00 59 6F 75 20 70 72 65 76 61 69 6C 65 64 20 64 75 72 69 6E 67 20 74 68 65 20 62 61 74 74 6C 65 20 6F 66 20 42 6F 75 6E 61 63 20 61 6E 64 20 62 72 6F 6B 65 20 74 68 65 20 73 69 65 67 65 20 74 68 61 74 20 68 65 6C 64 20 42 6F 75 6E 61 63 27 73 20 70 65 6F 70 6C 65 20 69 6E 20 69 74 73 20 66 69 72 6D 20 67 72 61 73 70 2E 01 00 5B 0D 00 4B 69 6E 67 20 6F 66 20 44 65 6D 6F 6E 1A 00 44 65 66 65 61 74 20 4D 6F 72 73 68 61 62 61 61 6C 20 35 20 74 69 6D 65 73 2E 01 00 5C 0A 00 50 6C 61 6E 65 67 61 7A 65 72 32 00 46 6F 6C 6C 6F 77 65 64 20 74 68 65 20 74 72 61 69 6C 20 6F 66 20 74 68 65 20 50 6C 61 6E 65 73 74 72 69 64 65 72 20 74 6F 20 74 68 65 20 65 6E 64 2E 01 00 5D 0E 00 54 69 6D 65 20 54 72 61 76 65 6C 6C 65 72 1A 00 41 6E 79 77 68 65 72 65 20 69 6E 20 74 69 6D 65 20 6F 72 20 73 70 61 63 65 2E 01 00 5E 0A 00 54 72 75 6C 79 20 42 6F 73 73 19 00 52 65 61 63 68 20 31 35 2C 30 30 30 20 62 6F 73 73 20 70 6F 69 6E 74 73 2E 01 00 5F 10 00 50 65 6E 73 69 76 65 20 57 61 6E 64 65 72 65 72 6A 00 59 6F 75 20 68 61 76 65 20 68 6F 6E 6F 75 72 65 64 20 74 68 65 20 4D 65 72 75 64 72 69 20 62 79 20 76 69 73 69 74 69 6E 67 20 61 6C 6C 20 6F 66 20 74 68 65 69 72 20 73 68 72 69 6E 65 73 20 61 6E 64 20 63 6F 6D 70 6C 65 74 69 6E 67 20 74 68 65 20 61 6E 63 69 65 6E 74 20 54 68 72 65 65 2D 46 6F 6C 64 20 50 61 74 68 2E 01 00 

LEN=59 TYPE=0
DA 00 00 0D 00 4B 6E 69 67 68 74 20 53 61 6D 70 6C 65 06 00 4B 6E 69 67 68 74 C0 00 83 00 5F 71 27 73 00 00 00 00 00 00 00 00 00 01 0D 00 41 70 65 78 20 50 72 65 64 61 74 6F 72 

LEN=6083 TYPE=11
DA 0B 00 15 5F 01 0C 00 47 6F 6C 64 20 48 6F 61 72 64 65 72 1F 00 45 61 72 6E 65 64 20 61 74 20 6C 65 61 73 74 20 31 2C 30 30 30 2C 30 30 30 20 67 6F 6C 64 2E 00 00 02 10 00 50 6C 61 74 69 6E 75 6D 20 48 6F 61 72 64 65 72 20 00 45 61 72 6E 65 64 20 61 74 20 6C 65 61 73 74 20 31 30 2C 30 30 30 2C 30 30 30 20 67 6F 6C 64 2E 00 00 03 0F 00 43 72 79 73 74 61 6C 20 48 6F 61 72 64 65 72 21 00 45 61 72 6E 65 64 20 61 74 20 6C 65 61 73 74 20 31 30 30 2C 30 30 30 2C 30 30 30 20 67 6F 6C 64 2E 00 00 04 16 00 42 65 61 73 74 73 74 72 69 64 65 72 20 28 47 72 61 64 65 20 31 29 1B 00 55 6E 6C 6F 63 6B 65 64 20 31 30 20 6F 72 20 6D 6F 72 65 20 4D 6F 75 6E 74 73 2E 01 00 05 16 00 42 65 61 73 74 73 74 72 69 64 65 72 20 28 47 72 61 64 65 20 32 29 1B 00 55 6E 6C 6F 63 6B 65 64 20 32 30 20 6F 72 20 6D 6F 72 65 20 4D 6F 75 6E 74 73 2E 01 00 06 16 00 42 65 61 73 74 73 74 72 69 64 65 72 20 28 47 72 61 64 65 20 33 29 1B 00 55 6E 6C 6F 63 6B 65 64 20 33 30 20 6F 72 20 6D 6F 72 65 20 4D 6F 75 6E 74 73 2E 01 00 07 16 00 42 65 61 73 74 73 74 72 69 64 65 72 20 28 47 72 61 64 65 20 34 29 1B 00 55 6E 6C 6F 63 6B 65 64 20 34 30 20 6F 72 20 6D 6F 72 65 20 4D 6F 75 6E 74 73 2E 01 00 08 16 00 42 65 61 73 74 73 74 72 69 64 65 72 20 28 47 72 61 64 65 20 35 29 1B 00 55 6E 6C 6F 63 6B 65 64 20 35 30 20 6F 72 20 6D 6F 72 65 20 4D 6F 75 6E 74 73 2E 01 00 09 1A 00 54 69 62 69 61 27 73 20 54 6F 70 6D 6F 64 65 6C 20 28 47 72 61 64 65 20 31 29 1C 00 55 6E 6C 6F 63 6B 65 64 20 31 30 20 6F 72 20 6D 6F 72 65 20 4F 75 74 66 69 74 73 2E 01 00 0A 1A 00 54 69 62 69 61 27 73 20 54 6F 70 6D 6F 64 65 6C 20 28 47 72 61 64 65 20 32 29 1C 00 55 6E 6C 6F 63 6B 65 64 20 32 30 20 6F 72 20 6D 6F 72 65 20 4F 75 74 66 69 74 73 2E 01 00 0B 1A 00 54 69 62 69 61 27 73 20 54 6F 70 6D 6F 64 65 6C 20 28 47 72 61 64 65 20 33 29 1C 00 55 6E 6C 6F 63 6B 65 64 20 33 30 20 6F 72 20 6D 6F 72 65 20 4F 75 74 66 69 74 73 2E 01 00 0C 1A 00 54 69 62 69 61 27 73 20 54 6F 70 6D 6F 64 65 6C 20 28 47 72 61 64 65 20 34 29 1C 00 55 6E 6C 6F 63 6B 65 64 20 34 30 20 6F 72 20 6D 6F 72 65 20 4F 75 74 66 69 74 73 2E 01 00 0D 1A 00 54 69 62 69 61 27 73 20 54 6F 70 6D 6F 64 65 6C 20 28 47 72 61 64 65 20 35 29 1C 00 55 6E 6C 6F 63 6B 65 64 20 35 30 20 6F 72 20 6D 6F 72 65 20 4F 75 74 66 69 74 73 2E 01 00 0E 0C 00 54 72 6F 6C 6C 74 72 61 73 68 65 72 11 00 52 65 61 63 68 65 64 20 6C 65 76 65 6C 20 35 30 2E 00 01 0F 0D 00 43 79 63 6C 6F 70 73 63 61 6D 70 65 72 12 00 52 65 61 63 68 65 64 20 6C 65 76 65 6C 20 31 30 30 2E 00 01 10 0C 00 44 72 61 67 6F 6E 64 6F 75 73 65 72 12 00 52 65 61 63 68 65 64 20 6C 65 76 65 6C 20 32 30 30 2E 00 01 11 09 00 44 65 6D 6F 6E 64 6F 6F 6D 12 00 52 65 61 63 68 65 64 20 6C 65 76 65 6C 20 33 30 30 2E 00 00 12 0A 00 44 72 61 6B 65 6E 62 61 6E 65 12 00 52 65 61 63 68 65 64 20 6C 65 76 65 6C 20 34 30 30 2E 00 00 13 08 00 53 69 6C 65 6E 63 65 72 12 00 52 65 61 63 68 65 64 20 6C 65 76 65 6C 20 35 30 30 2E 00 00 14 07 00 45 78 61 6C 74 65 64 13 00 52 65 61 63 68 65 64 20 6C 65 76 65 6C 20 31 30 30 30 2E 00 00 15 0D 00 41 70 65 78 20 50 72 65 64 61 74 6F 72 23 00 48 69 67 68 65 73 74 20 4C 65 76 65 6C 20 6F 6E 20 63 68 61 72 61 63 74 65 72 27 73 20 77 6F 72 6C 64 2E 00 01 16 08 00 42 69 67 20 42 6F 73 73 3E 00 48 69 67 68 65 73 74 20 73 63 6F 72 65 20 6F 66 20 61 63 63 75 6D 75 6C 61 74 65 64 20 62 6F 73 73 20 70 6F 69 6E 74 73 20 6F 6E 20 63 68 61 72 61 63 74 65 72 27 73 20 77 6F 72 6C 64 2E 00 00 17 12 00 4A 61 63 6B 20 6F 66 20 61 6C 6C 20 54 61 69 6E 74 73 47 00 48 69 67 68 65 73 74 20 73 63 6F 72 65 20 66 6F 72 20 6B 69 6C 6C 69 6E 67 20 47 6F 73 68 6E 61 72 20 61 6E 64 20 68 69 73 20 61 73 70 65 63 74 73 20 6F 6E 20 63 68 61 72 61 63 74 65 72 27 73 20 77 6F 72 6C 64 2E 00 00 18 11 00 4C 65 67 65 6E 64 20 6F 66 20 46 69 73 68 69 6E 67 2B 00 48 69 67 68 65 73 74 20 66 69 73 68 69 6E 67 20 6C 65 76 65 6C 20 6F 6E 20 63 68 61 72 61 63 74 65 72 27 73 20 77 6F 72 6C 64 2E 00 00 19 0F 00 4C 65 67 65 6E 64 20 6F 66 20 4D 61 67 69 63 29 00 48 69 67 68 65 73 74 20 6D 61 67 69 63 20 6C 65 76 65 6C 20 6F 6E 20 63 68 61 72 61 63 74 65 72 27 73 20 77 6F 72 6C 64 2E 00 00 1A 16 00 4C 65 67 65 6E 64 20 6F 66 20 4D 61 72 6B 73 6D 61 6E 73 68 69 70 2C 00 48 69 67 68 65 73 74 20 64 69 73 74 61 6E 63 65 20 6C 65 76 65 6C 20 6F 6E 20 63 68 61 72 61 63 74 65 72 27 73 20 77 6F 72 6C 64 2E 00 00 1B 11 00 4C 65 67 65 6E 64 20 6F 66 20 74 68 65 20 41 78 65 27 00 48 69 67 68 65 73 74 20 61 78 65 20 6C 65 76 65 6C 20 6F 6E 20 63 68 61 72 61 63 74 65 72 27 73 20 77 6F 72 6C 64 2E 00 00 1C 12 00 4C 65 67 65 6E 64 20 6F 66 20 74 68 65 20 43 6C 75 62 28 00 48 69 67 68 65 73 74 20 63 6C 75 62 20 6C 65 76 65 6C 20 6F 6E 20 63 68 61 72 61 63 74 65 72 27 73 20 77 6F 72 6C 64 2E 00 00 1D 12 00 4C 65 67 65 6E 64 20 6F 66 20 74 68 65 20 46 69 73 74 28 00 48 69 67 68 65 73 74 20 66 69 73 74 20 6C 65 76 65 6C 20 6F 6E 20 63 68 61 72 61 63 74 65 72 27 73 20 77 6F 72 6C 64 2E 00 00 1E 14 00 4C 65 67 65 6E 64 20 6F 66 20 74 68 65 20 53 68 69 65 6C 64 2D 00 48 69 67 68 65 73 74 20 73 68 69 65 6C 64 69 6E 67 20 6C 65 76 65 6C 20 6F 6E 20 63 68 61 72 61 63 74 65 72 27 73 20 77 6F 72 6C 64 2E 00 01 1F 13 00 4C 65 67 65 6E 64 20 6F 66 20 74 68 65 20 53 77 6F 72 64 29 00 48 69 67 68 65 73 74 20 73 77 6F 72 64 20 6C 65 76 65 6C 20 6F 6E 20 63 68 61 72 61 63 74 65 72 27 73 20 77 6F 72 6C 64 2E 00 00 20 0F 00 50 72 69 6E 63 65 20 43 68 61 72 6D 69 6E 67 3F 00 48 69 67 68 65 73 74 20 73 63 6F 72 65 20 6F 66 20 61 63 63 75 6D 75 6C 61 74 65 64 20 63 68 61 72 6D 20 70 6F 69 6E 74 73 20 6F 6E 20 63 68 61 72 61 63 74 65 72 27 73 20 77 6F 72 6C 64 2E 00 00 21 17 00 52 65 69 67 6E 69 6E 67 20 44 72 6F 6D 65 20 43 68 61 6D 70 69 6F 6E 39 00 46 69 6E 69 73 68 65 64 20 6D 6F 73 74 20 72 65 63 65 6E 74 20 54 69 62 69 61 64 72 6F 6D 65 20 72 6F 74 61 20 72 61 6E 6B 65 64 20 69 6E 20 74 68 65 20 74 6F 70 20 35 2E 00 00 22 0A 00 42 69 70 65 64 61 6E 74 69 63 27 00 55 6E 6C 6F 63 6B 65 64 20 41 6C 6C 20 48 75 6D 61 6E 6F 69 64 20 42 65 73 74 69 61 72 79 20 65 6E 74 72 69 65 73 2E 00 00 23 11 00 42 6C 6F 6F 64 20 4D 6F 6F 6E 20 48 75 6E 74 65 72 2A 00 55 6E 6C 6F 63 6B 65 64 20 41 6C 6C 20 4C 79 63 61 6E 74 68 72 6F 70 65 20 42 65 73 74 69 61 72 79 20 65 6E 74 72 69 65 73 2E 00 00 24 0B 00 43 6F 6C 64 62 6C 6F 6F 64 65 64 27 00 55 6E 6C 6F 63 6B 65 64 20 41 6C 6C 20 41 6D 70 68 69 62 69 63 20 42 65 73 74 69 61 72 79 20 65 6E 74 72 69 65 73 2E 00 00 25 10 00 44 65 61 74 68 20 66 72 6F 6D 20 42 65 6C 6F 77 23 00 55 6E 6C 6F 63 6B 65 64 20 61 6C 6C 20 42 69 72 64 20 42 65 73 74 69 61 72 79 20 65 6E 74 72 69 65 73 2E 00 00 26 09 00 44 65 6D 6F 6E 61 74 6F 72 24 00 55 6E 6C 6F 63 6B 65 64 20 61 6C 6C 20 44 65 6D 6F 6E 20 42 65 73 74 69 61 72 79 20 65 6E 74 72 69 65 73 2E 00 00 27 0C 00 44 72 61 67 6F 6E 73 6C 61 79 65 72 25 00 55 6E 6C 6F 63 6B 65 64 20 61 6C 6C 20 44 72 61 67 6F 6E 20 42 65 73 74 69 61 72 79 20 65 6E 74 72 69 65 73 2E 00 00 28 0C 00 45 6C 65 6D 65 6E 74 61 6C 69 73 74 28 00 55 6E 6C 6F 63 6B 65 64 20 61 6C 6C 20 45 6C 65 6D 65 6E 74 61 6C 20 42 65 73 74 69 61 72 79 20 65 6E 74 72 69 65 73 2E 00 00 29 0C 00 45 78 74 65 72 6D 69 6E 61 74 6F 72 25 00 55 6E 6C 6F 63 6B 65 64 20 61 6C 6C 20 56 65 72 6D 69 6E 20 42 65 73 74 69 61 72 79 20 65 6E 74 72 69 65 73 2E 00 00 2A 0B 00 46 65 79 20 53 77 61 74 74 65 72 22 00 55 6E 6C 6F 63 6B 65 64 20 61 6C 6C 20 46 65 79 20 42 65 73 74 69 61 72 79 20 65 6E 74 72 69 65 73 2E 00 00 2B 0B 00 47 68 6F 73 74 68 75 6E 74 65 72 25 00 55 6E 6C 6F 63 6B 65 64 20 61 6C 6C 20 55 6E 64 65 61 64 20 42 65 73 74 69 61 72 79 20 65 6E 74 72 69 65 73 2E 00 00 2C 08 00 48 61 6E 64 79 6D 61 6E 28 00 55 6E 6C 6F 63 6B 65 64 20 61 6C 6C 20 43 6F 6E 73 74 72 75 63 74 20 42 65 73 74 69 61 72 79 20 65 6E 74 72 69 65 73 2E 00 00 2D 08 00 48 75 6E 74 73 6D 61 6E 25 00 55 6E 6C 6F 63 6B 65 64 20 61 6C 6C 20 4D 61 6D 6D 61 6C 20 42 65 73 74 69 61 72 79 20 65 6E 74 72 69 65 73 2E 00 00 2E 1A 00 49 6E 74 65 72 64 69 6D 65 6E 73 69 6F 6E 61 6C 20 44 65 73 74 72 6F 79 65 72 30 00 55 6E 6C 6F 63 6B 65 64 20 61 6C 6C 20 45 78 74 72 61 20 44 69 6D 65 6E 73 69 6F 6E 61 6C 20 42 65 73 74 69 61 72 79 20 65 6E 74 72 69 65 73 2E 00 00 2F 09 00 4D 61 6E 68 75 6E 74 65 72 24 00 55 6E 6C 6F 63 6B 65 64 20 61 6C 6C 20 48 75 6D 61 6E 20 42 65 73 74 69 61 72 79 20 65 6E 74 72 69 65 73 2E 00 00 30 12 00 4D 61 73 74 65 72 20 6F 66 20 49 6C 6C 75 73 69 6F 6E 26 00 55 6E 6C 6F 63 6B 65 64 20 61 6C 6C 20 4D 61 67 69 63 61 6C 20 42 65 73 74 69 61 72 79 20 65 6E 74 72 69 65 73 2E 00 00 31 0A 00 4F 6F 7A 65 20 42 6C 75 65 73 24 00 55 6E 6C 6F 63 6B 65 64 20 61 6C 6C 20 53 6C 69 6D 65 20 42 65 73 74 69 61 72 79 20 65 6E 74 72 69 65 73 2E 00 00 32 08 00 53 65 61 20 42 61 6E 65 26 00 55 6E 6C 6F 63 6B 65 64 20 61 6C 6C 20 41 71 75 61 74 69 63 20 42 65 73 74 69 61 72 79 20 65 6E 74 72 69 65 73 2E 00 00 33 0D 00 53 6E 61 6B 65 20 43 68 61 72 6D 65 72 26 00 55 6E 6C 6F 63 6B 65 64 20 61 6C 6C 20 52 65 70 74 69 6C 65 20 42 65 73 74 69 61 72 79 20 65 6E 74 72 69 65 73 2E 00 00 34 07 00 54 75 6D 62 6C 65 72 24 00 55 6E 6C 6F 63 6B 65 64 20 61 6C 6C 20 47 69 61 6E 74 20 42 65 73 74 69 61 72 79 20 65 6E 74 72 69 65 73 2E 00 00 35 0A 00 57 65 65 64 6B 69 6C 6C 65 72 24 00 55 6E 6C 6F 63 6B 65 64 20 61 6C 6C 20 50 6C 61 6E 74 20 42 65 73 74 69 61 72 79 20 65 6E 74 72 69 65 73 2E 00 00 36 0A 00 49 6E 6B 20 45 72 61 73 65 72 26 00 55 6E 6C 6F 63 6B 65 64 20 61 6C 6C 20 49 6E 6B 62 6F 72 6E 20 42 65 73 74 69 61 72 79 20 65 6E 74 72 69 65 73 2E 00 00 37 0B 00 45 78 65 63 75 74 69 6F 6E 65 72 1E 00 55 6E 6C 6F 63 6B 65 64 20 61 6C 6C 20 42 65 73 74 69 61 72 79 20 65 6E 74 72 69 65 73 2E 00 00 38 10 00 42 6F 73 73 20 41 6E 6E 69 68 69 6C 61 74 6F 72 1C 00 55 6E 6C 6F 63 6B 65 64 20 61 6C 6C 20 4E 65 6D 65 73 69 73 20 62 6F 73 73 65 73 2E 00 00 39 0E 00 42 6F 73 73 20 44 65 73 74 72 6F 79 65 72 23 00 55 6E 6C 6F 63 6B 65 64 20 31 30 20 6F 72 20 6D 6F 72 65 20 41 72 63 68 66 6F 65 20 62 6F 73 73 65 73 2E 01 00 3A 0F 00 42 6F 73 73 20 44 65 76 61 73 74 61 74 6F 72 23 00 55 6E 6C 6F 63 6B 65 64 20 31 30 20 6F 72 20 6D 6F 72 65 20 4E 65 6D 65 73 69 73 20 62 6F 73 73 65 73 2E 01 00 3B 0B 00 42 6F 73 73 20 45 72 61 73 65 72 1C 00 55 6E 6C 6F 63 6B 65 64 20 61 6C 6C 20 41 72 63 68 66 6F 65 20 62 6F 73 73 65 73 2E 00 00 3C 10 00 42 6F 73 73 20 45 78 65 63 75 74 69 6F 6E 65 72 14 00 55 6E 6C 6F 63 6B 65 64 20 61 6C 6C 20 62 6F 73 73 65 73 2E 00 00 3D 0B 00 42 6F 73 73 20 48 75 6E 74 65 72 20 00 55 6E 6C 6F 63 6B 65 64 20 31 30 20 6F 72 20 6D 6F 72 65 20 42 61 6E 65 20 62 6F 73 73 65 73 2E 01 00 3E 10 00 42 6F 73 73 20 4F 62 6C 69 74 65 72 61 74 6F 72 23 00 55 6E 6C 6F 63 6B 65 64 20 34 30 20 6F 72 20 6D 6F 72 65 20 4E 65 6D 65 73 69 73 20 62 6F 73 73 65 73 2E 01 00 3F 0B 00 42 6F 73 73 20 53 6C 61 79 65 72 19 00 55 6E 6C 6F 63 6B 65 64 20 61 6C 6C 20 42 61 6E 65 20 62 6F 73 73 65 73 2E 00 00 40 0B 00 42 6F 73 73 20 53 6D 69 74 65 72 23 00 55 6E 6C 6F 63 6B 65 64 20 34 30 20 6F 72 20 6D 6F 72 65 20 41 72 63 68 66 6F 65 20 62 6F 73 73 65 73 2E 01 00 41 0C 00 42 6F 73 73 20 56 65 74 65 72 61 6E 20 00 55 6E 6C 6F 63 6B 65 64 20 34 30 20 6F 72 20 6D 6F 72 65 20 42 61 6E 65 20 62 6F 73 73 65 73 2E 01 00 42 1B 00 43 72 65 61 74 75 72 65 20 6F 66 20 48 61 62 69 74 20 28 47 72 61 64 65 20 31 29 37 00 52 65 77 61 72 64 20 53 74 72 65 61 6B 20 6F 66 20 61 74 20 6C 65 61 73 74 20 37 20 64 61 79 73 20 6F 66 20 63 6F 6E 73 65 63 75 74 69 76 65 20 6C 6F 67 69 6E 73 2E 01 00 43 1B 00 43 72 65 61 74 75 72 65 20 6F 66 20 48 61 62 69 74 20 28 47 72 61 64 65 20 32 29 38 00 52 65 77 61 72 64 20 53 74 72 65 61 6B 20 6F 66 20 61 74 20 6C 65 61 73 74 20 33 30 20 64 61 79 73 20 6F 66 20 63 6F 6E 73 65 63 75 74 69 76 65 20 6C 6F 67 69 6E 73 2E 01 00 44 1B 00 43 72 65 61 74 75 72 65 20 6F 66 20 48 61 62 69 74 20 28 47 72 61 64 65 20 33 29 38 00 52 65 77 61 72 64 20 53 74 72 65 61 6B 20 6F 66 20 61 74 20 6C 65 61 73 74 20 39 30 20 64 61 79 73 20 6F 66 20 63 6F 6E 73 65 63 75 74 69 76 65 20 6C 6F 67 69 6E 73 2E 01 00 45 1B 00 43 72 65 61 74 75 72 65 20 6F 66 20 48 61 62 69 74 20 28 47 72 61 64 65 20 34 29 39 00 52 65 77 61 72 64 20 53 74 72 65 61 6B 20 6F 66 20 61 74 20 6C 65 61 73 74 20 31 38 30 20 64 61 79 73 20 6F 66 20 63 6F 6E 73 65 63 75 74 69 76 65 20 6C 6F 67 69 6E 73 2E 01 00 46 1B 00 43 72 65 61 74 75 72 65 20 6F 66 20 48 61 62 69 74 20 28 47 72 61 64 65 20 35 29 39 00 52 65 77 61 72 64 20 53 74 72 65 61 6B 20 6F 66 20 61 74 20 6C 65 61 73 74 20 33 36 35 20 64 61 79 73 20 6F 66 20 63 6F 6E 73 65 63 75 74 69 76 65 20 6C 6F 67 69 6E 73 2E 01 00 47 11 00 41 73 70 69 72 69 6E 67 20 48 75 6E 74 73 6D 61 6E 1E 00 49 6E 76 65 73 74 65 64 20 31 36 30 2C 30 30 30 20 74 61 73 6B 73 20 70 6F 69 6E 74 73 2E 01 00 48 15 00 43 6F 6D 70 65 74 65 6E 74 20 42 65 61 73 74 73 6C 61 79 65 72 1E 00 49 6E 76 65 73 74 65 64 20 33 32 30 2C 30 30 30 20 74 61 73 6B 73 20 70 6F 69 6E 74 73 2E 01 00 49 13 00 46 65 61 72 65 64 20 42 6F 75 6E 74 79 68 75 6E 74 65 72 1E 00 49 6E 76 65 73 74 65 64 20 34 33 30 2C 30 30 30 20 74 61 73 6B 73 20 70 6F 69 6E 74 73 2E 01 00 4A 16 00 44 65 64 69 63 61 74 65 64 20 45 6E 74 72 65 70 72 65 6E 65 75 72 22 00 45 78 70 6C 6F 72 65 64 20 35 30 25 20 6F 66 20 61 6C 6C 20 74 68 65 20 6D 61 70 20 61 72 65 61 73 2E 00 00 4B 0C 00 47 6C 6F 62 65 74 72 6F 74 74 65 72 17 00 45 78 70 6C 6F 72 65 64 20 61 6C 6C 20 6D 61 70 20 61 72 65 61 73 2E 00 00 4C 0C 00 47 75 69 6C 64 20 4C 65 61 64 65 72 10 00 4C 65 61 64 69 6E 67 20 61 20 47 75 69 6C 64 2E 00 00 4D 14 00 50 72 6F 63 6F 6E 73 75 6C 20 6F 66 20 49 6B 73 75 70 61 6E 6F 00 4F 6E 6C 79 20 61 20 74 72 75 65 20 64 65 76 6F 74 65 65 20 74 6F 20 74 68 65 20 63 61 75 73 65 20 6F 66 20 74 68 65 20 61 6E 63 69 65 6E 74 20 49 6B 73 20 61 6E 64 20 74 68 65 69 72 20 6C 6F 73 74 20 6C 65 67 61 63 79 20 6D 61 79 20 73 74 65 70 20 75 70 20 74 6F 20 74 68 65 20 72 61 6E 6B 20 6F 66 20 70 72 6F 63 6F 6E 73 75 6C 2E 01 00 4E 14 00 41 64 6D 69 72 65 72 20 6F 66 20 74 68 65 20 43 72 6F 77 6E 20 00 41 64 6A 75 73 74 20 79 6F 75 72 20 63 72 6F 77 6E 20 61 6E 64 20 68 61 6E 64 6C 65 20 69 74 2E 01 00 4F 0B 00 42 69 67 20 53 70 65 6E 64 65 72 20 00 55 6E 6C 6F 63 6B 65 64 20 74 68 65 20 66 75 6C 6C 20 47 6F 6C 64 65 6E 20 4F 75 74 66 69 74 2E 01 00 50 15 00 43 68 61 6C 6C 65 6E 67 65 72 20 6F 66 20 74 68 65 20 49 6B 73 48 00 43 68 61 6C 6C 65 6E 67 65 64 20 41 68 61 75 2C 20 67 75 61 72 64 69 61 6E 20 6F 66 20 49 6B 73 75 70 61 6E 2C 20 69 6E 20 74 72 61 64 69 74 69 6F 6E 61 6C 20 49 6B 73 20 77 61 72 72 69 6F 72 20 61 74 74 69 72 65 2E 01 00 51 17 00 52 6F 79 61 6C 20 42 6F 75 6E 61 63 65 61 6E 20 41 64 76 69 73 6F 72 3B 00 43 61 6C 6C 65 64 20 74 6F 20 74 68 65 20 63 6F 75 72 74 20 6F 66 20 42 6F 75 6E 61 63 20 62 79 20 4B 65 73 61 72 20 74 68 65 20 59 6F 75 6E 67 65 72 20 68 69 6D 73 65 6C 66 2E 01 00 52 08 00 41 65 74 65 72 6E 61 6C 51 00 41 77 61 72 64 65 64 20 65 78 63 6C 75 73 69 76 65 6C 79 20 74 6F 20 73 74 61 6C 77 61 72 74 20 68 65 72 6F 65 73 20 6B 65 65 70 69 6E 67 20 74 68 65 20 66 61 69 74 68 20 75 6E 64 65 72 20 61 6C 6C 20 63 69 72 63 75 6D 73 74 61 6E 63 65 73 2E 01 00 53 0F 00 52 6F 62 69 6E 73 6F 6E 20 43 72 75 73 6F 65 75 00 53 6F 6D 65 20 64 69 73 63 6F 76 65 72 69 65 73 20 61 72 65 20 72 65 73 65 72 76 65 64 20 74 6F 20 6F 6E 6C 79 20 74 68 65 20 6D 6F 73 74 20 65 78 70 65 72 69 65 6E 63 65 64 20 61 64 76 65 6E 74 75 72 65 72 73 2E 20 55 6E 74 69 6C 20 74 68 65 20 6E 65 78 74 20 66 72 6F 6E 74 69 65 72 20 6F 70 65 6E 73 20 6F 6E 20 74 68 65 20 68 6F 72 69 7A 6F 6E 2E 01 00 54 0C 00 43 68 6F 6D 70 6D 65 69 73 74 65 72 56 00 41 77 61 72 64 65 64 20 6F 6E 6C 79 20 74 6F 20 74 72 75 65 20 63 6F 6E 6E 6F 69 73 73 65 75 72 73 20 75 6E 64 65 72 74 61 6B 69 6E 67 20 65 76 65 6E 20 74 68 65 20 6D 6F 73 74 20 65 78 6F 74 69 63 20 63 75 6C 69 6E 61 72 79 20 65 73 63 61 70 61 64 65 73 2E 01 00 55 0F 00 42 72 69 6E 67 65 72 20 6F 66 20 52 61 69 6E 3A 00 46 6F 72 67 69 6E 67 20 74 68 72 6F 75 67 68 20 62 61 74 74 6C 65 20 61 66 74 65 72 20 62 61 74 74 6C 65 20 6C 69 6B 65 20 61 20 74 72 75 65 20 67 6C 61 64 69 61 74 6F 72 2E 01 00 56 07 00 42 65 61 73 74 6C 79 29 00 52 65 61 63 68 65 64 20 32 30 30 30 20 63 68 61 72 6D 20 70 6F 69 6E 74 73 2E 20 51 75 69 74 65 20 62 65 61 73 74 6C 79 21 01 00 57 0F 00 4D 69 64 6E 69 67 68 74 20 48 75 6E 74 65 72 42 00 57 68 65 6E 20 74 68 65 20 68 75 6E 74 65 72 20 62 65 63 6F 6D 65 73 20 74 68 65 20 68 75 6E 74 65 64 2C 20 70 65 72 73 65 76 65 72 61 6E 63 65 20 64 65 63 69 64 65 73 20 74 68 65 20 67 61 6D 65 2E 01 00 58 09 00 52 61 74 69 6E 61 74 6F 72 5B 00 4B 69 6C 6C 69 6E 67 20 73 6F 6D 65 20 73 6E 61 72 6B 79 20 63 61 76 65 20 72 61 74 73 20 69 73 20 68 65 6C 70 66 75 6C 2C 20 6B 69 6C 6C 69 6E 67 20 6F 76 65 72 20 74 65 6E 20 74 68 6F 75 73 61 6E 64 20 6F 66 20 74 68 65 6D 20 69 73 20 61 20 73 74 61 74 65 6D 65 6E 74 2E 01 00 59 10 00 44 6F 6F 6D 73 64 61 79 20 4E 65 6D 65 73 69 73 3A 00 41 77 61 72 64 65 64 20 66 6F 72 20 67 72 65 61 74 20 68 65 6C 70 20 69 6E 20 74 68 65 20 62 61 74 74 6C 65 20 61 67 61 69 6E 73 74 20 47 61 7A 27 68 61 72 61 67 6F 74 68 2E 01 00 5A 0E 00 48 65 72 6F 20 6F 66 20 42 6F 75 6E 61 63 6A 00 59 6F 75 20 70 72 65 76 61 69 6C 65 64 20 64 75 72 69 6E 67 20 74 68 65 20 62 61 74 74 6C 65 20 6F 66 20 42 6F 75 6E 61 63 20 61 6E 64 20 62 72 6F 6B 65 20 74 68 65 20 73 69 65 67 65 20 74 68 61 74 20 68 65 6C 64 20 42 6F 75 6E 61 63 27 73 20 70 65 6F 70 6C 65 20 69 6E 20 69 74 73 20 66 69 72 6D 20 67 72 61 73 70 2E 01 00 5B 0D 00 4B 69 6E 67 20 6F 66 20 44 65 6D 6F 6E 1A 00 44 65 66 65 61 74 20 4D 6F 72 73 68 61 62 61 61 6C 20 35 20 74 69 6D 65 73 2E 01 00 5C 0A 00 50 6C 61 6E 65 67 61 7A 65 72 32 00 46 6F 6C 6C 6F 77 65 64 20 74 68 65 20 74 72 61 69 6C 20 6F 66 20 74 68 65 20 50 6C 61 6E 65 73 74 72 69 64 65 72 20 74 6F 20 74 68 65 20 65 6E 64 2E 01 00 5D 0E 00 54 69 6D 65 20 54 72 61 76 65 6C 6C 65 72 1A 00 41 6E 79 77 68 65 72 65 20 69 6E 20 74 69 6D 65 20 6F 72 20 73 70 61 63 65 2E 01 00 5E 0A 00 54 72 75 6C 79 20 42 6F 73 73 19 00 52 65 61 63 68 20 31 35 2C 30 30 30 20 62 6F 73 73 20 70 6F 69 6E 74 73 2E 01 00 5F 10 00 50 65 6E 73 69 76 65 20 57 61 6E 64 65 72 65 72 6A 00 59 6F 75 20 68 61 76 65 20 68 6F 6E 6F 75 72 65 64 20 74 68 65 20 4D 65 72 75 64 72 69 20 62 79 20 76 69 73 69 74 69 6E 67 20 61 6C 6C 20 6F 66 20 74 68 65 69 72 20 73 68 72 69 6E 65 73 20 61 6E 64 20 63 6F 6D 70 6C 65 74 69 6E 67 20 74 68 65 20 61 6E 63 69 65 6E 74 20 54 68 72 65 65 2D 46 6F 6C 64 20 50 61 74 68 2E 01 00 

LEN=6083 TYPE=11
DA 0B 00 15 5F 01 0C 00 47 6F 6C 64 20 48 6F 61 72 64 65 72 1F 00 45 61 72 6E 65 64 20 61 74 20 6C 65 61 73 74 20 31 2C 30 30 30 2C 30 30 30 20 67 6F 6C 64 2E 00 00 02 10 00 50 6C 61 74 69 6E 75 6D 20 48 6F 61 72 64 65 72 20 00 45 61 72 6E 65 64 20 61 74 20 6C 65 61 73 74 20 31 30 2C 30 30 30 2C 30 30 30 20 67 6F 6C 64 2E 00 00 03 0F 00 43 72 79 73 74 61 6C 20 48 6F 61 72 64 65 72 21 00 45 61 72 6E 65 64 20 61 74 20 6C 65 61 73 74 20 31 30 30 2C 30 30 30 2C 30 30 30 20 67 6F 6C 64 2E 00 00 04 16 00 42 65 61 73 74 73 74 72 69 64 65 72 20 28 47 72 61 64 65 20 31 29 1B 00 55 6E 6C 6F 63 6B 65 64 20 31 30 20 6F 72 20 6D 6F 72 65 20 4D 6F 75 6E 74 73 2E 01 00 05 16 00 42 65 61 73 74 73 74 72 69 64 65 72 20 28 47 72 61 64 65 20 32 29 1B 00 55 6E 6C 6F 63 6B 65 64 20 32 30 20 6F 72 20 6D 6F 72 65 20 4D 6F 75 6E 74 73 2E 01 00 06 16 00 42 65 61 73 74 73 74 72 69 64 65 72 20 28 47 72 61 64 65 20 33 29 1B 00 55 6E 6C 6F 63 6B 65 64 20 33 30 20 6F 72 20 6D 6F 72 65 20 4D 6F 75 6E 74 73 2E 01 00 07 16 00 42 65 61 73 74 73 74 72 69 64 65 72 20 28 47 72 61 64 65 20 34 29 1B 00 55 6E 6C 6F 63 6B 65 64 20 34 30 20 6F 72 20 6D 6F 72 65 20 4D 6F 75 6E 74 73 2E 01 00 08 16 00 42 65 61 73 74 73 74 72 69 64 65 72 20 28 47 72 61 64 65 20 35 29 1B 00 55 6E 6C 6F 63 6B 65 64 20 35 30 20 6F 72 20 6D 6F 72 65 20 4D 6F 75 6E 74 73 2E 01 00 09 1A 00 54 69 62 69 61 27 73 20 54 6F 70 6D 6F 64 65 6C 20 28 47 72 61 64 65 20 31 29 1C 00 55 6E 6C 6F 63 6B 65 64 20 31 30 20 6F 72 20 6D 6F 72 65 20 4F 75 74 66 69 74 73 2E 01 00 0A 1A 00 54 69 62 69 61 27 73 20 54 6F 70 6D 6F 64 65 6C 20 28 47 72 61 64 65 20 32 29 1C 00 55 6E 6C 6F 63 6B 65 64 20 32 30 20 6F 72 20 6D 6F 72 65 20 4F 75 74 66 69 74 73 2E 01 00 0B 1A 00 54 69 62 69 61 27 73 20 54 6F 70 6D 6F 64 65 6C 20 28 47 72 61 64 65 20 33 29 1C 00 55 6E 6C 6F 63 6B 65 64 20 33 30 20 6F 72 20 6D 6F 72 65 20 4F 75 74 66 69 74 73 2E 01 00 0C 1A 00 54 69 62 69 61 27 73 20 54 6F 70 6D 6F 64 65 6C 20 28 47 72 61 64 65 20 34 29 1C 00 55 6E 6C 6F 63 6B 65 64 20 34 30 20 6F 72 20 6D 6F 72 65 20 4F 75 74 66 69 74 73 2E 01 00 0D 1A 00 54 69 62 69 61 27 73 20 54 6F 70 6D 6F 64 65 6C 20 28 47 72 61 64 65 20 35 29 1C 00 55 6E 6C 6F 63 6B 65 64 20 35 30 20 6F 72 20 6D 6F 72 65 20 4F 75 74 66 69 74 73 2E 01 00 0E 0C 00 54 72 6F 6C 6C 74 72 61 73 68 65 72 11 00 52 65 61 63 68 65 64 20 6C 65 76 65 6C 20 35 30 2E 00 01 0F 0D 00 43 79 63 6C 6F 70 73 63 61 6D 70 65 72 12 00 52 65 61 63 68 65 64 20 6C 65 76 65 6C 20 31 30 30 2E 00 01 10 0C 00 44 72 61 67 6F 6E 64 6F 75 73 65 72 12 00 52 65 61 63 68 65 64 20 6C 65 76 65 6C 20 32 30 30 2E 00 01 11 09 00 44 65 6D 6F 6E 64 6F 6F 6D 12 00 52 65 61 63 68 65 64 20 6C 65 76 65 6C 20 33 30 30 2E 00 00 12 0A 00 44 72 61 6B 65 6E 62 61 6E 65 12 00 52 65 61 63 68 65 64 20 6C 65 76 65 6C 20 34 30 30 2E 00 00 13 08 00 53 69 6C 65 6E 63 65 72 12 00 52 65 61 63 68 65 64 20 6C 65 76 65 6C 20 35 30 30 2E 00 00 14 07 00 45 78 61 6C 74 65 64 13 00 52 65 61 63 68 65 64 20 6C 65 76 65 6C 20 31 30 30 30 2E 00 00 15 0D 00 41 70 65 78 20 50 72 65 64 61 74 6F 72 23 00 48 69 67 68 65 73 74 20 4C 65 76 65 6C 20 6F 6E 20 63 68 61 72 61 63 74 65 72 27 73 20 77 6F 72 6C 64 2E 00 01 16 08 00 42 69 67 20 42 6F 73 73 3E 00 48 69 67 68 65 73 74 20 73 63 6F 72 65 20 6F 66 20 61 63 63 75 6D 75 6C 61 74 65 64 20 62 6F 73 73 20 70 6F 69 6E 74 73 20 6F 6E 20 63 68 61 72 61 63 74 65 72 27 73 20 77 6F 72 6C 64 2E 00 00 17 12 00 4A 61 63 6B 20 6F 66 20 61 6C 6C 20 54 61 69 6E 74 73 47 00 48 69 67 68 65 73 74 20 73 63 6F 72 65 20 66 6F 72 20 6B 69 6C 6C 69 6E 67 20 47 6F 73 68 6E 61 72 20 61 6E 64 20 68 69 73 20 61 73 70 65 63 74 73 20 6F 6E 20 63 68 61 72 61 63 74 65 72 27 73 20 77 6F 72 6C 64 2E 00 00 18 11 00 4C 65 67 65 6E 64 20 6F 66 20 46 69 73 68 69 6E 67 2B 00 48 69 67 68 65 73 74 20 66 69 73 68 69 6E 67 20 6C 65 76 65 6C 20 6F 6E 20 63 68 61 72 61 63 74 65 72 27 73 20 77 6F 72 6C 64 2E 00 00 19 0F 00 4C 65 67 65 6E 64 20 6F 66 20 4D 61 67 69 63 29 00 48 69 67 68 65 73 74 20 6D 61 67 69 63 20 6C 65 76 65 6C 20 6F 6E 20 63 68 61 72 61 63 74 65 72 27 73 20 77 6F 72 6C 64 2E 00 00 1A 16 00 4C 65 67 65 6E 64 20 6F 66 20 4D 61 72 6B 73 6D 61 6E 73 68 69 70 2C 00 48 69 67 68 65 73 74 20 64 69 73 74 61 6E 63 65 20 6C 65 76 65 6C 20 6F 6E 20 63 68 61 72 61 63 74 65 72 27 73 20 77 6F 72 6C 64 2E 00 00 1B 11 00 4C 65 67 65 6E 64 20 6F 66 20 74 68 65 20 41 78 65 27 00 48 69 67 68 65 73 74 20 61 78 65 20 6C 65 76 65 6C 20 6F 6E 20 63 68 61 72 61 63 74 65 72 27 73 20 77 6F 72 6C 64 2E 00 00 1C 12 00 4C 65 67 65 6E 64 20 6F 66 20 74 68 65 20 43 6C 75 62 28 00 48 69 67 68 65 73 74 20 63 6C 75 62 20 6C 65 76 65 6C 20 6F 6E 20 63 68 61 72 61 63 74 65 72 27 73 20 77 6F 72 6C 64 2E 00 00 1D 12 00 4C 65 67 65 6E 64 20 6F 66 20 74 68 65 20 46 69 73 74 28 00 48 69 67 68 65 73 74 20 66 69 73 74 20 6C 65 76 65 6C 20 6F 6E 20 63 68 61 72 61 63 74 65 72 27 73 20 77 6F 72 6C 64 2E 00 00 1E 14 00 4C 65 67 65 6E 64 20 6F 66 20 74 68 65 20 53 68 69 65 6C 64 2D 00 48 69 67 68 65 73 74 20 73 68 69 65 6C 64 69 6E 67 20 6C 65 76 65 6C 20 6F 6E 20 63 68 61 72 61 63 74 65 72 27 73 20 77 6F 72 6C 64 2E 00 01 1F 13 00 4C 65 67 65 6E 64 20 6F 66 20 74 68 65 20 53 77 6F 72 64 29 00 48 69 67 68 65 73 74 20 73 77 6F 72 64 20 6C 65 76 65 6C 20 6F 6E 20 63 68 61 72 61 63 74 65 72 27 73 20 77 6F 72 6C 64 2E 00 00 20 0F 00 50 72 69 6E 63 65 20 43 68 61 72 6D 69 6E 67 3F 00 48 69 67 68 65 73 74 20 73 63 6F 72 65 20 6F 66 20 61 63 63 75 6D 75 6C 61 74 65 64 20 63 68 61 72 6D 20 70 6F 69 6E 74 73 20 6F 6E 20 63 68 61 72 61 63 74 65 72 27 73 20 77 6F 72 6C 64 2E 00 00 21 17 00 52 65 69 67 6E 69 6E 67 20 44 72 6F 6D 65 20 43 68 61 6D 70 69 6F 6E 39 00 46 69 6E 69 73 68 65 64 20 6D 6F 73 74 20 72 65 63 65 6E 74 20 54 69 62 69 61 64 72 6F 6D 65 20 72 6F 74 61 20 72 61 6E 6B 65 64 20 69 6E 20 74 68 65 20 74 6F 70 20 35 2E 00 00 22 0A 00 42 69 70 65 64 61 6E 74 69 63 27 00 55 6E 6C 6F 63 6B 65 64 20 41 6C 6C 20 48 75 6D 61 6E 6F 69 64 20 42 65 73 74 69 61 72 79 20 65 6E 74 72 69 65 73 2E 00 00 23 11 00 42 6C 6F 6F 64 20 4D 6F 6F 6E 20 48 75 6E 74 65 72 2A 00 55 6E 6C 6F 63 6B 65 64 20 41 6C 6C 20 4C 79 63 61 6E 74 68 72 6F 70 65 20 42 65 73 74 69 61 72 79 20 65 6E 74 72 69 65 73 2E 00 00 24 0B 00 43 6F 6C 64 62 6C 6F 6F 64 65 64 27 00 55 6E 6C 6F 63 6B 65 64 20 41 6C 6C 20 41 6D 70 68 69 62 69 63 20 42 65 73 74 69 61 72 79 20 65 6E 74 72 69 65 73 2E 00 00 25 10 00 44 65 61 74 68 20 66 72 6F 6D 20 42 65 6C 6F 77 23 00 55 6E 6C 6F 63 6B 65 64 20 61 6C 6C 20 42 69 72 64 20 42 65 73 74 69 61 72 79 20 65 6E 74 72 69 65 73 2E 00 00 26 09 00 44 65 6D 6F 6E 61 74 6F 72 24 00 55 6E 6C 6F 63 6B 65 64 20 61 6C 6C 20 44 65 6D 6F 6E 20 42 65 73 74 69 61 72 79 20 65 6E 74 72 69 65 73 2E 00 00 27 0C 00 44 72 61 67 6F 6E 73 6C 61 79 65 72 25 00 55 6E 6C 6F 63 6B 65 64 20 61 6C 6C 20 44 72 61 67 6F 6E 20 42 65 73 74 69 61 72 79 20 65 6E 74 72 69 65 73 2E 00 00 28 0C 00 45 6C 65 6D 65 6E 74 61 6C 69 73 74 28 00 55 6E 6C 6F 63 6B 65 64 20 61 6C 6C 20 45 6C 65 6D 65 6E 74 61 6C 20 42 65 73 74 69 61 72 79 20 65 6E 74 72 69 65 73 2E 00 00 29 0C 00 45 78 74 65 72 6D 69 6E 61 74 6F 72 25 00 55 6E 6C 6F 63 6B 65 64 20 61 6C 6C 20 56 65 72 6D 69 6E 20 42 65 73 74 69 61 72 79 20 65 6E 74 72 69 65 73 2E 00 00 2A 0B 00 46 65 79 20 53 77 61 74 74 65 72 22 00 55 6E 6C 6F 63 6B 65 64 20 61 6C 6C 20 46 65 79 20 42 65 73 74 69 61 72 79 20 65 6E 74 72 69 65 73 2E 00 00 2B 0B 00 47 68 6F 73 74 68 75 6E 74 65 72 25 00 55 6E 6C 6F 63 6B 65 64 20 61 6C 6C 20 55 6E 64 65 61 64 20 42 65 73 74 69 61 72 79 20 65 6E 74 72 69 65 73 2E 00 00 2C 08 00 48 61 6E 64 79 6D 61 6E 28 00 55 6E 6C 6F 63 6B 65 64 20 61 6C 6C 20 43 6F 6E 73 74 72 75 63 74 20 42 65 73 74 69 61 72 79 20 65 6E 74 72 69 65 73 2E 00 00 2D 08 00 48 75 6E 74 73 6D 61 6E 25 00 55 6E 6C 6F 63 6B 65 64 20 61 6C 6C 20 4D 61 6D 6D 61 6C 20 42 65 73 74 69 61 72 79 20 65 6E 74 72 69 65 73 2E 00 00 2E 1A 00 49 6E 74 65 72 64 69 6D 65 6E 73 69 6F 6E 61 6C 20 44 65 73 74 72 6F 79 65 72 30 00 55 6E 6C 6F 63 6B 65 64 20 61 6C 6C 20 45 78 74 72 61 20 44 69 6D 65 6E 73 69 6F 6E 61 6C 20 42 65 73 74 69 61 72 79 20 65 6E 74 72 69 65 73 2E 00 00 2F 09 00 4D 61 6E 68 75 6E 74 65 72 24 00 55 6E 6C 6F 63 6B 65 64 20 61 6C 6C 20 48 75 6D 61 6E 20 42 65 73 74 69 61 72 79 20 65 6E 74 72 69 65 73 2E 00 00 30 12 00 4D 61 73 74 65 72 20 6F 66 20 49 6C 6C 75 73 69 6F 6E 26 00 55 6E 6C 6F 63 6B 65 64 20 61 6C 6C 20 4D 61 67 69 63 61 6C 20 42 65 73 74 69 61 72 79 20 65 6E 74 72 69 65 73 2E 00 00 31 0A 00 4F 6F 7A 65 20 42 6C 75 65 73 24 00 55 6E 6C 6F 63 6B 65 64 20 61 6C 6C 20 53 6C 69 6D 65 20 42 65 73 74 69 61 72 79 20 65 6E 74 72 69 65 73 2E 00 00 32 08 00 53 65 61 20 42 61 6E 65 26 00 55 6E 6C 6F 63 6B 65 64 20 61 6C 6C 20 41 71 75 61 74 69 63 20 42 65 73 74 69 61 72 79 20 65 6E 74 72 69 65 73 2E 00 00 33 0D 00 53 6E 61 6B 65 20 43 68 61 72 6D 65 72 26 00 55 6E 6C 6F 63 6B 65 64 20 61 6C 6C 20 52 65 70 74 69 6C 65 20 42 65 73 74 69 61 72 79 20 65 6E 74 72 69 65 73 2E 00 00 34 07 00 54 75 6D 62 6C 65 72 24 00 55 6E 6C 6F 63 6B 65 64 20 61 6C 6C 20 47 69 61 6E 74 20 42 65 73 74 69 61 72 79 20 65 6E 74 72 69 65 73 2E 00 00 35 0A 00 57 65 65 64 6B 69 6C 6C 65 72 24 00 55 6E 6C 6F 63 6B 65 64 20 61 6C 6C 20 50 6C 61 6E 74 20 42 65 73 74 69 61 72 79 20 65 6E 74 72 69 65 73 2E 00 00 36 0A 00 49 6E 6B 20 45 72 61 73 65 72 26 00 55 6E 6C 6F 63 6B 65 64 20 61 6C 6C 20 49 6E 6B 62 6F 72 6E 20 42 65 73 74 69 61 72 79 20 65 6E 74 72 69 65 73 2E 00 00 37 0B 00 45 78 65 63 75 74 69 6F 6E 65 72 1E 00 55 6E 6C 6F 63 6B 65 64 20 61 6C 6C 20 42 65 73 74 69 61 72 79 20 65 6E 74 72 69 65 73 2E 00 00 38 10 00 42 6F 73 73 20 41 6E 6E 69 68 69 6C 61 74 6F 72 1C 00 55 6E 6C 6F 63 6B 65 64 20 61 6C 6C 20 4E 65 6D 65 73 69 73 20 62 6F 73 73 65 73 2E 00 00 39 0E 00 42 6F 73 73 20 44 65 73 74 72 6F 79 65 72 23 00 55 6E 6C 6F 63 6B 65 64 20 31 30 20 6F 72 20 6D 6F 72 65 20 41 72 63 68 66 6F 65 20 62 6F 73 73 65 73 2E 01 00 3A 0F 00 42 6F 73 73 20 44 65 76 61 73 74 61 74 6F 72 23 00 55 6E 6C 6F 63 6B 65 64 20 31 30 20 6F 72 20 6D 6F 72 65 20 4E 65 6D 65 73 69 73 20 62 6F 73 73 65 73 2E 01 00 3B 0B 00 42 6F 73 73 20 45 72 61 73 65 72 1C 00 55 6E 6C 6F 63 6B 65 64 20 61 6C 6C 20 41 72 63 68 66 6F 65 20 62 6F 73 73 65 73 2E 00 00 3C 10 00 42 6F 73 73 20 45 78 65 63 75 74 69 6F 6E 65 72 14 00 55 6E 6C 6F 63 6B 65 64 20 61 6C 6C 20 62 6F 73 73 65 73 2E 00 00 3D 0B 00 42 6F 73 73 20 48 75 6E 74 65 72 20 00 55 6E 6C 6F 63 6B 65 64 20 31 30 20 6F 72 20 6D 6F 72 65 20 42 61 6E 65 20 62 6F 73 73 65 73 2E 01 00 3E 10 00 42 6F 73 73 20 4F 62 6C 69 74 65 72 61 74 6F 72 23 00 55 6E 6C 6F 63 6B 65 64 20 34 30 20 6F 72 20 6D 6F 72 65 20 4E 65 6D 65 73 69 73 20 62 6F 73 73 65 73 2E 01 00 3F 0B 00 42 6F 73 73 20 53 6C 61 79 65 72 19 00 55 6E 6C 6F 63 6B 65 64 20 61 6C 6C 20 42 61 6E 65 20 62 6F 73 73 65 73 2E 00 00 40 0B 00 42 6F 73 73 20 53 6D 69 74 65 72 23 00 55 6E 6C 6F 63 6B 65 64 20 34 30 20 6F 72 20 6D 6F 72 65 20 41 72 63 68 66 6F 65 20 62 6F 73 73 65 73 2E 01 00 41 0C 00 42 6F 73 73 20 56 65 74 65 72 61 6E 20 00 55 6E 6C 6F 63 6B 65 64 20 34 30 20 6F 72 20 6D 6F 72 65 20 42 61 6E 65 20 62 6F 73 73 65 73 2E 01 00 42 1B 00 43 72 65 61 74 75 72 65 20 6F 66 20 48 61 62 69 74 20 28 47 72 61 64 65 20 31 29 37 00 52 65 77 61 72 64 20 53 74 72 65 61 6B 20 6F 66 20 61 74 20 6C 65 61 73 74 20 37 20 64 61 79 73 20 6F 66 20 63 6F 6E 73 65 63 75 74 69 76 65 20 6C 6F 67 69 6E 73 2E 01 00 43 1B 00 43 72 65 61 74 75 72 65 20 6F 66 20 48 61 62 69 74 20 28 47 72 61 64 65 20 32 29 38 00 52 65 77 61 72 64 20 53 74 72 65 61 6B 20 6F 66 20 61 74 20 6C 65 61 73 74 20 33 30 20 64 61 79 73 20 6F 66 20 63 6F 6E 73 65 63 75 74 69 76 65 20 6C 6F 67 69 6E 73 2E 01 00 44 1B 00 43 72 65 61 74 75 72 65 20 6F 66 20 48 61 62 69 74 20 28 47 72 61 64 65 20 33 29 38 00 52 65 77 61 72 64 20 53 74 72 65 61 6B 20 6F 66 20 61 74 20 6C 65 61 73 74 20 39 30 20 64 61 79 73 20 6F 66 20 63 6F 6E 73 65 63 75 74 69 76 65 20 6C 6F 67 69 6E 73 2E 01 00 45 1B 00 43 72 65 61 74 75 72 65 20 6F 66 20 48 61 62 69 74 20 28 47 72 61 64 65 20 34 29 39 00 52 65 77 61 72 64 20 53 74 72 65 61 6B 20 6F 66 20 61 74 20 6C 65 61 73 74 20 31 38 30 20 64 61 79 73 20 6F 66 20 63 6F 6E 73 65 63 75 74 69 76 65 20 6C 6F 67 69 6E 73 2E 01 00 46 1B 00 43 72 65 61 74 75 72 65 20 6F 66 20 48 61 62 69 74 20 28 47 72 61 64 65 20 35 29 39 00 52 65 77 61 72 64 20 53 74 72 65 61 6B 20 6F 66 20 61 74 20 6C 65 61 73 74 20 33 36 35 20 64 61 79 73 20 6F 66 20 63 6F 6E 73 65 63 75 74 69 76 65 20 6C 6F 67 69 6E 73 2E 01 00 47 11 00 41 73 70 69 72 69 6E 67 20 48 75 6E 74 73 6D 61 6E 1E 00 49 6E 76 65 73 74 65 64 20 31 36 30 2C 30 30 30 20 74 61 73 6B 73 20 70 6F 69 6E 74 73 2E 01 00 48 15 00 43 6F 6D 70 65 74 65 6E 74 20 42 65 61 73 74 73 6C 61 79 65 72 1E 00 49 6E 76 65 73 74 65 64 20 33 32 30 2C 30 30 30 20 74 61 73 6B 73 20 70 6F 69 6E 74 73 2E 01 00 49 13 00 46 65 61 72 65 64 20 42 6F 75 6E 74 79 68 75 6E 74 65 72 1E 00 49 6E 76 65 73 74 65 64 20 34 33 30 2C 30 30 30 20 74 61 73 6B 73 20 70 6F 69 6E 74 73 2E 01 00 4A 16 00 44 65 64 69 63 61 74 65 64 20 45 6E 74 72 65 70 72 65 6E 65 75 72 22 00 45 78 70 6C 6F 72 65 64 20 35 30 25 20 6F 66 20 61 6C 6C 20 74 68 65 20 6D 61 70 20 61 72 65 61 73 2E 00 00 4B 0C 00 47 6C 6F 62 65 74 72 6F 74 74 65 72 17 00 45 78 70 6C 6F 72 65 64 20 61 6C 6C 20 6D 61 70 20 61 72 65 61 73 2E 00 00 4C 0C 00 47 75 69 6C 64 20 4C 65 61 64 65 72 10 00 4C 65 61 64 69 6E 67 20 61 20 47 75 69 6C 64 2E 00 00 4D 14 00 50 72 6F 63 6F 6E 73 75 6C 20 6F 66 20 49 6B 73 75 70 61 6E 6F 00 4F 6E 6C 79 20 61 20 74 72 75 65 20 64 65 76 6F 74 65 65 20 74 6F 20 74 68 65 20 63 61 75 73 65 20 6F 66 20 74 68 65 20 61 6E 63 69 65 6E 74 20 49 6B 73 20 61 6E 64 20 74 68 65 69 72 20 6C 6F 73 74 20 6C 65 67 61 63 79 20 6D 61 79 20 73 74 65 70 20 75 70 20 74 6F 20 74 68 65 20 72 61 6E 6B 20 6F 66 20 70 72 6F 63 6F 6E 73 75 6C 2E 01 00 4E 14 00 41 64 6D 69 72 65 72 20 6F 66 20 74 68 65 20 43 72 6F 77 6E 20 00 41 64 6A 75 73 74 20 79 6F 75 72 20 63 72 6F 77 6E 20 61 6E 64 20 68 61 6E 64 6C 65 20 69 74 2E 01 00 4F 0B 00 42 69 67 20 53 70 65 6E 64 65 72 20 00 55 6E 6C 6F 63 6B 65 64 20 74 68 65 20 66 75 6C 6C 20 47 6F 6C 64 65 6E 20 4F 75 74 66 69 74 2E 01 00 50 15 00 43 68 61 6C 6C 65 6E 67 65 72 20 6F 66 20 74 68 65 20 49 6B 73 48 00 43 68 61 6C 6C 65 6E 67 65 64 20 41 68 61 75 2C 20 67 75 61 72 64 69 61 6E 20 6F 66 20 49 6B 73 75 70 61 6E 2C 20 69 6E 20 74 72 61 64 69 74 69 6F 6E 61 6C 20 49 6B 73 20 77 61 72 72 69 6F 72 20 61 74 74 69 72 65 2E 01 00 51 17 00 52 6F 79 61 6C 20 42 6F 75 6E 61 63 65 61 6E 20 41 64 76 69 73 6F 72 3B 00 43 61 6C 6C 65 64 20 74 6F 20 74 68 65 20 63 6F 75 72 74 20 6F 66 20 42 6F 75 6E 61 63 20 62 79 20 4B 65 73 61 72 20 74 68 65 20 59 6F 75 6E 67 65 72 20 68 69 6D 73 65 6C 66 2E 01 00 52 08 00 41 65 74 65 72 6E 61 6C 51 00 41 77 61 72 64 65 64 20 65 78 63 6C 75 73 69 76 65 6C 79 20 74 6F 20 73 74 61 6C 77 61 72 74 20 68 65 72 6F 65 73 20 6B 65 65 70 69 6E 67 20 74 68 65 20 66 61 69 74 68 20 75 6E 64 65 72 20 61 6C 6C 20 63 69 72 63 75 6D 73 74 61 6E 63 65 73 2E 01 00 53 0F 00 52 6F 62 69 6E 73 6F 6E 20 43 72 75 73 6F 65 75 00 53 6F 6D 65 20 64 69 73 63 6F 76 65 72 69 65 73 20 61 72 65 20 72 65 73 65 72 76 65 64 20 74 6F 20 6F 6E 6C 79 20 74 68 65 20 6D 6F 73 74 20 65 78 70 65 72 69 65 6E 63 65 64 20 61 64 76 65 6E 74 75 72 65 72 73 2E 20 55 6E 74 69 6C 20 74 68 65 20 6E 65 78 74 20 66 72 6F 6E 74 69 65 72 20 6F 70 65 6E 73 20 6F 6E 20 74 68 65 20 68 6F 72 69 7A 6F 6E 2E 01 00 54 0C 00 43 68 6F 6D 70 6D 65 69 73 74 65 72 56 00 41 77 61 72 64 65 64 20 6F 6E 6C 79 20 74 6F 20 74 72 75 65 20 63 6F 6E 6E 6F 69 73 73 65 75 72 73 20 75 6E 64 65 72 74 61 6B 69 6E 67 20 65 76 65 6E 20 74 68 65 20 6D 6F 73 74 20 65 78 6F 74 69 63 20 63 75 6C 69 6E 61 72 79 20 65 73 63 61 70 61 64 65 73 2E 01 00 55 0F 00 42 72 69 6E 67 65 72 20 6F 66 20 52 61 69 6E 3A 00 46 6F 72 67 69 6E 67 20 74 68 72 6F 75 67 68 20 62 61 74 74 6C 65 20 61 66 74 65 72 20 62 61 74 74 6C 65 20 6C 69 6B 65 20 61 20 74 72 75 65 20 67 6C 61 64 69 61 74 6F 72 2E 01 00 56 07 00 42 65 61 73 74 6C 79 29 00 52 65 61 63 68 65 64 20 32 30 30 30 20 63 68 61 72 6D 20 70 6F 69 6E 74 73 2E 20 51 75 69 74 65 20 62 65 61 73 74 6C 79 21 01 00 57 0F 00 4D 69 64 6E 69 67 68 74 20 48 75 6E 74 65 72 42 00 57 68 65 6E 20 74 68 65 20 68 75 6E 74 65 72 20 62 65 63 6F 6D 65 73 20 74 68 65 20 68 75 6E 74 65 64 2C 20 70 65 72 73 65 76 65 72 61 6E 63 65 20 64 65 63 69 64 65 73 20 74 68 65 20 67 61 6D 65 2E 01 00 58 09 00 52 61 74 69 6E 61 74 6F 72 5B 00 4B 69 6C 6C 69 6E 67 20 73 6F 6D 65 20 73 6E 61 72 6B 79 20 63 61 76 65 20 72 61 74 73 20 69 73 20 68 65 6C 70 66 75 6C 2C 20 6B 69 6C 6C 69 6E 67 20 6F 76 65 72 20 74 65 6E 20 74 68 6F 75 73 61 6E 64 20 6F 66 20 74 68 65 6D 20 69 73 20 61 20 73 74 61 74 65 6D 65 6E 74 2E 01 00 59 10 00 44 6F 6F 6D 73 64 61 79 20 4E 65 6D 65 73 69 73 3A 00 41 77 61 72 64 65 64 20 66 6F 72 20 67 72 65 61 74 20 68 65 6C 70 20 69 6E 20 74 68 65 20 62 61 74 74 6C 65 20 61 67 61 69 6E 73 74 20 47 61 7A 27 68 61 72 61 67 6F 74 68 2E 01 00 5A 0E 00 48 65 72 6F 20 6F 66 20 42 6F 75 6E 61 63 6A 00 59 6F 75 20 70 72 65 76 61 69 6C 65 64 20 64 75 72 69 6E 67 20 74 68 65 20 62 61 74 74 6C 65 20 6F 66 20 42 6F 75 6E 61 63 20 61 6E 64 20 62 72 6F 6B 65 20 74 68 65 20 73 69 65 67 65 20 74 68 61 74 20 68 65 6C 64 20 42 6F 75 6E 61 63 27 73 20 70 65 6F 70 6C 65 20 69 6E 20 69 74 73 20 66 69 72 6D 20 67 72 61 73 70 2E 01 00 5B 0D 00 4B 69 6E 67 20 6F 66 20 44 65 6D 6F 6E 1A 00 44 65 66 65 61 74 20 4D 6F 72 73 68 61 62 61 61 6C 20 35 20 74 69 6D 65 73 2E 01 00 5C 0A 00 50 6C 61 6E 65 67 61 7A 65 72 32 00 46 6F 6C 6C 6F 77 65 64 20 74 68 65 20 74 72 61 69 6C 20 6F 66 20 74 68 65 20 50 6C 61 6E 65 73 74 72 69 64 65 72 20 74 6F 20 74 68 65 20 65 6E 64 2E 01 00 5D 0E 00 54 69 6D 65 20 54 72 61 76 65 6C 6C 65 72 1A 00 41 6E 79 77 68 65 72 65 20 69 6E 20 74 69 6D 65 20 6F 72 20 73 70 61 63 65 2E 01 00 5E 0A 00 54 72 75 6C 79 20 42 6F 73 73 19 00 52 65 61 63 68 20 31 35 2C 30 30 30 20 62 6F 73 73 20 70 6F 69 6E 74 73 2E 01 00 5F 10 00 50 65 6E 73 69 76 65 20 57 61 6E 64 65 72 65 72 6A 00 59 6F 75 20 68 61 76 65 20 68 6F 6E 6F 75 72 65 64 20 74 68 65 20 4D 65 72 75 64 72 69 20 62 79 20 76 69 73 69 74 69 6E 67 20 61 6C 6C 20 6F 66 20 74 68 65 69 72 20 73 68 72 69 6E 65 73 20 61 6E 64 20 63 6F 6D 70 6C 65 74 69 6E 67 20 74 68 65 20 61 6E 63 69 65 6E 74 20 54 68 72 65 65 2D 46 6F 6C 64 20 50 61 74 68 2E 01 00 

LEN=6083 TYPE=11
DA 0B 00 15 5F 01 0C 00 47 6F 6C 64 20 48 6F 61 72 64 65 72 1F 00 45 61 72 6E 65 64 20 61 74 20 6C 65 61 73 74 20 31 2C 30 30 30 2C 30 30 30 20 67 6F 6C 64 2E 00 00 02 10 00 50 6C 61 74 69 6E 75 6D 20 48 6F 61 72 64 65 72 20 00 45 61 72 6E 65 64 20 61 74 20 6C 65 61 73 74 20 31 30 2C 30 30 30 2C 30 30 30 20 67 6F 6C 64 2E 00 00 03 0F 00 43 72 79 73 74 61 6C 20 48 6F 61 72 64 65 72 21 00 45 61 72 6E 65 64 20 61 74 20 6C 65 61 73 74 20 31 30 30 2C 30 30 30 2C 30 30 30 20 67 6F 6C 64 2E 00 00 04 16 00 42 65 61 73 74 73 74 72 69 64 65 72 20 28 47 72 61 64 65 20 31 29 1B 00 55 6E 6C 6F 63 6B 65 64 20 31 30 20 6F 72 20 6D 6F 72 65 20 4D 6F 75 6E 74 73 2E 01 00 05 16 00 42 65 61 73 74 73 74 72 69 64 65 72 20 28 47 72 61 64 65 20 32 29 1B 00 55 6E 6C 6F 63 6B 65 64 20 32 30 20 6F 72 20 6D 6F 72 65 20 4D 6F 75 6E 74 73 2E 01 00 06 16 00 42 65 61 73 74 73 74 72 69 64 65 72 20 28 47 72 61 64 65 20 33 29 1B 00 55 6E 6C 6F 63 6B 65 64 20 33 30 20 6F 72 20 6D 6F 72 65 20 4D 6F 75 6E 74 73 2E 01 00 07 16 00 42 65 61 73 74 73 74 72 69 64 65 72 20 28 47 72 61 64 65 20 34 29 1B 00 55 6E 6C 6F 63 6B 65 64 20 34 30 20 6F 72 20 6D 6F 72 65 20 4D 6F 75 6E 74 73 2E 01 00 08 16 00 42 65 61 73 74 73 74 72 69 64 65 72 20 28 47 72 61 64 65 20 35 29 1B 00 55 6E 6C 6F 63 6B 65 64 20 35 30 20 6F 72 20 6D 6F 72 65 20 4D 6F 75 6E 74 73 2E 01 00 09 1A 00 54 69 62 69 61 27 73 20 54 6F 70 6D 6F 64 65 6C 20 28 47 72 61 64 65 20 31 29 1C 00 55 6E 6C 6F 63 6B 65 64 20 31 30 20 6F 72 20 6D 6F 72 65 20 4F 75 74 66 69 74 73 2E 01 00 0A 1A 00 54 69 62 69 61 27 73 20 54 6F 70 6D 6F 64 65 6C 20 28 47 72 61 64 65 20 32 29 1C 00 55 6E 6C 6F 63 6B 65 64 20 32 30 20 6F 72 20 6D 6F 72 65 20 4F 75 74 66 69 74 73 2E 01 00 0B 1A 00 54 69 62 69 61 27 73 20 54 6F 70 6D 6F 64 65 6C 20 28 47 72 61 64 65 20 33 29 1C 00 55 6E 6C 6F 63 6B 65 64 20 33 30 20 6F 72 20 6D 6F 72 65 20 4F 75 74 66 69 74 73 2E 01 00 0C 1A 00 54 69 62 69 61 27 73 20 54 6F 70 6D 6F 64 65 6C 20 28 47 72 61 64 65 20 34 29 1C 00 55 6E 6C 6F 63 6B 65 64 20 34 30 20 6F 72 20 6D 6F 72 65 20 4F 75 74 66 69 74 73 2E 01 00 0D 1A 00 54 69 62 69 61 27 73 20 54 6F 70 6D 6F 64 65 6C 20 28 47 72 61 64 65 20 35 29 1C 00 55 6E 6C 6F 63 6B 65 64 20 35 30 20 6F 72 20 6D 6F 72 65 20 4F 75 74 66 69 74 73 2E 01 00 0E 0C 00 54 72 6F 6C 6C 74 72 61 73 68 65 72 11 00 52 65 61 63 68 65 64 20 6C 65 76 65 6C 20 35 30 2E 00 01 0F 0D 00 43 79 63 6C 6F 70 73 63 61 6D 70 65 72 12 00 52 65 61 63 68 65 64 20 6C 65 76 65 6C 20 31 30 30 2E 00 01 10 0C 00 44 72 61 67 6F 6E 64 6F 75 73 65 72 12 00 52 65 61 63 68 65 64 20 6C 65 76 65 6C 20 32 30 30 2E 00 01 11 09 00 44 65 6D 6F 6E 64 6F 6F 6D 12 00 52 65 61 63 68 65 64 20 6C 65 76 65 6C 20 33 30 30 2E 00 00 12 0A 00 44 72 61 6B 65 6E 62 61 6E 65 12 00 52 65 61 63 68 65 64 20 6C 65 76 65 6C 20 34 30 30 2E 00 00 13 08 00 53 69 6C 65 6E 63 65 72 12 00 52 65 61 63 68 65 64 20 6C 65 76 65 6C 20 35 30 30 2E 00 00 14 07 00 45 78 61 6C 74 65 64 13 00 52 65 61 63 68 65 64 20 6C 65 76 65 6C 20 31 30 30 30 2E 00 00 15 0D 00 41 70 65 78 20 50 72 65 64 61 74 6F 72 23 00 48 69 67 68 65 73 74 20 4C 65 76 65 6C 20 6F 6E 20 63 68 61 72 61 63 74 65 72 27 73 20 77 6F 72 6C 64 2E 00 01 16 08 00 42 69 67 20 42 6F 73 73 3E 00 48 69 67 68 65 73 74 20 73 63 6F 72 65 20 6F 66 20 61 63 63 75 6D 75 6C 61 74 65 64 20 62 6F 73 73 20 70 6F 69 6E 74 73 20 6F 6E 20 63 68 61 72 61 63 74 65 72 27 73 20 77 6F 72 6C 64 2E 00 00 17 12 00 4A 61 63 6B 20 6F 66 20 61 6C 6C 20 54 61 69 6E 74 73 47 00 48 69 67 68 65 73 74 20 73 63 6F 72 65 20 66 6F 72 20 6B 69 6C 6C 69 6E 67 20 47 6F 73 68 6E 61 72 20 61 6E 64 20 68 69 73 20 61 73 70 65 63 74 73 20 6F 6E 20 63 68 61 72 61 63 74 65 72 27 73 20 77 6F 72 6C 64 2E 00 00 18 11 00 4C 65 67 65 6E 64 20 6F 66 20 46 69 73 68 69 6E 67 2B 00 48 69 67 68 65 73 74 20 66 69 73 68 69 6E 67 20 6C 65 76 65 6C 20 6F 6E 20 63 68 61 72 61 63 74 65 72 27 73 20 77 6F 72 6C 64 2E 00 00 19 0F 00 4C 65 67 65 6E 64 20 6F 66 20 4D 61 67 69 63 29 00 48 69 67 68 65 73 74 20 6D 61 67 69 63 20 6C 65 76 65 6C 20 6F 6E 20 63 68 61 72 61 63 74 65 72 27 73 20 77 6F 72 6C 64 2E 00 00 1A 16 00 4C 65 67 65 6E 64 20 6F 66 20 4D 61 72 6B 73 6D 61 6E 73 68 69 70 2C 00 48 69 67 68 65 73 74 20 64 69 73 74 61 6E 63 65 20 6C 65 76 65 6C 20 6F 6E 20 63 68 61 72 61 63 74 65 72 27 73 20 77 6F 72 6C 64 2E 00 00 1B 11 00 4C 65 67 65 6E 64 20 6F 66 20 74 68 65 20 41 78 65 27 00 48 69 67 68 65 73 74 20 61 78 65 20 6C 65 76 65 6C 20 6F 6E 20 63 68 61 72 61 63 74 65 72 27 73 20 77 6F 72 6C 64 2E 00 00 1C 12 00 4C 65 67 65 6E 64 20 6F 66 20 74 68 65 20 43 6C 75 62 28 00 48 69 67 68 65 73 74 20 63 6C 75 62 20 6C 65 76 65 6C 20 6F 6E 20 63 68 61 72 61 63 74 65 72 27 73 20 77 6F 72 6C 64 2E 00 00 1D 12 00 4C 65 67 65 6E 64 20 6F 66 20 74 68 65 20 46 69 73 74 28 00 48 69 67 68 65 73 74 20 66 69 73 74 20 6C 65 76 65 6C 20 6F 6E 20 63 68 61 72 61 63 74 65 72 27 73 20 77 6F 72 6C 64 2E 00 00 1E 14 00 4C 65 67 65 6E 64 20 6F 66 20 74 68 65 20 53 68 69 65 6C 64 2D 00 48 69 67 68 65 73 74 20 73 68 69 65 6C 64 69 6E 67 20 6C 65 76 65 6C 20 6F 6E 20 63 68 61 72 61 63 74 65 72 27 73 20 77 6F 72 6C 64 2E 00 01 1F 13 00 4C 65 67 65 6E 64 20 6F 66 20 74 68 65 20 53 77 6F 72 64 29 00 48 69 67 68 65 73 74 20 73 77 6F 72 64 20 6C 65 76 65 6C 20 6F 6E 20 63 68 61 72 61 63 74 65 72 27 73 20 77 6F 72 6C 64 2E 00 00 20 0F 00 50 72 69 6E 63 65 20 43 68 61 72 6D 69 6E 67 3F 00 48 69 67 68 65 73 74 20 73 63 6F 72 65 20 6F 66 20 61 63 63 75 6D 75 6C 61 74 65 64 20 63 68 61 72 6D 20 70 6F 69 6E 74 73 20 6F 6E 20 63 68 61 72 61 63 74 65 72 27 73 20 77 6F 72 6C 64 2E 00 00 21 17 00 52 65 69 67 6E 69 6E 67 20 44 72 6F 6D 65 20 43 68 61 6D 70 69 6F 6E 39 00 46 69 6E 69 73 68 65 64 20 6D 6F 73 74 20 72 65 63 65 6E 74 20 54 69 62 69 61 64 72 6F 6D 65 20 72 6F 74 61 20 72 61 6E 6B 65 64 20 69 6E 20 74 68 65 20 74 6F 70 20 35 2E 00 00 22 0A 00 42 69 70 65 64 61 6E 74 69 63 27 00 55 6E 6C 6F 63 6B 65 64 20 41 6C 6C 20 48 75 6D 61 6E 6F 69 64 20 42 65 73 74 69 61 72 79 20 65 6E 74 72 69 65 73 2E 00 00 23 11 00 42 6C 6F 6F 64 20 4D 6F 6F 6E 20 48 75 6E 74 65 72 2A 00 55 6E 6C 6F 63 6B 65 64 20 41 6C 6C 20 4C 79 63 61 6E 74 68 72 6F 70 65 20 42 65 73 74 69 61 72 79 20 65 6E 74 72 69 65 73 2E 00 00 24 0B 00 43 6F 6C 64 62 6C 6F 6F 64 65 64 27 00 55 6E 6C 6F 63 6B 65 64 20 41 6C 6C 20 41 6D 70 68 69 62 69 63 20 42 65 73 74 69 61 72 79 20 65 6E 74 72 69 65 73 2E 00 00 25 10 00 44 65 61 74 68 20 66 72 6F 6D 20 42 65 6C 6F 77 23 00 55 6E 6C 6F 63 6B 65 64 20 61 6C 6C 20 42 69 72 64 20 42 65 73 74 69 61 72 79 20 65 6E 74 72 69 65 73 2E 00 00 26 09 00 44 65 6D 6F 6E 61 74 6F 72 24 00 55 6E 6C 6F 63 6B 65 64 20 61 6C 6C 20 44 65 6D 6F 6E 20 42 65 73 74 69 61 72 79 20 65 6E 74 72 69 65 73 2E 00 00 27 0C 00 44 72 61 67 6F 6E 73 6C 61 79 65 72 25 00 55 6E 6C 6F 63 6B 65 64 20 61 6C 6C 20 44 72 61 67 6F 6E 20 42 65 73 74 69 61 72 79 20 65 6E 74 72 69 65 73 2E 00 00 28 0C 00 45 6C 65 6D 65 6E 74 61 6C 69 73 74 28 00 55 6E 6C 6F 63 6B 65 64 20 61 6C 6C 20 45 6C 65 6D 65 6E 74 61 6C 20 42 65 73 74 69 61 72 79 20 65 6E 74 72 69 65 73 2E 00 00 29 0C 00 45 78 74 65 72 6D 69 6E 61 74 6F 72 25 00 55 6E 6C 6F 63 6B 65 64 20 61 6C 6C 20 56 65 72 6D 69 6E 20 42 65 73 74 69 61 72 79 20 65 6E 74 72 69 65 73 2E 00 00 2A 0B 00 46 65 79 20 53 77 61 74 74 65 72 22 00 55 6E 6C 6F 63 6B 65 64 20 61 6C 6C 20 46 65 79 20 42 65 73 74 69 61 72 79 20 65 6E 74 72 69 65 73 2E 00 00 2B 0B 00 47 68 6F 73 74 68 75 6E 74 65 72 25 00 55 6E 6C 6F 63 6B 65 64 20 61 6C 6C 20 55 6E 64 65 61 64 20 42 65 73 74 69 61 72 79 20 65 6E 74 72 69 65 73 2E 00 00 2C 08 00 48 61 6E 64 79 6D 61 6E 28 00 55 6E 6C 6F 63 6B 65 64 20 61 6C 6C 20 43 6F 6E 73 74 72 75 63 74 20 42 65 73 74 69 61 72 79 20 65 6E 74 72 69 65 73 2E 00 00 2D 08 00 48 75 6E 74 73 6D 61 6E 25 00 55 6E 6C 6F 63 6B 65 64 20 61 6C 6C 20 4D 61 6D 6D 61 6C 20 42 65 73 74 69 61 72 79 20 65 6E 74 72 69 65 73 2E 00 00 2E 1A 00 49 6E 74 65 72 64 69 6D 65 6E 73 69 6F 6E 61 6C 20 44 65 73 74 72 6F 79 65 72 30 00 55 6E 6C 6F 63 6B 65 64 20 61 6C 6C 20 45 78 74 72 61 20 44 69 6D 65 6E 73 69 6F 6E 61 6C 20 42 65 73 74 69 61 72 79 20 65 6E 74 72 69 65 73 2E 00 00 2F 09 00 4D 61 6E 68 75 6E 74 65 72 24 00 55 6E 6C 6F 63 6B 65 64 20 61 6C 6C 20 48 75 6D 61 6E 20 42 65 73 74 69 61 72 79 20 65 6E 74 72 69 65 73 2E 00 00 30 12 00 4D 61 73 74 65 72 20 6F 66 20 49 6C 6C 75 73 69 6F 6E 26 00 55 6E 6C 6F 63 6B 65 64 20 61 6C 6C 20 4D 61 67 69 63 61 6C 20 42 65 73 74 69 61 72 79 20 65 6E 74 72 69 65 73 2E 00 00 31 0A 00 4F 6F 7A 65 20 42 6C 75 65 73 24 00 55 6E 6C 6F 63 6B 65 64 20 61 6C 6C 20 53 6C 69 6D 65 20 42 65 73 74 69 61 72 79 20 65 6E 74 72 69 65 73 2E 00 00 32 08 00 53 65 61 20 42 61 6E 65 26 00 55 6E 6C 6F 63 6B 65 64 20 61 6C 6C 20 41 71 75 61 74 69 63 20 42 65 73 74 69 61 72 79 20 65 6E 74 72 69 65 73 2E 00 00 33 0D 00 53 6E 61 6B 65 20 43 68 61 72 6D 65 72 26 00 55 6E 6C 6F 63 6B 65 64 20 61 6C 6C 20 52 65 70 74 69 6C 65 20 42 65 73 74 69 61 72 79 20 65 6E 74 72 69 65 73 2E 00 00 34 07 00 54 75 6D 62 6C 65 72 24 00 55 6E 6C 6F 63 6B 65 64 20 61 6C 6C 20 47 69 61 6E 74 20 42 65 73 74 69 61 72 79 20 65 6E 74 72 69 65 73 2E 00 00 35 0A 00 57 65 65 64 6B 69 6C 6C 65 72 24 00 55 6E 6C 6F 63 6B 65 64 20 61 6C 6C 20 50 6C 61 6E 74 20 42 65 73 74 69 61 72 79 20 65 6E 74 72 69 65 73 2E 00 00 36 0A 00 49 6E 6B 20 45 72 61 73 65 72 26 00 55 6E 6C 6F 63 6B 65 64 20 61 6C 6C 20 49 6E 6B 62 6F 72 6E 20 42 65 73 74 69 61 72 79 20 65 6E 74 72 69 65 73 2E 00 00 37 0B 00 45 78 65 63 75 74 69 6F 6E 65 72 1E 00 55 6E 6C 6F 63 6B 65 64 20 61 6C 6C 20 42 65 73 74 69 61 72 79 20 65 6E 74 72 69 65 73 2E 00 00 38 10 00 42 6F 73 73 20 41 6E 6E 69 68 69 6C 61 74 6F 72 1C 00 55 6E 6C 6F 63 6B 65 64 20 61 6C 6C 20 4E 65 6D 65 73 69 73 20 62 6F 73 73 65 73 2E 00 00 39 0E 00 42 6F 73 73 20 44 65 73 74 72 6F 79 65 72 23 00 55 6E 6C 6F 63 6B 65 64 20 31 30 20 6F 72 20 6D 6F 72 65 20 41 72 63 68 66 6F 65 20 62 6F 73 73 65 73 2E 01 00 3A 0F 00 42 6F 73 73 20 44 65 76 61 73 74 61 74 6F 72 23 00 55 6E 6C 6F 63 6B 65 64 20 31 30 20 6F 72 20 6D 6F 72 65 20 4E 65 6D 65 73 69 73 20 62 6F 73 73 65 73 2E 01 00 3B 0B 00 42 6F 73 73 20 45 72 61 73 65 72 1C 00 55 6E 6C 6F 63 6B 65 64 20 61 6C 6C 20 41 72 63 68 66 6F 65 20 62 6F 73 73 65 73 2E 00 00 3C 10 00 42 6F 73 73 20 45 78 65 63 75 74 69 6F 6E 65 72 14 00 55 6E 6C 6F 63 6B 65 64 20 61 6C 6C 20 62 6F 73 73 65 73 2E 00 00 3D 0B 00 42 6F 73 73 20 48 75 6E 74 65 72 20 00 55 6E 6C 6F 63 6B 65 64 20 31 30 20 6F 72 20 6D 6F 72 65 20 42 61 6E 65 20 62 6F 73 73 65 73 2E 01 00 3E 10 00 42 6F 73 73 20 4F 62 6C 69 74 65 72 61 74 6F 72 23 00 55 6E 6C 6F 63 6B 65 64 20 34 30 20 6F 72 20 6D 6F 72 65 20 4E 65 6D 65 73 69 73 20 62 6F 73 73 65 73 2E 01 00 3F 0B 00 42 6F 73 73 20 53 6C 61 79 65 72 19 00 55 6E 6C 6F 63 6B 65 64 20 61 6C 6C 20 42 61 6E 65 20 62 6F 73 73 65 73 2E 00 00 40 0B 00 42 6F 73 73 20 53 6D 69 74 65 72 23 00 55 6E 6C 6F 63 6B 65 64 20 34 30 20 6F 72 20 6D 6F 72 65 20 41 72 63 68 66 6F 65 20 62 6F 73 73 65 73 2E 01 00 41 0C 00 42 6F 73 73 20 56 65 74 65 72 61 6E 20 00 55 6E 6C 6F 63 6B 65 64 20 34 30 20 6F 72 20 6D 6F 72 65 20 42 61 6E 65 20 62 6F 73 73 65 73 2E 01 00 42 1B 00 43 72 65 61 74 75 72 65 20 6F 66 20 48 61 62 69 74 20 28 47 72 61 64 65 20 31 29 37 00 52 65 77 61 72 64 20 53 74 72 65 61 6B 20 6F 66 20 61 74 20 6C 65 61 73 74 20 37 20 64 61 79 73 20 6F 66 20 63 6F 6E 73 65 63 75 74 69 76 65 20 6C 6F 67 69 6E 73 2E 01 00 43 1B 00 43 72 65 61 74 75 72 65 20 6F 66 20 48 61 62 69 74 20 28 47 72 61 64 65 20 32 29 38 00 52 65 77 61 72 64 20 53 74 72 65 61 6B 20 6F 66 20 61 74 20 6C 65 61 73 74 20 33 30 20 64 61 79 73 20 6F 66 20 63 6F 6E 73 65 63 75 74 69 76 65 20 6C 6F 67 69 6E 73 2E 01 00 44 1B 00 43 72 65 61 74 75 72 65 20 6F 66 20 48 61 62 69 74 20 28 47 72 61 64 65 20 33 29 38 00 52 65 77 61 72 64 20 53 74 72 65 61 6B 20 6F 66 20 61 74 20 6C 65 61 73 74 20 39 30 20 64 61 79 73 20 6F 66 20 63 6F 6E 73 65 63 75 74 69 76 65 20 6C 6F 67 69 6E 73 2E 01 00 45 1B 00 43 72 65 61 74 75 72 65 20 6F 66 20 48 61 62 69 74 20 28 47 72 61 64 65 20 34 29 39 00 52 65 77 61 72 64 20 53 74 72 65 61 6B 20 6F 66 20 61 74 20 6C 65 61 73 74 20 31 38 30 20 64 61 79 73 20 6F 66 20 63 6F 6E 73 65 63 75 74 69 76 65 20 6C 6F 67 69 6E 73 2E 01 00 46 1B 00 43 72 65 61 74 75 72 65 20 6F 66 20 48 61 62 69 74 20 28 47 72 61 64 65 20 35 29 39 00 52 65 77 61 72 64 20 53 74 72 65 61 6B 20 6F 66 20 61 74 20 6C 65 61 73 74 20 33 36 35 20 64 61 79 73 20 6F 66 20 63 6F 6E 73 65 63 75 74 69 76 65 20 6C 6F 67 69 6E 73 2E 01 00 47 11 00 41 73 70 69 72 69 6E 67 20 48 75 6E 74 73 6D 61 6E 1E 00 49 6E 76 65 73 74 65 64 20 31 36 30 2C 30 30 30 20 74 61 73 6B 73 20 70 6F 69 6E 74 73 2E 01 00 48 15 00 43 6F 6D 70 65 74 65 6E 74 20 42 65 61 73 74 73 6C 61 79 65 72 1E 00 49 6E 76 65 73 74 65 64 20 33 32 30 2C 30 30 30 20 74 61 73 6B 73 20 70 6F 69 6E 74 73 2E 01 00 49 13 00 46 65 61 72 65 64 20 42 6F 75 6E 74 79 68 75 6E 74 65 72 1E 00 49 6E 76 65 73 74 65 64 20 34 33 30 2C 30 30 30 20 74 61 73 6B 73 20 70 6F 69 6E 74 73 2E 01 00 4A 16 00 44 65 64 69 63 61 74 65 64 20 45 6E 74 72 65 70 72 65 6E 65 75 72 22 00 45 78 70 6C 6F 72 65 64 20 35 30 25 20 6F 66 20 61 6C 6C 20 74 68 65 20 6D 61 70 20 61 72 65 61 73 2E 00 00 4B 0C 00 47 6C 6F 62 65 74 72 6F 74 74 65 72 17 00 45 78 70 6C 6F 72 65 64 20 61 6C 6C 20 6D 61 70 20 61 72 65 61 73 2E 00 00 4C 0C 00 47 75 69 6C 64 20 4C 65 61 64 65 72 10 00 4C 65 61 64 69 6E 67 20 61 20 47 75 69 6C 64 2E 00 00 4D 14 00 50 72 6F 63 6F 6E 73 75 6C 20 6F 66 20 49 6B 73 75 70 61 6E 6F 00 4F 6E 6C 79 20 61 20 74 72 75 65 20 64 65 76 6F 74 65 65 20 74 6F 20 74 68 65 20 63 61 75 73 65 20 6F 66 20 74 68 65 20 61 6E 63 69 65 6E 74 20 49 6B 73 20 61 6E 64 20 74 68 65 69 72 20 6C 6F 73 74 20 6C 65 67 61 63 79 20 6D 61 79 20 73 74 65 70 20 75 70 20 74 6F 20 74 68 65 20 72 61 6E 6B 20 6F 66 20 70 72 6F 63 6F 6E 73 75 6C 2E 01 00 4E 14 00 41 64 6D 69 72 65 72 20 6F 66 20 74 68 65 20 43 72 6F 77 6E 20 00 41 64 6A 75 73 74 20 79 6F 75 72 20 63 72 6F 77 6E 20 61 6E 64 20 68 61 6E 64 6C 65 20 69 74 2E 01 00 4F 0B 00 42 69 67 20 53 70 65 6E 64 65 72 20 00 55 6E 6C 6F 63 6B 65 64 20 74 68 65 20 66 75 6C 6C 20 47 6F 6C 64 65 6E 20 4F 75 74 66 69 74 2E 01 00 50 15 00 43 68 61 6C 6C 65 6E 67 65 72 20 6F 66 20 74 68 65 20 49 6B 73 48 00 43 68 61 6C 6C 65 6E 67 65 64 20 41 68 61 75 2C 20 67 75 61 72 64 69 61 6E 20 6F 66 20 49 6B 73 75 70 61 6E 2C 20 69 6E 20 74 72 61 64 69 74 69 6F 6E 61 6C 20 49 6B 73 20 77 61 72 72 69 6F 72 20 61 74 74 69 72 65 2E 01 00 51 17 00 52 6F 79 61 6C 20 42 6F 75 6E 61 63 65 61 6E 20 41 64 76 69 73 6F 72 3B 00 43 61 6C 6C 65 64 20 74 6F 20 74 68 65 20 63 6F 75 72 74 20 6F 66 20 42 6F 75 6E 61 63 20 62 79 20 4B 65 73 61 72 20 74 68 65 20 59 6F 75 6E 67 65 72 20 68 69 6D 73 65 6C 66 2E 01 00 52 08 00 41 65 74 65 72 6E 61 6C 51 00 41 77 61 72 64 65 64 20 65 78 63 6C 75 73 69 76 65 6C 79 20 74 6F 20 73 74 61 6C 77 61 72 74 20 68 65 72 6F 65 73 20 6B 65 65 70 69 6E 67 20 74 68 65 20 66 61 69 74 68 20 75 6E 64 65 72 20 61 6C 6C 20 63 69 72 63 75 6D 73 74 61 6E 63 65 73 2E 01 00 53 0F 00 52 6F 62 69 6E 73 6F 6E 20 43 72 75 73 6F 65 75 00 53 6F 6D 65 20 64 69 73 63 6F 76 65 72 69 65 73 20 61 72 65 20 72 65 73 65 72 76 65 64 20 74 6F 20 6F 6E 6C 79 20 74 68 65 20 6D 6F 73 74 20 65 78 70 65 72 69 65 6E 63 65 64 20 61 64 76 65 6E 74 75 72 65 72 73 2E 20 55 6E 74 69 6C 20 74 68 65 20 6E 65 78 74 20 66 72 6F 6E 74 69 65 72 20 6F 70 65 6E 73 20 6F 6E 20 74 68 65 20 68 6F 72 69 7A 6F 6E 2E 01 00 54 0C 00 43 68 6F 6D 70 6D 65 69 73 74 65 72 56 00 41 77 61 72 64 65 64 20 6F 6E 6C 79 20 74 6F 20 74 72 75 65 20 63 6F 6E 6E 6F 69 73 73 65 75 72 73 20 75 6E 64 65 72 74 61 6B 69 6E 67 20 65 76 65 6E 20 74 68 65 20 6D 6F 73 74 20 65 78 6F 74 69 63 20 63 75 6C 69 6E 61 72 79 20 65 73 63 61 70 61 64 65 73 2E 01 00 55 0F 00 42 72 69 6E 67 65 72 20 6F 66 20 52 61 69 6E 3A 00 46 6F 72 67 69 6E 67 20 74 68 72 6F 75 67 68 20 62 61 74 74 6C 65 20 61 66 74 65 72 20 62 61 74 74 6C 65 20 6C 69 6B 65 20 61 20 74 72 75 65 20 67 6C 61 64 69 61 74 6F 72 2E 01 00 56 07 00 42 65 61 73 74 6C 79 29 00 52 65 61 63 68 65 64 20 32 30 30 30 20 63 68 61 72 6D 20 70 6F 69 6E 74 73 2E 20 51 75 69 74 65 20 62 65 61 73 74 6C 79 21 01 00 57 0F 00 4D 69 64 6E 69 67 68 74 20 48 75 6E 74 65 72 42 00 57 68 65 6E 20 74 68 65 20 68 75 6E 74 65 72 20 62 65 63 6F 6D 65 73 20 74 68 65 20 68 75 6E 74 65 64 2C 20 70 65 72 73 65 76 65 72 61 6E 63 65 20 64 65 63 69 64 65 73 20 74 68 65 20 67 61 6D 65 2E 01 00 58 09 00 52 61 74 69 6E 61 74 6F 72 5B 00 4B 69 6C 6C 69 6E 67 20 73 6F 6D 65 20 73 6E 61 72 6B 79 20 63 61 76 65 20 72 61 74 73 20 69 73 20 68 65 6C 70 66 75 6C 2C 20 6B 69 6C 6C 69 6E 67 20 6F 76 65 72 20 74 65 6E 20 74 68 6F 75 73 61 6E 64 20 6F 66 20 74 68 65 6D 20 69 73 20 61 20 73 74 61 74 65 6D 65 6E 74 2E 01 00 59 10 00 44 6F 6F 6D 73 64 61 79 20 4E 65 6D 65 73 69 73 3A 00 41 77 61 72 64 65 64 20 66 6F 72 20 67 72 65 61 74 20 68 65 6C 70 20 69 6E 20 74 68 65 20 62 61 74 74 6C 65 20 61 67 61 69 6E 73 74 20 47 61 7A 27 68 61 72 61 67 6F 74 68 2E 01 00 5A 0E 00 48 65 72 6F 20 6F 66 20 42 6F 75 6E 61 63 6A 00 59 6F 75 20 70 72 65 76 61 69 6C 65 64 20 64 75 72 69 6E 67 20 74 68 65 20 62 61 74 74 6C 65 20 6F 66 20 42 6F 75 6E 61 63 20 61 6E 64 20 62 72 6F 6B 65 20 74 68 65 20 73 69 65 67 65 20 74 68 61 74 20 68 65 6C 64 20 42 6F 75 6E 61 63 27 73 20 70 65 6F 70 6C 65 20 69 6E 20 69 74 73 20 66 69 72 6D 20 67 72 61 73 70 2E 01 00 5B 0D 00 4B 69 6E 67 20 6F 66 20 44 65 6D 6F 6E 1A 00 44 65 66 65 61 74 20 4D 6F 72 73 68 61 62 61 61 6C 20 35 20 74 69 6D 65 73 2E 01 00 5C 0A 00 50 6C 61 6E 65 67 61 7A 65 72 32 00 46 6F 6C 6C 6F 77 65 64 20 74 68 65 20 74 72 61 69 6C 20 6F 66 20 74 68 65 20 50 6C 61 6E 65 73 74 72 69 64 65 72 20 74 6F 20 74 68 65 20 65 6E 64 2E 01 00 5D 0E 00 54 69 6D 65 20 54 72 61 76 65 6C 6C 65 72 1A 00 41 6E 79 77 68 65 72 65 20 69 6E 20 74 69 6D 65 20 6F 72 20 73 70 61 63 65 2E 01 00 5E 0A 00 54 72 75 6C 79 20 42 6F 73 73 19 00 52 65 61 63 68 20 31 35 2C 30 30 30 20 62 6F 73 73 20 70 6F 69 6E 74 73 2E 01 00 5F 10 00 50 65 6E 73 69 76 65 20 57 61 6E 64 65 72 65 72 6A 00 59 6F 75 20 68 61 76 65 20 68 6F 6E 6F 75 72 65 64 20 74 68 65 20 4D 65 72 75 64 72 69 20 62 79 20 76 69 73 69 74 69 6E 67 20 61 6C 6C 20 6F 66 20 74 68 65 69 72 20 73 68 72 69 6E 65 73 20 61 6E 64 20 63 6F 6D 70 6C 65 74 69 6E 67 20 74 68 65 20 61 6E 63 69 65 6E 74 20 54 68 72 65 65 2D 46 6F 6C 64 20 50 61 74 68 2E 01 00 

LEN=46 TYPE=0
DA 00 00 0D 00 4B 6E 69 67 68 74 20 53 61 6D 70 6C 65 06 00 4B 6E 69 67 68 74 C0 00 83 00 5F 71 27 73 00 00 00 00 00 00 00 00 00 01 00 00 

LEN=6083 TYPE=11
DA 0B 00 00 5F 01 0C 00 47 6F 6C 64 20 48 6F 61 72 64 65 72 1F 00 45 61 72 6E 65 64 20 61 74 20 6C 65 61 73 74 20 31 2C 30 30 30 2C 30 30 30 20 67 6F 6C 64 2E 00 00 02 10 00 50 6C 61 74 69 6E 75 6D 20 48 6F 61 72 64 65 72 20 00 45 61 72 6E 65 64 20 61 74 20 6C 65 61 73 74 20 31 30 2C 30 30 30 2C 30 30 30 20 67 6F 6C 64 2E 00 00 03 0F 00 43 72 79 73 74 61 6C 20 48 6F 61 72 64 65 72 21 00 45 61 72 6E 65 64 20 61 74 20 6C 65 61 73 74 20 31 30 30 2C 30 30 30 2C 30 30 30 20 67 6F 6C 64 2E 00 00 04 16 00 42 65 61 73 74 73 74 72 69 64 65 72 20 28 47 72 61 64 65 20 31 29 1B 00 55 6E 6C 6F 63 6B 65 64 20 31 30 20 6F 72 20 6D 6F 72 65 20 4D 6F 75 6E 74 73 2E 01 00 05 16 00 42 65 61 73 74 73 74 72 69 64 65 72 20 28 47 72 61 64 65 20 32 29 1B 00 55 6E 6C 6F 63 6B 65 64 20 32 30 20 6F 72 20 6D 6F 72 65 20 4D 6F 75 6E 74 73 2E 01 00 06 16 00 42 65 61 73 74 73 74 72 69 64 65 72 20 28 47 72 61 64 65 20 33 29 1B 00 55 6E 6C 6F 63 6B 65 64 20 33 30 20 6F 72 20 6D 6F 72 65 20 4D 6F 75 6E 74 73 2E 01 00 07 16 00 42 65 61 73 74 73 74 72 69 64 65 72 20 28 47 72 61 64 65 20 34 29 1B 00 55 6E 6C 6F 63 6B 65 64 20 34 30 20 6F 72 20 6D 6F 72 65 20 4D 6F 75 6E 74 73 2E 01 00 08 16 00 42 65 61 73 74 73 74 72 69 64 65 72 20 28 47 72 61 64 65 20 35 29 1B 00 55 6E 6C 6F 63 6B 65 64 20 35 30 20 6F 72 20 6D 6F 72 65 20 4D 6F 75 6E 74 73 2E 01 00 09 1A 00 54 69 62 69 61 27 73 20 54 6F 70 6D 6F 64 65 6C 20 28 47 72 61 64 65 20 31 29 1C 00 55 6E 6C 6F 63 6B 65 64 20 31 30 20 6F 72 20 6D 6F 72 65 20 4F 75 74 66 69 74 73 2E 01 00 0A 1A 00 54 69 62 69 61 27 73 20 54 6F 70 6D 6F 64 65 6C 20 28 47 72 61 64 65 20 32 29 1C 00 55 6E 6C 6F 63 6B 65 64 20 32 30 20 6F 72 20 6D 6F 72 65 20 4F 75 74 66 69 74 73 2E 01 00 0B 1A 00 54 69 62 69 61 27 73 20 54 6F 70 6D 6F 64 65 6C 20 28 47 72 61 64 65 20 33 29 1C 00 55 6E 6C 6F 63 6B 65 64 20 33 30 20 6F 72 20 6D 6F 72 65 20 4F 75 74 66 69 74 73 2E 01 00 0C 1A 00 54 69 62 69 61 27 73 20 54 6F 70 6D 6F 64 65 6C 20 28 47 72 61 64 65 20 34 29 1C 00 55 6E 6C 6F 63 6B 65 64 20 34 30 20 6F 72 20 6D 6F 72 65 20 4F 75 74 66 69 74 73 2E 01 00 0D 1A 00 54 69 62 69 61 27 73 20 54 6F 70 6D 6F 64 65 6C 20 28 47 72 61 64 65 20 35 29 1C 00 55 6E 6C 6F 63 6B 65 64 20 35 30 20 6F 72 20 6D 6F 72 65 20 4F 75 74 66 69 74 73 2E 01 00 0E 0C 00 54 72 6F 6C 6C 74 72 61 73 68 65 72 11 00 52 65 61 63 68 65 64 20 6C 65 76 65 6C 20 35 30 2E 00 01 0F 0D 00 43 79 63 6C 6F 70 73 63 61 6D 70 65 72 12 00 52 65 61 63 68 65 64 20 6C 65 76 65 6C 20 31 30 30 2E 00 01 10 0C 00 44 72 61 67 6F 6E 64 6F 75 73 65 72 12 00 52 65 61 63 68 65 64 20 6C 65 76 65 6C 20 32 30 30 2E 00 01 11 09 00 44 65 6D 6F 6E 64 6F 6F 6D 12 00 52 65 61 63 68 65 64 20 6C 65 76 65 6C 20 33 30 30 2E 00 00 12 0A 00 44 72 61 6B 65 6E 62 61 6E 65 12 00 52 65 61 63 68 65 64 20 6C 65 76 65 6C 20 34 30 30 2E 00 00 13 08 00 53 69 6C 65 6E 63 65 72 12 00 52 65 61 63 68 65 64 20 6C 65 76 65 6C 20 35 30 30 2E 00 00 14 07 00 45 78 61 6C 74 65 64 13 00 52 65 61 63 68 65 64 20 6C 65 76 65 6C 20 31 30 30 30 2E 00 00 15 0D 00 41 70 65 78 20 50 72 65 64 61 74 6F 72 23 00 48 69 67 68 65 73 74 20 4C 65 76 65 6C 20 6F 6E 20 63 68 61 72 61 63 74 65 72 27 73 20 77 6F 72 6C 64 2E 00 01 16 08 00 42 69 67 20 42 6F 73 73 3E 00 48 69 67 68 65 73 74 20 73 63 6F 72 65 20 6F 66 20 61 63 63 75 6D 75 6C 61 74 65 64 20 62 6F 73 73 20 70 6F 69 6E 74 73 20 6F 6E 20 63 68 61 72 61 63 74 65 72 27 73 20 77 6F 72 6C 64 2E 00 00 17 12 00 4A 61 63 6B 20 6F 66 20 61 6C 6C 20 54 61 69 6E 74 73 47 00 48 69 67 68 65 73 74 20 73 63 6F 72 65 20 66 6F 72 20 6B 69 6C 6C 69 6E 67 20 47 6F 73 68 6E 61 72 20 61 6E 64 20 68 69 73 20 61 73 70 65 63 74 73 20 6F 6E 20 63 68 61 72 61 63 74 65 72 27 73 20 77 6F 72 6C 64 2E 00 00 18 11 00 4C 65 67 65 6E 64 20 6F 66 20 46 69 73 68 69 6E 67 2B 00 48 69 67 68 65 73 74 20 66 69 73 68 69 6E 67 20 6C 65 76 65 6C 20 6F 6E 20 63 68 61 72 61 63 74 65 72 27 73 20 77 6F 72 6C 64 2E 00 00 19 0F 00 4C 65 67 65 6E 64 20 6F 66 20 4D 61 67 69 63 29 00 48 69 67 68 65 73 74 20 6D 61 67 69 63 20 6C 65 76 65 6C 20 6F 6E 20 63 68 61 72 61 63 74 65 72 27 73 20 77 6F 72 6C 64 2E 00 00 1A 16 00 4C 65 67 65 6E 64 20 6F 66 20 4D 61 72 6B 73 6D 61 6E 73 68 69 70 2C 00 48 69 67 68 65 73 74 20 64 69 73 74 61 6E 63 65 20 6C 65 76 65 6C 20 6F 6E 20 63 68 61 72 61 63 74 65 72 27 73 20 77 6F 72 6C 64 2E 00 00 1B 11 00 4C 65 67 65 6E 64 20 6F 66 20 74 68 65 20 41 78 65 27 00 48 69 67 68 65 73 74 20 61 78 65 20 6C 65 76 65 6C 20 6F 6E 20 63 68 61 72 61 63 74 65 72 27 73 20 77 6F 72 6C 64 2E 00 00 1C 12 00 4C 65 67 65 6E 64 20 6F 66 20 74 68 65 20 43 6C 75 62 28 00 48 69 67 68 65 73 74 20 63 6C 75 62 20 6C 65 76 65 6C 20 6F 6E 20 63 68 61 72 61 63 74 65 72 27 73 20 77 6F 72 6C 64 2E 00 00 1D 12 00 4C 65 67 65 6E 64 20 6F 66 20 74 68 65 20 46 69 73 74 28 00 48 69 67 68 65 73 74 20 66 69 73 74 20 6C 65 76 65 6C 20 6F 6E 20 63 68 61 72 61 63 74 65 72 27 73 20 77 6F 72 6C 64 2E 00 00 1E 14 00 4C 65 67 65 6E 64 20 6F 66 20 74 68 65 20 53 68 69 65 6C 64 2D 00 48 69 67 68 65 73 74 20 73 68 69 65 6C 64 69 6E 67 20 6C 65 76 65 6C 20 6F 6E 20 63 68 61 72 61 63 74 65 72 27 73 20 77 6F 72 6C 64 2E 00 01 1F 13 00 4C 65 67 65 6E 64 20 6F 66 20 74 68 65 20 53 77 6F 72 64 29 00 48 69 67 68 65 73 74 20 73 77 6F 72 64 20 6C 65 76 65 6C 20 6F 6E 20 63 68 61 72 61 63 74 65 72 27 73 20 77 6F 72 6C 64 2E 00 00 20 0F 00 50 72 69 6E 63 65 20 43 68 61 72 6D 69 6E 67 3F 00 48 69 67 68 65 73 74 20 73 63 6F 72 65 20 6F 66 20 61 63 63 75 6D 75 6C 61 74 65 64 20 63 68 61 72 6D 20 70 6F 69 6E 74 73 20 6F 6E 20 63 68 61 72 61 63 74 65 72 27 73 20 77 6F 72 6C 64 2E 00 00 21 17 00 52 65 69 67 6E 69 6E 67 20 44 72 6F 6D 65 20 43 68 61 6D 70 69 6F 6E 39 00 46 69 6E 69 73 68 65 64 20 6D 6F 73 74 20 72 65 63 65 6E 74 20 54 69 62 69 61 64 72 6F 6D 65 20 72 6F 74 61 20 72 61 6E 6B 65 64 20 69 6E 20 74 68 65 20 74 6F 70 20 35 2E 00 00 22 0A 00 42 69 70 65 64 61 6E 74 69 63 27 00 55 6E 6C 6F 63 6B 65 64 20 41 6C 6C 20 48 75 6D 61 6E 6F 69 64 20 42 65 73 74 69 61 72 79 20 65 6E 74 72 69 65 73 2E 00 00 23 11 00 42 6C 6F 6F 64 20 4D 6F 6F 6E 20 48 75 6E 74 65 72 2A 00 55 6E 6C 6F 63 6B 65 64 20 41 6C 6C 20 4C 79 63 61 6E 74 68 72 6F 70 65 20 42 65 73 74 69 61 72 79 20 65 6E 74 72 69 65 73 2E 00 00 24 0B 00 43 6F 6C 64 62 6C 6F 6F 64 65 64 27 00 55 6E 6C 6F 63 6B 65 64 20 41 6C 6C 20 41 6D 70 68 69 62 69 63 20 42 65 73 74 69 61 72 79 20 65 6E 74 72 69 65 73 2E 00 00 25 10 00 44 65 61 74 68 20 66 72 6F 6D 20 42 65 6C 6F 77 23 00 55 6E 6C 6F 63 6B 65 64 20 61 6C 6C 20 42 69 72 64 20 42 65 73 74 69 61 72 79 20 65 6E 74 72 69 65 73 2E 00 00 26 09 00 44 65 6D 6F 6E 61 74 6F 72 24 00 55 6E 6C 6F 63 6B 65 64 20 61 6C 6C 20 44 65 6D 6F 6E 20 42 65 73 74 69 61 72 79 20 65 6E 74 72 69 65 73 2E 00 00 27 0C 00 44 72 61 67 6F 6E 73 6C 61 79 65 72 25 00 55 6E 6C 6F 63 6B 65 64 20 61 6C 6C 20 44 72 61 67 6F 6E 20 42 65 73 74 69 61 72 79 20 65 6E 74 72 69 65 73 2E 00 00 28 0C 00 45 6C 65 6D 65 6E 74 61 6C 69 73 74 28 00 55 6E 6C 6F 63 6B 65 64 20 61 6C 6C 20 45 6C 65 6D 65 6E 74 61 6C 20 42 65 73 74 69 61 72 79 20 65 6E 74 72 69 65 73 2E 00 00 29 0C 00 45 78 74 65 72 6D 69 6E 61 74 6F 72 25 00 55 6E 6C 6F 63 6B 65 64 20 61 6C 6C 20 56 65 72 6D 69 6E 20 42 65 73 74 69 61 72 79 20 65 6E 74 72 69 65 73 2E 00 00 2A 0B 00 46 65 79 20 53 77 61 74 74 65 72 22 00 55 6E 6C 6F 63 6B 65 64 20 61 6C 6C 20 46 65 79 20 42 65 73 74 69 61 72 79 20 65 6E 74 72 69 65 73 2E 00 00 2B 0B 00 47 68 6F 73 74 68 75 6E 74 65 72 25 00 55 6E 6C 6F 63 6B 65 64 20 61 6C 6C 20 55 6E 64 65 61 64 20 42 65 73 74 69 61 72 79 20 65 6E 74 72 69 65 73 2E 00 00 2C 08 00 48 61 6E 64 79 6D 61 6E 28 00 55 6E 6C 6F 63 6B 65 64 20 61 6C 6C 20 43 6F 6E 73 74 72 75 63 74 20 42 65 73 74 69 61 72 79 20 65 6E 74 72 69 65 73 2E 00 00 2D 08 00 48 75 6E 74 73 6D 61 6E 25 00 55 6E 6C 6F 63 6B 65 64 20 61 6C 6C 20 4D 61 6D 6D 61 6C 20 42 65 73 74 69 61 72 79 20 65 6E 74 72 69 65 73 2E 00 00 2E 1A 00 49 6E 74 65 72 64 69 6D 65 6E 73 69 6F 6E 61 6C 20 44 65 73 74 72 6F 79 65 72 30 00 55 6E 6C 6F 63 6B 65 64 20 61 6C 6C 20 45 78 74 72 61 20 44 69 6D 65 6E 73 69 6F 6E 61 6C 20 42 65 73 74 69 61 72 79 20 65 6E 74 72 69 65 73 2E 00 00 2F 09 00 4D 61 6E 68 75 6E 74 65 72 24 00 55 6E 6C 6F 63 6B 65 64 20 61 6C 6C 20 48 75 6D 61 6E 20 42 65 73 74 69 61 72 79 20 65 6E 74 72 69 65 73 2E 00 00 30 12 00 4D 61 73 74 65 72 20 6F 66 20 49 6C 6C 75 73 69 6F 6E 26 00 55 6E 6C 6F 63 6B 65 64 20 61 6C 6C 20 4D 61 67 69 63 61 6C 20 42 65 73 74 69 61 72 79 20 65 6E 74 72 69 65 73 2E 00 00 31 0A 00 4F 6F 7A 65 20 42 6C 75 65 73 24 00 55 6E 6C 6F 63 6B 65 64 20 61 6C 6C 20 53 6C 69 6D 65 20 42 65 73 74 69 61 72 79 20 65 6E 74 72 69 65 73 2E 00 00 32 08 00 53 65 61 20 42 61 6E 65 26 00 55 6E 6C 6F 63 6B 65 64 20 61 6C 6C 20 41 71 75 61 74 69 63 20 42 65 73 74 69 61 72 79 20 65 6E 74 72 69 65 73 2E 00 00 33 0D 00 53 6E 61 6B 65 20 43 68 61 72 6D 65 72 26 00 55 6E 6C 6F 63 6B 65 64 20 61 6C 6C 20 52 65 70 74 69 6C 65 20 42 65 73 74 69 61 72 79 20 65 6E 74 72 69 65 73 2E 00 00 34 07 00 54 75 6D 62 6C 65 72 24 00 55 6E 6C 6F 63 6B 65 64 20 61 6C 6C 20 47 69 61 6E 74 20 42 65 73 74 69 61 72 79 20 65 6E 74 72 69 65 73 2E 00 00 35 0A 00 57 65 65 64 6B 69 6C 6C 65 72 24 00 55 6E 6C 6F 63 6B 65 64 20 61 6C 6C 20 50 6C 61 6E 74 20 42 65 73 74 69 61 72 79 20 65 6E 74 72 69 65 73 2E 00 00 36 0A 00 49 6E 6B 20 45 72 61 73 65 72 26 00 55 6E 6C 6F 63 6B 65 64 20 61 6C 6C 20 49 6E 6B 62 6F 72 6E 20 42 65 73 74 69 61 72 79 20 65 6E 74 72 69 65 73 2E 00 00 37 0B 00 45 78 65 63 75 74 69 6F 6E 65 72 1E 00 55 6E 6C 6F 63 6B 65 64 20 61 6C 6C 20 42 65 73 74 69 61 72 79 20 65 6E 74 72 69 65 73 2E 00 00 38 10 00 42 6F 73 73 20 41 6E 6E 69 68 69 6C 61 74 6F 72 1C 00 55 6E 6C 6F 63 6B 65 64 20 61 6C 6C 20 4E 65 6D 65 73 69 73 20 62 6F 73 73 65 73 2E 00 00 39 0E 00 42 6F 73 73 20 44 65 73 74 72 6F 79 65 72 23 00 55 6E 6C 6F 63 6B 65 64 20 31 30 20 6F 72 20 6D 6F 72 65 20 41 72 63 68 66 6F 65 20 62 6F 73 73 65 73 2E 01 00 3A 0F 00 42 6F 73 73 20 44 65 76 61 73 74 61 74 6F 72 23 00 55 6E 6C 6F 63 6B 65 64 20 31 30 20 6F 72 20 6D 6F 72 65 20 4E 65 6D 65 73 69 73 20 62 6F 73 73 65 73 2E 01 00 3B 0B 00 42 6F 73 73 20 45 72 61 73 65 72 1C 00 55 6E 6C 6F 63 6B 65 64 20 61 6C 6C 20 41 72 63 68 66 6F 65 20 62 6F 73 73 65 73 2E 00 00 3C 10 00 42 6F 73 73 20 45 78 65 63 75 74 69 6F 6E 65 72 14 00 55 6E 6C 6F 63 6B 65 64 20 61 6C 6C 20 62 6F 73 73 65 73 2E 00 00 3D 0B 00 42 6F 73 73 20 48 75 6E 74 65 72 20 00 55 6E 6C 6F 63 6B 65 64 20 31 30 20 6F 72 20 6D 6F 72 65 20 42 61 6E 65 20 62 6F 73 73 65 73 2E 01 00 3E 10 00 42 6F 73 73 20 4F 62 6C 69 74 65 72 61 74 6F 72 23 00 55 6E 6C 6F 63 6B 65 64 20 34 30 20 6F 72 20 6D 6F 72 65 20 4E 65 6D 65 73 69 73 20 62 6F 73 73 65 73 2E 01 00 3F 0B 00 42 6F 73 73 20 53 6C 61 79 65 72 19 00 55 6E 6C 6F 63 6B 65 64 20 61 6C 6C 20 42 61 6E 65 20 62 6F 73 73 65 73 2E 00 00 40 0B 00 42 6F 73 73 20 53 6D 69 74 65 72 23 00 55 6E 6C 6F 63 6B 65 64 20 34 30 20 6F 72 20 6D 6F 72 65 20 41 72 63 68 66 6F 65 20 62 6F 73 73 65 73 2E 01 00 41 0C 00 42 6F 73 73 20 56 65 74 65 72 61 6E 20 00 55 6E 6C 6F 63 6B 65 64 20 34 30 20 6F 72 20 6D 6F 72 65 20 42 61 6E 65 20 62 6F 73 73 65 73 2E 01 00 42 1B 00 43 72 65 61 74 75 72 65 20 6F 66 20 48 61 62 69 74 20 28 47 72 61 64 65 20 31 29 37 00 52 65 77 61 72 64 20 53 74 72 65 61 6B 20 6F 66 20 61 74 20 6C 65 61 73 74 20 37 20 64 61 79 73 20 6F 66 20 63 6F 6E 73 65 63 75 74 69 76 65 20 6C 6F 67 69 6E 73 2E 01 00 43 1B 00 43 72 65 61 74 75 72 65 20 6F 66 20 48 61 62 69 74 20 28 47 72 61 64 65 20 32 29 38 00 52 65 77 61 72 64 20 53 74 72 65 61 6B 20 6F 66 20 61 74 20 6C 65 61 73 74 20 33 30 20 64 61 79 73 20 6F 66 20 63 6F 6E 73 65 63 75 74 69 76 65 20 6C 6F 67 69 6E 73 2E 01 00 44 1B 00 43 72 65 61 74 75 72 65 20 6F 66 20 48 61 62 69 74 20 28 47 72 61 64 65 20 33 29 38 00 52 65 77 61 72 64 20 53 74 72 65 61 6B 20 6F 66 20 61 74 20 6C 65 61 73 74 20 39 30 20 64 61 79 73 20 6F 66 20 63 6F 6E 73 65 63 75 74 69 76 65 20 6C 6F 67 69 6E 73 2E 01 00 45 1B 00 43 72 65 61 74 75 72 65 20 6F 66 20 48 61 62 69 74 20 28 47 72 61 64 65 20 34 29 39 00 52 65 77 61 72 64 20 53 74 72 65 61 6B 20 6F 66 20 61 74 20 6C 65 61 73 74 20 31 38 30 20 64 61 79 73 20 6F 66 20 63 6F 6E 73 65 63 75 74 69 76 65 20 6C 6F 67 69 6E 73 2E 01 00 46 1B 00 43 72 65 61 74 75 72 65 20 6F 66 20 48 61 62 69 74 20 28 47 72 61 64 65 20 35 29 39 00 52 65 77 61 72 64 20 53 74 72 65 61 6B 20 6F 66 20 61 74 20 6C 65 61 73 74 20 33 36 35 20 64 61 79 73 20 6F 66 20 63 6F 6E 73 65 63 75 74 69 76 65 20 6C 6F 67 69 6E 73 2E 01 00 47 11 00 41 73 70 69 72 69 6E 67 20 48 75 6E 74 73 6D 61 6E 1E 00 49 6E 76 65 73 74 65 64 20 31 36 30 2C 30 30 30 20 74 61 73 6B 73 20 70 6F 69 6E 74 73 2E 01 00 48 15 00 43 6F 6D 70 65 74 65 6E 74 20 42 65 61 73 74 73 6C 61 79 65 72 1E 00 49 6E 76 65 73 74 65 64 20 33 32 30 2C 30 30 30 20 74 61 73 6B 73 20 70 6F 69 6E 74 73 2E 01 00 49 13 00 46 65 61 72 65 64 20 42 6F 75 6E 74 79 68 75 6E 74 65 72 1E 00 49 6E 76 65 73 74 65 64 20 34 33 30 2C 30 30 30 20 74 61 73 6B 73 20 70 6F 69 6E 74 73 2E 01 00 4A 16 00 44 65 64 69 63 61 74 65 64 20 45 6E 74 72 65 70 72 65 6E 65 75 72 22 00 45 78 70 6C 6F 72 65 64 20 35 30 25 20 6F 66 20 61 6C 6C 20 74 68 65 20 6D 61 70 20 61 72 65 61 73 2E 00 00 4B 0C 00 47 6C 6F 62 65 74 72 6F 74 74 65 72 17 00 45 78 70 6C 6F 72 65 64 20 61 6C 6C 20 6D 61 70 20 61 72 65 61 73 2E 00 00 4C 0C 00 47 75 69 6C 64 20 4C 65 61 64 65 72 10 00 4C 65 61 64 69 6E 67 20 61 20 47 75 69 6C 64 2E 00 00 4D 14 00 50 72 6F 63 6F 6E 73 75 6C 20 6F 66 20 49 6B 73 75 70 61 6E 6F 00 4F 6E 6C 79 20 61 20 74 72 75 65 20 64 65 76 6F 74 65 65 20 74 6F 20 74 68 65 20 63 61 75 73 65 20 6F 66 20 74 68 65 20 61 6E 63 69 65 6E 74 20 49 6B 73 20 61 6E 64 20 74 68 65 69 72 20 6C 6F 73 74 20 6C 65 67 61 63 79 20 6D 61 79 20 73 74 65 70 20 75 70 20 74 6F 20 74 68 65 20 72 61 6E 6B 20 6F 66 20 70 72 6F 63 6F 6E 73 75 6C 2E 01 00 4E 14 00 41 64 6D 69 72 65 72 20 6F 66 20 74 68 65 20 43 72 6F 77 6E 20 00 41 64 6A 75 73 74 20 79 6F 75 72 20 63 72 6F 77 6E 20 61 6E 64 20 68 61 6E 64 6C 65 20 69 74 2E 01 00 4F 0B 00 42 69 67 20 53 70 65 6E 64 65 72 20 00 55 6E 6C 6F 63 6B 65 64 20 74 68 65 20 66 75 6C 6C 20 47 6F 6C 64 65 6E 20 4F 75 74 66 69 74 2E 01 00 50 15 00 43 68 61 6C 6C 65 6E 67 65 72 20 6F 66 20 74 68 65 20 49 6B 73 48 00 43 68 61 6C 6C 65 6E 67 65 64 20 41 68 61 75 2C 20 67 75 61 72 64 69 61 6E 20 6F 66 20 49 6B 73 75 70 61 6E 2C 20 69 6E 20 74 72 61 64 69 74 69 6F 6E 61 6C 20 49 6B 73 20 77 61 72 72 69 6F 72 20 61 74 74 69 72 65 2E 01 00 51 17 00 52 6F 79 61 6C 20 42 6F 75 6E 61 63 65 61 6E 20 41 64 76 69 73 6F 72 3B 00 43 61 6C 6C 65 64 20 74 6F 20 74 68 65 20 63 6F 75 72 74 20 6F 66 20 42 6F 75 6E 61 63 20 62 79 20 4B 65 73 61 72 20 74 68 65 20 59 6F 75 6E 67 65 72 20 68 69 6D 73 65 6C 66 2E 01 00 52 08 00 41 65 74 65 72 6E 61 6C 51 00 41 77 61 72 64 65 64 20 65 78 63 6C 75 73 69 76 65 6C 79 20 74 6F 20 73 74 61 6C 77 61 72 74 20 68 65 72 6F 65 73 20 6B 65 65 70 69 6E 67 20 74 68 65 20 66 61 69 74 68 20 75 6E 64 65 72 20 61 6C 6C 20 63 69 72 63 75 6D 73 74 61 6E 63 65 73 2E 01 00 53 0F 00 52 6F 62 69 6E 73 6F 6E 20 43 72 75 73 6F 65 75 00 53 6F 6D 65 20 64 69 73 63 6F 76 65 72 69 65 73 20 61 72 65 20 72 65 73 65 72 76 65 64 20 74 6F 20 6F 6E 6C 79 20 74 68 65 20 6D 6F 73 74 20 65 78 70 65 72 69 65 6E 63 65 64 20 61 64 76 65 6E 74 75 72 65 72 73 2E 20 55 6E 74 69 6C 20 74 68 65 20 6E 65 78 74 20 66 72 6F 6E 74 69 65 72 20 6F 70 65 6E 73 20 6F 6E 20 74 68 65 20 68 6F 72 69 7A 6F 6E 2E 01 00 54 0C 00 43 68 6F 6D 70 6D 65 69 73 74 65 72 56 00 41 77 61 72 64 65 64 20 6F 6E 6C 79 20 74 6F 20 74 72 75 65 20 63 6F 6E 6E 6F 69 73 73 65 75 72 73 20 75 6E 64 65 72 74 61 6B 69 6E 67 20 65 76 65 6E 20 74 68 65 20 6D 6F 73 74 20 65 78 6F 74 69 63 20 63 75 6C 69 6E 61 72 79 20 65 73 63 61 70 61 64 65 73 2E 01 00 55 0F 00 42 72 69 6E 67 65 72 20 6F 66 20 52 61 69 6E 3A 00 46 6F 72 67 69 6E 67 20 74 68 72 6F 75 67 68 20 62 61 74 74 6C 65 20 61 66 74 65 72 20 62 61 74 74 6C 65 20 6C 69 6B 65 20 61 20 74 72 75 65 20 67 6C 61 64 69 61 74 6F 72 2E 01 00 56 07 00 42 65 61 73 74 6C 79 29 00 52 65 61 63 68 65 64 20 32 30 30 30 20 63 68 61 72 6D 20 70 6F 69 6E 74 73 2E 20 51 75 69 74 65 20 62 65 61 73 74 6C 79 21 01 00 57 0F 00 4D 69 64 6E 69 67 68 74 20 48 75 6E 74 65 72 42 00 57 68 65 6E 20 74 68 65 20 68 75 6E 74 65 72 20 62 65 63 6F 6D 65 73 20 74 68 65 20 68 75 6E 74 65 64 2C 20 70 65 72 73 65 76 65 72 61 6E 63 65 20 64 65 63 69 64 65 73 20 74 68 65 20 67 61 6D 65 2E 01 00 58 09 00 52 61 74 69 6E 61 74 6F 72 5B 00 4B 69 6C 6C 69 6E 67 20 73 6F 6D 65 20 73 6E 61 72 6B 79 20 63 61 76 65 20 72 61 74 73 20 69 73 20 68 65 6C 70 66 75 6C 2C 20 6B 69 6C 6C 69 6E 67 20 6F 76 65 72 20 74 65 6E 20 74 68 6F 75 73 61 6E 64 20 6F 66 20 74 68 65 6D 20 69 73 20 61 20 73 74 61 74 65 6D 65 6E 74 2E 01 00 59 10 00 44 6F 6F 6D 73 64 61 79 20 4E 65 6D 65 73 69 73 3A 00 41 77 61 72 64 65 64 20 66 6F 72 20 67 72 65 61 74 20 68 65 6C 70 20 69 6E 20 74 68 65 20 62 61 74 74 6C 65 20 61 67 61 69 6E 73 74 20 47 61 7A 27 68 61 72 61 67 6F 74 68 2E 01 00 5A 0E 00 48 65 72 6F 20 6F 66 20 42 6F 75 6E 61 63 6A 00 59 6F 75 20 70 72 65 76 61 69 6C 65 64 20 64 75 72 69 6E 67 20 74 68 65 20 62 61 74 74 6C 65 20 6F 66 20 42 6F 75 6E 61 63 20 61 6E 64 20 62 72 6F 6B 65 20 74 68 65 20 73 69 65 67 65 20 74 68 61 74 20 68 65 6C 64 20 42 6F 75 6E 61 63 27 73 20 70 65 6F 70 6C 65 20 69 6E 20 69 74 73 20 66 69 72 6D 20 67 72 61 73 70 2E 01 00 5B 0D 00 4B 69 6E 67 20 6F 66 20 44 65 6D 6F 6E 1A 00 44 65 66 65 61 74 20 4D 6F 72 73 68 61 62 61 61 6C 20 35 20 74 69 6D 65 73 2E 01 00 5C 0A 00 50 6C 61 6E 65 67 61 7A 65 72 32 00 46 6F 6C 6C 6F 77 65 64 20 74 68 65 20 74 72 61 69 6C 20 6F 66 20 74 68 65 20 50 6C 61 6E 65 73 74 72 69 64 65 72 20 74 6F 20 74 68 65 20 65 6E 64 2E 01 00 5D 0E 00 54 69 6D 65 20 54 72 61 76 65 6C 6C 65 72 1A 00 41 6E 79 77 68 65 72 65 20 69 6E 20 74 69 6D 65 20 6F 72 20 73 70 61 63 65 2E 01 00 5E 0A 00 54 72 75 6C 79 20 42 6F 73 73 19 00 52 65 61 63 68 20 31 35 2C 30 30 30 20 62 6F 73 73 20 70 6F 69 6E 74 73 2E 01 00 5F 10 00 50 65 6E 73 69 76 65 20 57 61 6E 64 65 72 65 72 6A 00 59 6F 75 20 68 61 76 65 20 68 6F 6E 6F 75 72 65 64 20 74 68 65 20 4D 65 72 75 64 72 69 20 62 79 20 76 69 73 69 74 69 6E 67 20 61 6C 6C 20 6F 66 20 74 68 65 69 72 20 73 68 72 69 6E 65 73 20 61 6E 64 20 63 6F 6D 70 6C 65 74 69 6E 67 20 74 68 65 20 61 6E 63 69 65 6E 74 20 54 68 72 65 65 2D 46 6F 6C 64 20 50 61 74 68 2E 01 00 

LEN=59 TYPE=0
DA 00 00 0D 00 4B 6E 69 67 68 74 20 53 61 6D 70 6C 65 06 00 4B 6E 69 67 68 74 C0 00 83 00 5F 71 27 73 00 00 00 00 00 00 00 00 00 01 0D 00 43 79 63 6C 6F 70 73 63 61 6D 70 65 72 

LEN=6083 TYPE=11
DA 0B 00 0F 5F 01 0C 00 47 6F 6C 64 20 48 6F 61 72 64 65 72 1F 00 45 61 72 6E 65 64 20 61 74 20 6C 65 61 73 74 20 31 2C 30 30 30 2C 30 30 30 20 67 6F 6C 64 2E 00 00 02 10 00 50 6C 61 74 69 6E 75 6D 20 48 6F 61 72 64 65 72 20 00 45 61 72 6E 65 64 20 61 74 20 6C 65 61 73 74 20 31 30 2C 30 30 30 2C 30 30 30 20 67 6F 6C 64 2E 00 00 03 0F 00 43 72 79 73 74 61 6C 20 48 6F 61 72 64 65 72 21 00 45 61 72 6E 65 64 20 61 74 20 6C 65 61 73 74 20 31 30 30 2C 30 30 30 2C 30 30 30 20 67 6F 6C 64 2E 00 00 04 16 00 42 65 61 73 74 73 74 72 69 64 65 72 20 28 47 72 61 64 65 20 31 29 1B 00 55 6E 6C 6F 63 6B 65 64 20 31 30 20 6F 72 20 6D 6F 72 65 20 4D 6F 75 6E 74 73 2E 01 00 05 16 00 42 65 61 73 74 73 74 72 69 64 65 72 20 28 47 72 61 64 65 20 32 29 1B 00 55 6E 6C 6F 63 6B 65 64 20 32 30 20 6F 72 20 6D 6F 72 65 20 4D 6F 75 6E 74 73 2E 01 00 06 16 00 42 65 61 73 74 73 74 72 69 64 65 72 20 28 47 72 61 64 65 20 33 29 1B 00 55 6E 6C 6F 63 6B 65 64 20 33 30 20 6F 72 20 6D 6F 72 65 20 4D 6F 75 6E 74 73 2E 01 00 07 16 00 42 65 61 73 74 73 74 72 69 64 65 72 20 28 47 72 61 64 65 20 34 29 1B 00 55 6E 6C 6F 63 6B 65 64 20 34 30 20 6F 72 20 6D 6F 72 65 20 4D 6F 75 6E 74 73 2E 01 00 08 16 00 42 65 61 73 74 73 74 72 69 64 65 72 20 28 47 72 61 64 65 20 35 29 1B 00 55 6E 6C 6F 63 6B 65 64 20 35 30 20 6F 72 20 6D 6F 72 65 20 4D 6F 75 6E 74 73 2E 01 00 09 1A 00 54 69 62 69 61 27 73 20 54 6F 70 6D 6F 64 65 6C 20 28 47 72 61 64 65 20 31 29 1C 00 55 6E 6C 6F 63 6B 65 64 20 31 30 20 6F 72 20 6D 6F 72 65 20 4F 75 74 66 69 74 73 2E 01 00 0A 1A 00 54 69 62 69 61 27 73 20 54 6F 70 6D 6F 64 65 6C 20 28 47 72 61 64 65 20 32 29 1C 00 55 6E 6C 6F 63 6B 65 64 20 32 30 20 6F 72 20 6D 6F 72 65 20 4F 75 74 66 69 74 73 2E 01 00 0B 1A 00 54 69 62 69 61 27 73 20 54 6F 70 6D 6F 64 65 6C 20 28 47 72 61 64 65 20 33 29 1C 00 55 6E 6C 6F 63 6B 65 64 20 33 30 20 6F 72 20 6D 6F 72 65 20 4F 75 74 66 69 74 73 2E 01 00 0C 1A 00 54 69 62 69 61 27 73 20 54 6F 70 6D 6F 64 65 6C 20 28 47 72 61 64 65 20 34 29 1C 00 55 6E 6C 6F 63 6B 65 64 20 34 30 20 6F 72 20 6D 6F 72 65 20 4F 75 74 66 69 74 73 2E 01 00 0D 1A 00 54 69 62 69 61 27 73 20 54 6F 70 6D 6F 64 65 6C 20 28 47 72 61 64 65 20 35 29 1C 00 55 6E 6C 6F 63 6B 65 64 20 35 30 20 6F 72 20 6D 6F 72 65 20 4F 75 74 66 69 74 73 2E 01 00 0E 0C 00 54 72 6F 6C 6C 74 72 61 73 68 65 72 11 00 52 65 61 63 68 65 64 20 6C 65 76 65 6C 20 35 30 2E 00 01 0F 0D 00 43 79 63 6C 6F 70 73 63 61 6D 70 65 72 12 00 52 65 61 63 68 65 64 20 6C 65 76 65 6C 20 31 30 30 2E 00 01 10 0C 00 44 72 61 67 6F 6E 64 6F 75 73 65 72 12 00 52 65 61 63 68 65 64 20 6C 65 76 65 6C 20 32 30 30 2E 00 01 11 09 00 44 65 6D 6F 6E 64 6F 6F 6D 12 00 52 65 61 63 68 65 64 20 6C 65 76 65 6C 20 33 30 30 2E 00 00 12 0A 00 44 72 61 6B 65 6E 62 61 6E 65 12 00 52 65 61 63 68 65 64 20 6C 65 76 65 6C 20 34 30 30 2E 00 00 13 08 00 53 69 6C 65 6E 63 65 72 12 00 52 65 61 63 68 65 64 20 6C 65 76 65 6C 20 35 30 30 2E 00 00 14 07 00 45 78 61 6C 74 65 64 13 00 52 65 61 63 68 65 64 20 6C 65 76 65 6C 20 31 30 30 30 2E 00 00 15 0D 00 41 70 65 78 20 50 72 65 64 61 74 6F 72 23 00 48 69 67 68 65 73 74 20 4C 65 76 65 6C 20 6F 6E 20 63 68 61 72 61 63 74 65 72 27 73 20 77 6F 72 6C 64 2E 00 01 16 08 00 42 69 67 20 42 6F 73 73 3E 00 48 69 67 68 65 73 74 20 73 63 6F 72 65 20 6F 66 20 61 63 63 75 6D 75 6C 61 74 65 64 20 62 6F 73 73 20 70 6F 69 6E 74 73 20 6F 6E 20 63 68 61 72 61 63 74 65 72 27 73 20 77 6F 72 6C 64 2E 00 00 17 12 00 4A 61 63 6B 20 6F 66 20 61 6C 6C 20 54 61 69 6E 74 73 47 00 48 69 67 68 65 73 74 20 73 63 6F 72 65 20 66 6F 72 20 6B 69 6C 6C 69 6E 67 20 47 6F 73 68 6E 61 72 20 61 6E 64 20 68 69 73 20 61 73 70 65 63 74 73 20 6F 6E 20 63 68 61 72 61 63 74 65 72 27 73 20 77 6F 72 6C 64 2E 00 00 18 11 00 4C 65 67 65 6E 64 20 6F 66 20 46 69 73 68 69 6E 67 2B 00 48 69 67 68 65 73 74 20 66 69 73 68 69 6E 67 20 6C 65 76 65 6C 20 6F 6E 20 63 68 61 72 61 63 74 65 72 27 73 20 77 6F 72 6C 64 2E 00 00 19 0F 00 4C 65 67 65 6E 64 20 6F 66 20 4D 61 67 69 63 29 00 48 69 67 68 65 73 74 20 6D 61 67 69 63 20 6C 65 76 65 6C 20 6F 6E 20 63 68 61 72 61 63 74 65 72 27 73 20 77 6F 72 6C 64 2E 00 00 1A 16 00 4C 65 67 65 6E 64 20 6F 66 20 4D 61 72 6B 73 6D 61 6E 73 68 69 70 2C 00 48 69 67 68 65 73 74 20 64 69 73 74 61 6E 63 65 20 6C 65 76 65 6C 20 6F 6E 20 63 68 61 72 61 63 74 65 72 27 73 20 77 6F 72 6C 64 2E 00 00 1B 11 00 4C 65 67 65 6E 64 20 6F 66 20 74 68 65 20 41 78 65 27 00 48 69 67 68 65 73 74 20 61 78 65 20 6C 65 76 65 6C 20 6F 6E 20 63 68 61 72 61 63 74 65 72 27 73 20 77 6F 72 6C 64 2E 00 00 1C 12 00 4C 65 67 65 6E 64 20 6F 66 20 74 68 65 20 43 6C 75 62 28 00 48 69 67 68 65 73 74 20 63 6C 75 62 20 6C 65 76 65 6C 20 6F 6E 20 63 68 61 72 61 63 74 65 72 27 73 20 77 6F 72 6C 64 2E 00 00 1D 12 00 4C 65 67 65 6E 64 20 6F 66 20 74 68 65 20 46 69 73 74 28 00 48 69 67 68 65 73 74 20 66 69 73 74 20 6C 65 76 65 6C 20 6F 6E 20 63 68 61 72 61 63 74 65 72 27 73 20 77 6F 72 6C 64 2E 00 00 1E 14 00 4C 65 67 65 6E 64 20 6F 66 20 74 68 65 20 53 68 69 65 6C 64 2D 00 48 69 67 68 65 73 74 20 73 68 69 65 6C 64 69 6E 67 20 6C 65 76 65 6C 20 6F 6E 20 63 68 61 72 61 63 74 65 72 27 73 20 77 6F 72 6C 64 2E 00 01 1F 13 00 4C 65 67 65 6E 64 20 6F 66 20 74 68 65 20 53 77 6F 72 64 29 00 48 69 67 68 65 73 74 20 73 77 6F 72 64 20 6C 65 76 65 6C 20 6F 6E 20 63 68 61 72 61 63 74 65 72 27 73 20 77 6F 72 6C 64 2E 00 00 20 0F 00 50 72 69 6E 63 65 20 43 68 61 72 6D 69 6E 67 3F 00 48 69 67 68 65 73 74 20 73 63 6F 72 65 20 6F 66 20 61 63 63 75 6D 75 6C 61 74 65 64 20 63 68 61 72 6D 20 70 6F 69 6E 74 73 20 6F 6E 20 63 68 61 72 61 63 74 65 72 27 73 20 77 6F 72 6C 64 2E 00 00 21 17 00 52 65 69 67 6E 69 6E 67 20 44 72 6F 6D 65 20 43 68 61 6D 70 69 6F 6E 39 00 46 69 6E 69 73 68 65 64 20 6D 6F 73 74 20 72 65 63 65 6E 74 20 54 69 62 69 61 64 72 6F 6D 65 20 72 6F 74 61 20 72 61 6E 6B 65 64 20 69 6E 20 74 68 65 20 74 6F 70 20 35 2E 00 00 22 0A 00 42 69 70 65 64 61 6E 74 69 63 27 00 55 6E 6C 6F 63 6B 65 64 20 41 6C 6C 20 48 75 6D 61 6E 6F 69 64 20 42 65 73 74 69 61 72 79 20 65 6E 74 72 69 65 73 2E 00 00 23 11 00 42 6C 6F 6F 64 20 4D 6F 6F 6E 20 48 75 6E 74 65 72 2A 00 55 6E 6C 6F 63 6B 65 64 20 41 6C 6C 20 4C 79 63 61 6E 74 68 72 6F 70 65 20 42 65 73 74 69 61 72 79 20 65 6E 74 72 69 65 73 2E 00 00 24 0B 00 43 6F 6C 64 62 6C 6F 6F 64 65 64 27 00 55 6E 6C 6F 63 6B 65 64 20 41 6C 6C 20 41 6D 70 68 69 62 69 63 20 42 65 73 74 69 61 72 79 20 65 6E 74 72 69 65 73 2E 00 00 25 10 00 44 65 61 74 68 20 66 72 6F 6D 20 42 65 6C 6F 77 23 00 55 6E 6C 6F 63 6B 65 64 20 61 6C 6C 20 42 69 72 64 20 42 65 73 74 69 61 72 79 20 65 6E 74 72 69 65 73 2E 00 00 26 09 00 44 65 6D 6F 6E 61 74 6F 72 24 00 55 6E 6C 6F 63 6B 65 64 20 61 6C 6C 20 44 65 6D 6F 6E 20 42 65 73 74 69 61 72 79 20 65 6E 74 72 69 65 73 2E 00 00 27 0C 00 44 72 61 67 6F 6E 73 6C 61 79 65 72 25 00 55 6E 6C 6F 63 6B 65 64 20 61 6C 6C 20 44 72 61 67 6F 6E 20 42 65 73 74 69 61 72 79 20 65 6E 74 72 69 65 73 2E 00 00 28 0C 00 45 6C 65 6D 65 6E 74 61 6C 69 73 74 28 00 55 6E 6C 6F 63 6B 65 64 20 61 6C 6C 20 45 6C 65 6D 65 6E 74 61 6C 20 42 65 73 74 69 61 72 79 20 65 6E 74 72 69 65 73 2E 00 00 29 0C 00 45 78 74 65 72 6D 69 6E 61 74 6F 72 25 00 55 6E 6C 6F 63 6B 65 64 20 61 6C 6C 20 56 65 72 6D 69 6E 20 42 65 73 74 69 61 72 79 20 65 6E 74 72 69 65 73 2E 00 00 2A 0B 00 46 65 79 20 53 77 61 74 74 65 72 22 00 55 6E 6C 6F 63 6B 65 64 20 61 6C 6C 20 46 65 79 20 42 65 73 74 69 61 72 79 20 65 6E 74 72 69 65 73 2E 00 00 2B 0B 00 47 68 6F 73 74 68 75 6E 74 65 72 25 00 55 6E 6C 6F 63 6B 65 64 20 61 6C 6C 20 55 6E 64 65 61 64 20 42 65 73 74 69 61 72 79 20 65 6E 74 72 69 65 73 2E 00 00 2C 08 00 48 61 6E 64 79 6D 61 6E 28 00 55 6E 6C 6F 63 6B 65 64 20 61 6C 6C 20 43 6F 6E 73 74 72 75 63 74 20 42 65 73 74 69 61 72 79 20 65 6E 74 72 69 65 73 2E 00 00 2D 08 00 48 75 6E 74 73 6D 61 6E 25 00 55 6E 6C 6F 63 6B 65 64 20 61 6C 6C 20 4D 61 6D 6D 61 6C 20 42 65 73 74 69 61 72 79 20 65 6E 74 72 69 65 73 2E 00 00 2E 1A 00 49 6E 74 65 72 64 69 6D 65 6E 73 69 6F 6E 61 6C 20 44 65 73 74 72 6F 79 65 72 30 00 55 6E 6C 6F 63 6B 65 64 20 61 6C 6C 20 45 78 74 72 61 20 44 69 6D 65 6E 73 69 6F 6E 61 6C 20 42 65 73 74 69 61 72 79 20 65 6E 74 72 69 65 73 2E 00 00 2F 09 00 4D 61 6E 68 75 6E 74 65 72 24 00 55 6E 6C 6F 63 6B 65 64 20 61 6C 6C 20 48 75 6D 61 6E 20 42 65 73 74 69 61 72 79 20 65 6E 74 72 69 65 73 2E 00 00 30 12 00 4D 61 73 74 65 72 20 6F 66 20 49 6C 6C 75 73 69 6F 6E 26 00 55 6E 6C 6F 63 6B 65 64 20 61 6C 6C 20 4D 61 67 69 63 61 6C 20 42 65 73 74 69 61 72 79 20 65 6E 74 72 69 65 73 2E 00 00 31 0A 00 4F 6F 7A 65 20 42 6C 75 65 73 24 00 55 6E 6C 6F 63 6B 65 64 20 61 6C 6C 20 53 6C 69 6D 65 20 42 65 73 74 69 61 72 79 20 65 6E 74 72 69 65 73 2E 00 00 32 08 00 53 65 61 20 42 61 6E 65 26 00 55 6E 6C 6F 63 6B 65 64 20 61 6C 6C 20 41 71 75 61 74 69 63 20 42 65 73 74 69 61 72 79 20 65 6E 74 72 69 65 73 2E 00 00 33 0D 00 53 6E 61 6B 65 20 43 68 61 72 6D 65 72 26 00 55 6E 6C 6F 63 6B 65 64 20 61 6C 6C 20 52 65 70 74 69 6C 65 20 42 65 73 74 69 61 72 79 20 65 6E 74 72 69 65 73 2E 00 00 34 07 00 54 75 6D 62 6C 65 72 24 00 55 6E 6C 6F 63 6B 65 64 20 61 6C 6C 20 47 69 61 6E 74 20 42 65 73 74 69 61 72 79 20 65 6E 74 72 69 65 73 2E 00 00 35 0A 00 57 65 65 64 6B 69 6C 6C 65 72 24 00 55 6E 6C 6F 63 6B 65 64 20 61 6C 6C 20 50 6C 61 6E 74 20 42 65 73 74 69 61 72 79 20 65 6E 74 72 69 65 73 2E 00 00 36 0A 00 49 6E 6B 20 45 72 61 73 65 72 26 00 55 6E 6C 6F 63 6B 65 64 20 61 6C 6C 20 49 6E 6B 62 6F 72 6E 20 42 65 73 74 69 61 72 79 20 65 6E 74 72 69 65 73 2E 00 00 37 0B 00 45 78 65 63 75 74 69 6F 6E 65 72 1E 00 55 6E 6C 6F 63 6B 65 64 20 61 6C 6C 20 42 65 73 74 69 61 72 79 20 65 6E 74 72 69 65 73 2E 00 00 38 10 00 42 6F 73 73 20 41 6E 6E 69 68 69 6C 61 74 6F 72 1C 00 55 6E 6C 6F 63 6B 65 64 20 61 6C 6C 20 4E 65 6D 65 73 69 73 20 62 6F 73 73 65 73 2E 00 00 39 0E 00 42 6F 73 73 20 44 65 73 74 72 6F 79 65 72 23 00 55 6E 6C 6F 63 6B 65 64 20 31 30 20 6F 72 20 6D 6F 72 65 20 41 72 63 68 66 6F 65 20 62 6F 73 73 65 73 2E 01 00 3A 0F 00 42 6F 73 73 20 44 65 76 61 73 74 61 74 6F 72 23 00 55 6E 6C 6F 63 6B 65 64 20 31 30 20 6F 72 20 6D 6F 72 65 20 4E 65 6D 65 73 69 73 20 62 6F 73 73 65 73 2E 01 00 3B 0B 00 42 6F 73 73 20 45 72 61 73 65 72 1C 00 55 6E 6C 6F 63 6B 65 64 20 61 6C 6C 20 41 72 63 68 66 6F 65 20 62 6F 73 73 65 73 2E 00 00 3C 10 00 42 6F 73 73 20 45 78 65 63 75 74 69 6F 6E 65 72 14 00 55 6E 6C 6F 63 6B 65 64 20 61 6C 6C 20 62 6F 73 73 65 73 2E 00 00 3D 0B 00 42 6F 73 73 20 48 75 6E 74 65 72 20 00 55 6E 6C 6F 63 6B 65 64 20 31 30 20 6F 72 20 6D 6F 72 65 20 42 61 6E 65 20 62 6F 73 73 65 73 2E 01 00 3E 10 00 42 6F 73 73 20 4F 62 6C 69 74 65 72 61 74 6F 72 23 00 55 6E 6C 6F 63 6B 65 64 20 34 30 20 6F 72 20 6D 6F 72 65 20 4E 65 6D 65 73 69 73 20 62 6F 73 73 65 73 2E 01 00 3F 0B 00 42 6F 73 73 20 53 6C 61 79 65 72 19 00 55 6E 6C 6F 63 6B 65 64 20 61 6C 6C 20 42 61 6E 65 20 62 6F 73 73 65 73 2E 00 00 40 0B 00 42 6F 73 73 20 53 6D 69 74 65 72 23 00 55 6E 6C 6F 63 6B 65 64 20 34 30 20 6F 72 20 6D 6F 72 65 20 41 72 63 68 66 6F 65 20 62 6F 73 73 65 73 2E 01 00 41 0C 00 42 6F 73 73 20 56 65 74 65 72 61 6E 20 00 55 6E 6C 6F 63 6B 65 64 20 34 30 20 6F 72 20 6D 6F 72 65 20 42 61 6E 65 20 62 6F 73 73 65 73 2E 01 00 42 1B 00 43 72 65 61 74 75 72 65 20 6F 66 20 48 61 62 69 74 20 28 47 72 61 64 65 20 31 29 37 00 52 65 77 61 72 64 20 53 74 72 65 61 6B 20 6F 66 20 61 74 20 6C 65 61 73 74 20 37 20 64 61 79 73 20 6F 66 20 63 6F 6E 73 65 63 75 74 69 76 65 20 6C 6F 67 69 6E 73 2E 01 00 43 1B 00 43 72 65 61 74 75 72 65 20 6F 66 20 48 61 62 69 74 20 28 47 72 61 64 65 20 32 29 38 00 52 65 77 61 72 64 20 53 74 72 65 61 6B 20 6F 66 20 61 74 20 6C 65 61 73 74 20 33 30 20 64 61 79 73 20 6F 66 20 63 6F 6E 73 65 63 75 74 69 76 65 20 6C 6F 67 69 6E 73 2E 01 00 44 1B 00 43 72 65 61 74 75 72 65 20 6F 66 20 48 61 62 69 74 20 28 47 72 61 64 65 20 33 29 38 00 52 65 77 61 72 64 20 53 74 72 65 61 6B 20 6F 66 20 61 74 20 6C 65 61 73 74 20 39 30 20 64 61 79 73 20 6F 66 20 63 6F 6E 73 65 63 75 74 69 76 65 20 6C 6F 67 69 6E 73 2E 01 00 45 1B 00 43 72 65 61 74 75 72 65 20 6F 66 20 48 61 62 69 74 20 28 47 72 61 64 65 20 34 29 39 00 52 65 77 61 72 64 20 53 74 72 65 61 6B 20 6F 66 20 61 74 20 6C 65 61 73 74 20 31 38 30 20 64 61 79 73 20 6F 66 20 63 6F 6E 73 65 63 75 74 69 76 65 20 6C 6F 67 69 6E 73 2E 01 00 46 1B 00 43 72 65 61 74 75 72 65 20 6F 66 20 48 61 62 69 74 20 28 47 72 61 64 65 20 35 29 39 00 52 65 77 61 72 64 20 53 74 72 65 61 6B 20 6F 66 20 61 74 20 6C 65 61 73 74 20 33 36 35 20 64 61 79 73 20 6F 66 20 63 6F 6E 73 65 63 75 74 69 76 65 20 6C 6F 67 69 6E 73 2E 01 00 47 11 00 41 73 70 69 72 69 6E 67 20 48 75 6E 74 73 6D 61 6E 1E 00 49 6E 76 65 73 74 65 64 20 31 36 30 2C 30 30 30 20 74 61 73 6B 73 20 70 6F 69 6E 74 73 2E 01 00 48 15 00 43 6F 6D 70 65 74 65 6E 74 20 42 65 61 73 74 73 6C 61 79 65 72 1E 00 49 6E 76 65 73 74 65 64 20 33 32 30 2C 30 30 30 20 74 61 73 6B 73 20 70 6F 69 6E 74 73 2E 01 00 49 13 00 46 65 61 72 65 64 20 42 6F 75 6E 74 79 68 75 6E 74 65 72 1E 00 49 6E 76 65 73 74 65 64 20 34 33 30 2C 30 30 30 20 74 61 73 6B 73 20 70 6F 69 6E 74 73 2E 01 00 4A 16 00 44 65 64 69 63 61 74 65 64 20 45 6E 74 72 65 70 72 65 6E 65 75 72 22 00 45 78 70 6C 6F 72 65 64 20 35 30 25 20 6F 66 20 61 6C 6C 20 74 68 65 20 6D 61 70 20 61 72 65 61 73 2E 00 00 4B 0C 00 47 6C 6F 62 65 74 72 6F 74 74 65 72 17 00 45 78 70 6C 6F 72 65 64 20 61 6C 6C 20 6D 61 70 20 61 72 65 61 73 2E 00 00 4C 0C 00 47 75 69 6C 64 20 4C 65 61 64 65 72 10 00 4C 65 61 64 69 6E 67 20 61 20 47 75 69 6C 64 2E 00 00 4D 14 00 50 72 6F 63 6F 6E 73 75 6C 20 6F 66 20 49 6B 73 75 70 61 6E 6F 00 4F 6E 6C 79 20 61 20 74 72 75 65 20 64 65 76 6F 74 65 65 20 74 6F 20 74 68 65 20 63 61 75 73 65 20 6F 66 20 74 68 65 20 61 6E 63 69 65 6E 74 20 49 6B 73 20 61 6E 64 20 74 68 65 69 72 20 6C 6F 73 74 20 6C 65 67 61 63 79 20 6D 61 79 20 73 74 65 70 20 75 70 20 74 6F 20 74 68 65 20 72 61 6E 6B 20 6F 66 20 70 72 6F 63 6F 6E 73 75 6C 2E 01 00 4E 14 00 41 64 6D 69 72 65 72 20 6F 66 20 74 68 65 20 43 72 6F 77 6E 20 00 41 64 6A 75 73 74 20 79 6F 75 72 20 63 72 6F 77 6E 20 61 6E 64 20 68 61 6E 64 6C 65 20 69 74 2E 01 00 4F 0B 00 42 69 67 20 53 70 65 6E 64 65 72 20 00 55 6E 6C 6F 63 6B 65 64 20 74 68 65 20 66 75 6C 6C 20 47 6F 6C 64 65 6E 20 4F 75 74 66 69 74 2E 01 00 50 15 00 43 68 61 6C 6C 65 6E 67 65 72 20 6F 66 20 74 68 65 20 49 6B 73 48 00 43 68 61 6C 6C 65 6E 67 65 64 20 41 68 61 75 2C 20 67 75 61 72 64 69 61 6E 20 6F 66 20 49 6B 73 75 70 61 6E 2C 20 69 6E 20 74 72 61 64 69 74 69 6F 6E 61 6C 20 49 6B 73 20 77 61 72 72 69 6F 72 20 61 74 74 69 72 65 2E 01 00 51 17 00 52 6F 79 61 6C 20 42 6F 75 6E 61 63 65 61 6E 20 41 64 76 69 73 6F 72 3B 00 43 61 6C 6C 65 64 20 74 6F 20 74 68 65 20 63 6F 75 72 74 20 6F 66 20 42 6F 75 6E 61 63 20 62 79 20 4B 65 73 61 72 20 74 68 65 20 59 6F 75 6E 67 65 72 20 68 69 6D 73 65 6C 66 2E 01 00 52 08 00 41 65 74 65 72 6E 61 6C 51 00 41 77 61 72 64 65 64 20 65 78 63 6C 75 73 69 76 65 6C 79 20 74 6F 20 73 74 61 6C 77 61 72 74 20 68 65 72 6F 65 73 20 6B 65 65 70 69 6E 67 20 74 68 65 20 66 61 69 74 68 20 75 6E 64 65 72 20 61 6C 6C 20 63 69 72 63 75 6D 73 74 61 6E 63 65 73 2E 01 00 53 0F 00 52 6F 62 69 6E 73 6F 6E 20 43 72 75 73 6F 65 75 00 53 6F 6D 65 20 64 69 73 63 6F 76 65 72 69 65 73 20 61 72 65 20 72 65 73 65 72 76 65 64 20 74 6F 20 6F 6E 6C 79 20 74 68 65 20 6D 6F 73 74 20 65 78 70 65 72 69 65 6E 63 65 64 20 61 64 76 65 6E 74 75 72 65 72 73 2E 20 55 6E 74 69 6C 20 74 68 65 20 6E 65 78 74 20 66 72 6F 6E 74 69 65 72 20 6F 70 65 6E 73 20 6F 6E 20 74 68 65 20 68 6F 72 69 7A 6F 6E 2E 01 00 54 0C 00 43 68 6F 6D 70 6D 65 69 73 74 65 72 56 00 41 77 61 72 64 65 64 20 6F 6E 6C 79 20 74 6F 20 74 72 75 65 20 63 6F 6E 6E 6F 69 73 73 65 75 72 73 20 75 6E 64 65 72 74 61 6B 69 6E 67 20 65 76 65 6E 20 74 68 65 20 6D 6F 73 74 20 65 78 6F 74 69 63 20 63 75 6C 69 6E 61 72 79 20 65 73 63 61 70 61 64 65 73 2E 01 00 55 0F 00 42 72 69 6E 67 65 72 20 6F 66 20 52 61 69 6E 3A 00 46 6F 72 67 69 6E 67 20 74 68 72 6F 75 67 68 20 62 61 74 74 6C 65 20 61 66 74 65 72 20 62 61 74 74 6C 65 20 6C 69 6B 65 20 61 20 74 72 75 65 20 67 6C 61 64 69 61 74 6F 72 2E 01 00 56 07 00 42 65 61 73 74 6C 79 29 00 52 65 61 63 68 65 64 20 32 30 30 30 20 63 68 61 72 6D 20 70 6F 69 6E 74 73 2E 20 51 75 69 74 65 20 62 65 61 73 74 6C 79 21 01 00 57 0F 00 4D 69 64 6E 69 67 68 74 20 48 75 6E 74 65 72 42 00 57 68 65 6E 20 74 68 65 20 68 75 6E 74 65 72 20 62 65 63 6F 6D 65 73 20 74 68 65 20 68 75 6E 74 65 64 2C 20 70 65 72 73 65 76 65 72 61 6E 63 65 20 64 65 63 69 64 65 73 20 74 68 65 20 67 61 6D 65 2E 01 00 58 09 00 52 61 74 69 6E 61 74 6F 72 5B 00 4B 69 6C 6C 69 6E 67 20 73 6F 6D 65 20 73 6E 61 72 6B 79 20 63 61 76 65 20 72 61 74 73 20 69 73 20 68 65 6C 70 66 75 6C 2C 20 6B 69 6C 6C 69 6E 67 20 6F 76 65 72 20 74 65 6E 20 74 68 6F 75 73 61 6E 64 20 6F 66 20 74 68 65 6D 20 69 73 20 61 20 73 74 61 74 65 6D 65 6E 74 2E 01 00 59 10 00 44 6F 6F 6D 73 64 61 79 20 4E 65 6D 65 73 69 73 3A 00 41 77 61 72 64 65 64 20 66 6F 72 20 67 72 65 61 74 20 68 65 6C 70 20 69 6E 20 74 68 65 20 62 61 74 74 6C 65 20 61 67 61 69 6E 73 74 20 47 61 7A 27 68 61 72 61 67 6F 74 68 2E 01 00 5A 0E 00 48 65 72 6F 20 6F 66 20 42 6F 75 6E 61 63 6A 00 59 6F 75 20 70 72 65 76 61 69 6C 65 64 20 64 75 72 69 6E 67 20 74 68 65 20 62 61 74 74 6C 65 20 6F 66 20 42 6F 75 6E 61 63 20 61 6E 64 20 62 72 6F 6B 65 20 74 68 65 20 73 69 65 67 65 20 74 68 61 74 20 68 65 6C 64 20 42 6F 75 6E 61 63 27 73 20 70 65 6F 70 6C 65 20 69 6E 20 69 74 73 20 66 69 72 6D 20 67 72 61 73 70 2E 01 00 5B 0D 00 4B 69 6E 67 20 6F 66 20 44 65 6D 6F 6E 1A 00 44 65 66 65 61 74 20 4D 6F 72 73 68 61 62 61 61 6C 20 35 20 74 69 6D 65 73 2E 01 00 5C 0A 00 50 6C 61 6E 65 67 61 7A 65 72 32 00 46 6F 6C 6C 6F 77 65 64 20 74 68 65 20 74 72 61 69 6C 20 6F 66 20 74 68 65 20 50 6C 61 6E 65 73 74 72 69 64 65 72 20 74 6F 20 74 68 65 20 65 6E 64 2E 01 00 5D 0E 00 54 69 6D 65 20 54 72 61 76 65 6C 6C 65 72 1A 00 41 6E 79 77 68 65 72 65 20 69 6E 20 74 69 6D 65 20 6F 72 20 73 70 61 63 65 2E 01 00 5E 0A 00 54 72 75 6C 79 20 42 6F 73 73 19 00 52 65 61 63 68 20 31 35 2C 30 30 30 20 62 6F 73 73 20 70 6F 69 6E 74 73 2E 01 00 5F 10 00 50 65 6E 73 69 76 65 20 57 61 6E 64 65 72 65 72 6A 00 59 6F 75 20 68 61 76 65 20 68 6F 6E 6F 75 72 65 64 20 74 68 65 20 4D 65 72 75 64 72 69 20 62 79 20 76 69 73 69 74 69 6E 67 20 61 6C 6C 20 6F 66 20 74 68 65 69 72 20 73 68 72 69 6E 65 73 20 61 6E 64 20 63 6F 6D 70 6C 65 74 69 6E 67 20 74 68 65 20 61 6E 63 69 65 6E 74 20 54 68 72 65 65 2D 46 6F 6C 64 20 50 61 74 68 2E 01 00 

LEN=46 TYPE=0
DA 00 00 0D 00 4B 6E 69 67 68 74 20 53 61 6D 70 6C 65 06 00 4B 6E 69 67 68 74 C0 00 83 00 5F 71 27 73 00 00 00 00 00 00 00 00 00 01 00 00 

LEN=6083 TYPE=11
DA 0B 00 00 5F 01 0C 00 47 6F 6C 64 20 48 6F 61 72 64 65 72 1F 00 45 61 72 6E 65 64 20 61 74 20 6C 65 61 73 74 20 31 2C 30 30 30 2C 30 30 30 20 67 6F 6C 64 2E 00 00 02 10 00 50 6C 61 74 69 6E 75 6D 20 48 6F 61 72 64 65 72 20 00 45 61 72 6E 65 64 20 61 74 20 6C 65 61 73 74 20 31 30 2C 30 30 30 2C 30 30 30 20 67 6F 6C 64 2E 00 00 03 0F 00 43 72 79 73 74 61 6C 20 48 6F 61 72 64 65 72 21 00 45 61 72 6E 65 64 20 61 74 20 6C 65 61 73 74 20 31 30 30 2C 30 30 30 2C 30 30 30 20 67 6F 6C 64 2E 00 00 04 16 00 42 65 61 73 74 73 74 72 69 64 65 72 20 28 47 72 61 64 65 20 31 29 1B 00 55 6E 6C 6F 63 6B 65 64 20 31 30 20 6F 72 20 6D 6F 72 65 20 4D 6F 75 6E 74 73 2E 01 00 05 16 00 42 65 61 73 74 73 74 72 69 64 65 72 20 28 47 72 61 64 65 20 32 29 1B 00 55 6E 6C 6F 63 6B 65 64 20 32 30 20 6F 72 20 6D 6F 72 65 20 4D 6F 75 6E 74 73 2E 01 00 06 16 00 42 65 61 73 74 73 74 72 69 64 65 72 20 28 47 72 61 64 65 20 33 29 1B 00 55 6E 6C 6F 63 6B 65 64 20 33 30 20 6F 72 20 6D 6F 72 65 20 4D 6F 75 6E 74 73 2E 01 00 07 16 00 42 65 61 73 74 73 74 72 69 64 65 72 20 28 47 72 61 64 65 20 34 29 1B 00 55 6E 6C 6F 63 6B 65 64 20 34 30 20 6F 72 20 6D 6F 72 65 20 4D 6F 75 6E 74 73 2E 01 00 08 16 00 42 65 61 73 74 73 74 72 69 64 65 72 20 28 47 72 61 64 65 20 35 29 1B 00 55 6E 6C 6F 63 6B 65 64 20 35 30 20 6F 72 20 6D 6F 72 65 20 4D 6F 75 6E 74 73 2E 01 00 09 1A 00 54 69 62 69 61 27 73 20 54 6F 70 6D 6F 64 65 6C 20 28 47 72 61 64 65 20 31 29 1C 00 55 6E 6C 6F 63 6B 65 64 20 31 30 20 6F 72 20 6D 6F 72 65 20 4F 75 74 66 69 74 73 2E 01 00 0A 1A 00 54 69 62 69 61 27 73 20 54 6F 70 6D 6F 64 65 6C 20 28 47 72 61 64 65 20 32 29 1C 00 55 6E 6C 6F 63 6B 65 64 20 32 30 20 6F 72 20 6D 6F 72 65 20 4F 75 74 66 69 74 73 2E 01 00 0B 1A 00 54 69 62 69 61 27 73 20 54 6F 70 6D 6F 64 65 6C 20 28 47 72 61 64 65 20 33 29 1C 00 55 6E 6C 6F 63 6B 65 64 20 33 30 20 6F 72 20 6D 6F 72 65 20 4F 75 74 66 69 74 73 2E 01 00 0C 1A 00 54 69 62 69 61 27 73 20 54 6F 70 6D 6F 64 65 6C 20 28 47 72 61 64 65 20 34 29 1C 00 55 6E 6C 6F 63 6B 65 64 20 34 30 20 6F 72 20 6D 6F 72 65 20 4F 75 74 66 69 74 73 2E 01 00 0D 1A 00 54 69 62 69 61 27 73 20 54 6F 70 6D 6F 64 65 6C 20 28 47 72 61 64 65 20 35 29 1C 00 55 6E 6C 6F 63 6B 65 64 20 35 30 20 6F 72 20 6D 6F 72 65 20 4F 75 74 66 69 74 73 2E 01 00 0E 0C 00 54 72 6F 6C 6C 74 72 61 73 68 65 72 11 00 52 65 61 63 68 65 64 20 6C 65 76 65 6C 20 35 30 2E 00 01 0F 0D 00 43 79 63 6C 6F 70 73 63 61 6D 70 65 72 12 00 52 65 61 63 68 65 64 20 6C 65 76 65 6C 20 31 30 30 2E 00 01 10 0C 00 44 72 61 67 6F 6E 64 6F 75 73 65 72 12 00 52 65 61 63 68 65 64 20 6C 65 76 65 6C 20 32 30 30 2E 00 01 11 09 00 44 65 6D 6F 6E 64 6F 6F 6D 12 00 52 65 61 63 68 65 64 20 6C 65 76 65 6C 20 33 30 30 2E 00 00 12 0A 00 44 72 61 6B 65 6E 62 61 6E 65 12 00 52 65 61 63 68 65 64 20 6C 65 76 65 6C 20 34 30 30 2E 00 00 13 08 00 53 69 6C 65 6E 63 65 72 12 00 52 65 61 63 68 65 64 20 6C 65 76 65 6C 20 35 30 30 2E 00 00 14 07 00 45 78 61 6C 74 65 64 13 00 52 65 61 63 68 65 64 20 6C 65 76 65 6C 20 31 30 30 30 2E 00 00 15 0D 00 41 70 65 78 20 50 72 65 64 61 74 6F 72 23 00 48 69 67 68 65 73 74 20 4C 65 76 65 6C 20 6F 6E 20 63 68 61 72 61 63 74 65 72 27 73 20 77 6F 72 6C 64 2E 00 01 16 08 00 42 69 67 20 42 6F 73 73 3E 00 48 69 67 68 65 73 74 20 73 63 6F 72 65 20 6F 66 20 61 63 63 75 6D 75 6C 61 74 65 64 20 62 6F 73 73 20 70 6F 69 6E 74 73 20 6F 6E 20 63 68 61 72 61 63 74 65 72 27 73 20 77 6F 72 6C 64 2E 00 00 17 12 00 4A 61 63 6B 20 6F 66 20 61 6C 6C 20 54 61 69 6E 74 73 47 00 48 69 67 68 65 73 74 20 73 63 6F 72 65 20 66 6F 72 20 6B 69 6C 6C 69 6E 67 20 47 6F 73 68 6E 61 72 20 61 6E 64 20 68 69 73 20 61 73 70 65 63 74 73 20 6F 6E 20 63 68 61 72 61 63 74 65 72 27 73 20 77 6F 72 6C 64 2E 00 00 18 11 00 4C 65 67 65 6E 64 20 6F 66 20 46 69 73 68 69 6E 67 2B 00 48 69 67 68 65 73 74 20 66 69 73 68 69 6E 67 20 6C 65 76 65 6C 20 6F 6E 20 63 68 61 72 61 63 74 65 72 27 73 20 77 6F 72 6C 64 2E 00 00 19 0F 00 4C 65 67 65 6E 64 20 6F 66 20 4D 61 67 69 63 29 00 48 69 67 68 65 73 74 20 6D 61 67 69 63 20 6C 65 76 65 6C 20 6F 6E 20 63 68 61 72 61 63 74 65 72 27 73 20 77 6F 72 6C 64 2E 00 00 1A 16 00 4C 65 67 65 6E 64 20 6F 66 20 4D 61 72 6B 73 6D 61 6E 73 68 69 70 2C 00 48 69 67 68 65 73 74 20 64 69 73 74 61 6E 63 65 20 6C 65 76 65 6C 20 6F 6E 20 63 68 61 72 61 63 74 65 72 27 73 20 77 6F 72 6C 64 2E 00 00 1B 11 00 4C 65 67 65 6E 64 20 6F 66 20 74 68 65 20 41 78 65 27 00 48 69 67 68 65 73 74 20 61 78 65 20 6C 65 76 65 6C 20 6F 6E 20 63 68 61 72 61 63 74 65 72 27 73 20 77 6F 72 6C 64 2E 00 00 1C 12 00 4C 65 67 65 6E 64 20 6F 66 20 74 68 65 20 43 6C 75 62 28 00 48 69 67 68 65 73 74 20 63 6C 75 62 20 6C 65 76 65 6C 20 6F 6E 20 63 68 61 72 61 63 74 65 72 27 73 20 77 6F 72 6C 64 2E 00 00 1D 12 00 4C 65 67 65 6E 64 20 6F 66 20 74 68 65 20 46 69 73 74 28 00 48 69 67 68 65 73 74 20 66 69 73 74 20 6C 65 76 65 6C 20 6F 6E 20 63 68 61 72 61 63 74 65 72 27 73 20 77 6F 72 6C 64 2E 00 00 1E 14 00 4C 65 67 65 6E 64 20 6F 66 20 74 68 65 20 53 68 69 65 6C 64 2D 00 48 69 67 68 65 73 74 20 73 68 69 65 6C 64 69 6E 67 20 6C 65 76 65 6C 20 6F 6E 20 63 68 61 72 61 63 74 65 72 27 73 20 77 6F 72 6C 64 2E 00 01 1F 13 00 4C 65 67 65 6E 64 20 6F 66 20 74 68 65 20 53 77 6F 72 64 29 00 48 69 67 68 65 73 74 20 73 77 6F 72 64 20 6C 65 76 65 6C 20 6F 6E 20 63 68 61 72 61 63 74 65 72 27 73 20 77 6F 72 6C 64 2E 00 00 20 0F 00 50 72 69 6E 63 65 20 43 68 61 72 6D 69 6E 67 3F 00 48 69 67 68 65 73 74 20 73 63 6F 72 65 20 6F 66 20 61 63 63 75 6D 75 6C 61 74 65 64 20 63 68 61 72 6D 20 70 6F 69 6E 74 73 20 6F 6E 20 63 68 61 72 61 63 74 65 72 27 73 20 77 6F 72 6C 64 2E 00 00 21 17 00 52 65 69 67 6E 69 6E 67 20 44 72 6F 6D 65 20 43 68 61 6D 70 69 6F 6E 39 00 46 69 6E 69 73 68 65 64 20 6D 6F 73 74 20 72 65 63 65 6E 74 20 54 69 62 69 61 64 72 6F 6D 65 20 72 6F 74 61 20 72 61 6E 6B 65 64 20 69 6E 20 74 68 65 20 74 6F 70 20 35 2E 00 00 22 0A 00 42 69 70 65 64 61 6E 74 69 63 27 00 55 6E 6C 6F 63 6B 65 64 20 41 6C 6C 20 48 75 6D 61 6E 6F 69 64 20 42 65 73 74 69 61 72 79 20 65 6E 74 72 69 65 73 2E 00 00 23 11 00 42 6C 6F 6F 64 20 4D 6F 6F 6E 20 48 75 6E 74 65 72 2A 00 55 6E 6C 6F 63 6B 65 64 20 41 6C 6C 20 4C 79 63 61 6E 74 68 72 6F 70 65 20 42 65 73 74 69 61 72 79 20 65 6E 74 72 69 65 73 2E 00 00 24 0B 00 43 6F 6C 64 62 6C 6F 6F 64 65 64 27 00 55 6E 6C 6F 63 6B 65 64 20 41 6C 6C 20 41 6D 70 68 69 62 69 63 20 42 65 73 74 69 61 72 79 20 65 6E 74 72 69 65 73 2E 00 00 25 10 00 44 65 61 74 68 20 66 72 6F 6D 20 42 65 6C 6F 77 23 00 55 6E 6C 6F 63 6B 65 64 20 61 6C 6C 20 42 69 72 64 20 42 65 73 74 69 61 72 79 20 65 6E 74 72 69 65 73 2E 00 00 26 09 00 44 65 6D 6F 6E 61 74 6F 72 24 00 55 6E 6C 6F 63 6B 65 64 20 61 6C 6C 20 44 65 6D 6F 6E 20 42 65 73 74 69 61 72 79 20 65 6E 74 72 69 65 73 2E 00 00 27 0C 00 44 72 61 67 6F 6E 73 6C 61 79 65 72 25 00 55 6E 6C 6F 63 6B 65 64 20 61 6C 6C 20 44 72 61 67 6F 6E 20 42 65 73 74 69 61 72 79 20 65 6E 74 72 69 65 73 2E 00 00 28 0C 00 45 6C 65 6D 65 6E 74 61 6C 69 73 74 28 00 55 6E 6C 6F 63 6B 65 64 20 61 6C 6C 20 45 6C 65 6D 65 6E 74 61 6C 20 42 65 73 74 69 61 72 79 20 65 6E 74 72 69 65 73 2E 00 00 29 0C 00 45 78 74 65 72 6D 69 6E 61 74 6F 72 25 00 55 6E 6C 6F 63 6B 65 64 20 61 6C 6C 20 56 65 72 6D 69 6E 20 42 65 73 74 69 61 72 79 20 65 6E 74 72 69 65 73 2E 00 00 2A 0B 00 46 65 79 20 53 77 61 74 74 65 72 22 00 55 6E 6C 6F 63 6B 65 64 20 61 6C 6C 20 46 65 79 20 42 65 73 74 69 61 72 79 20 65 6E 74 72 69 65 73 2E 00 00 2B 0B 00 47 68 6F 73 74 68 75 6E 74 65 72 25 00 55 6E 6C 6F 63 6B 65 64 20 61 6C 6C 20 55 6E 64 65 61 64 20 42 65 73 74 69 61 72 79 20 65 6E 74 72 69 65 73 2E 00 00 2C 08 00 48 61 6E 64 79 6D 61 6E 28 00 55 6E 6C 6F 63 6B 65 64 20 61 6C 6C 20 43 6F 6E 73 74 72 75 63 74 20 42 65 73 74 69 61 72 79 20 65 6E 74 72 69 65 73 2E 00 00 2D 08 00 48 75 6E 74 73 6D 61 6E 25 00 55 6E 6C 6F 63 6B 65 64 20 61 6C 6C 20 4D 61 6D 6D 61 6C 20 42 65 73 74 69 61 72 79 20 65 6E 74 72 69 65 73 2E 00 00 2E 1A 00 49 6E 74 65 72 64 69 6D 65 6E 73 69 6F 6E 61 6C 20 44 65 73 74 72 6F 79 65 72 30 00 55 6E 6C 6F 63 6B 65 64 20 61 6C 6C 20 45 78 74 72 61 20 44 69 6D 65 6E 73 69 6F 6E 61 6C 20 42 65 73 74 69 61 72 79 20 65 6E 74 72 69 65 73 2E 00 00 2F 09 00 4D 61 6E 68 75 6E 74 65 72 24 00 55 6E 6C 6F 63 6B 65 64 20 61 6C 6C 20 48 75 6D 61 6E 20 42 65 73 74 69 61 72 79 20 65 6E 74 72 69 65 73 2E 00 00 30 12 00 4D 61 73 74 65 72 20 6F 66 20 49 6C 6C 75 73 69 6F 6E 26 00 55 6E 6C 6F 63 6B 65 64 20 61 6C 6C 20 4D 61 67 69 63 61 6C 20 42 65 73 74 69 61 72 79 20 65 6E 74 72 69 65 73 2E 00 00 31 0A 00 4F 6F 7A 65 20 42 6C 75 65 73 24 00 55 6E 6C 6F 63 6B 65 64 20 61 6C 6C 20 53 6C 69 6D 65 20 42 65 73 74 69 61 72 79 20 65 6E 74 72 69 65 73 2E 00 00 32 08 00 53 65 61 20 42 61 6E 65 26 00 55 6E 6C 6F 63 6B 65 64 20 61 6C 6C 20 41 71 75 61 74 69 63 20 42 65 73 74 69 61 72 79 20 65 6E 74 72 69 65 73 2E 00 00 33 0D 00 53 6E 61 6B 65 20 43 68 61 72 6D 65 72 26 00 55 6E 6C 6F 63 6B 65 64 20 61 6C 6C 20 52 65 70 74 69 6C 65 20 42 65 73 74 69 61 72 79 20 65 6E 74 72 69 65 73 2E 00 00 34 07 00 54 75 6D 62 6C 65 72 24 00 55 6E 6C 6F 63 6B 65 64 20 61 6C 6C 20 47 69 61 6E 74 20 42 65 73 74 69 61 72 79 20 65 6E 74 72 69 65 73 2E 00 00 35 0A 00 57 65 65 64 6B 69 6C 6C 65 72 24 00 55 6E 6C 6F 63 6B 65 64 20 61 6C 6C 20 50 6C 61 6E 74 20 42 65 73 74 69 61 72 79 20 65 6E 74 72 69 65 73 2E 00 00 36 0A 00 49 6E 6B 20 45 72 61 73 65 72 26 00 55 6E 6C 6F 63 6B 65 64 20 61 6C 6C 20 49 6E 6B 62 6F 72 6E 20 42 65 73 74 69 61 72 79 20 65 6E 74 72 69 65 73 2E 00 00 37 0B 00 45 78 65 63 75 74 69 6F 6E 65 72 1E 00 55 6E 6C 6F 63 6B 65 64 20 61 6C 6C 20 42 65 73 74 69 61 72 79 20 65 6E 74 72 69 65 73 2E 00 00 38 10 00 42 6F 73 73 20 41 6E 6E 69 68 69 6C 61 74 6F 72 1C 00 55 6E 6C 6F 63 6B 65 64 20 61 6C 6C 20 4E 65 6D 65 73 69 73 20 62 6F 73 73 65 73 2E 00 00 39 0E 00 42 6F 73 73 20 44 65 73 74 72 6F 79 65 72 23 00 55 6E 6C 6F 63 6B 65 64 20 31 30 20 6F 72 20 6D 6F 72 65 20 41 72 63 68 66 6F 65 20 62 6F 73 73 65 73 2E 01 00 3A 0F 00 42 6F 73 73 20 44 65 76 61 73 74 61 74 6F 72 23 00 55 6E 6C 6F 63 6B 65 64 20 31 30 20 6F 72 20 6D 6F 72 65 20 4E 65 6D 65 73 69 73 20 62 6F 73 73 65 73 2E 01 00 3B 0B 00 42 6F 73 73 20 45 72 61 73 65 72 1C 00 55 6E 6C 6F 63 6B 65 64 20 61 6C 6C 20 41 72 63 68 66 6F 65 20 62 6F 73 73 65 73 2E 00 00 3C 10 00 42 6F 73 73 20 45 78 65 63 75 74 69 6F 6E 65 72 14 00 55 6E 6C 6F 63 6B 65 64 20 61 6C 6C 20 62 6F 73 73 65 73 2E 00 00 3D 0B 00 42 6F 73 73 20 48 75 6E 74 65 72 20 00 55 6E 6C 6F 63 6B 65 64 20 31 30 20 6F 72 20 6D 6F 72 65 20 42 61 6E 65 20 62 6F 73 73 65 73 2E 01 00 3E 10 00 42 6F 73 73 20 4F 62 6C 69 74 65 72 61 74 6F 72 23 00 55 6E 6C 6F 63 6B 65 64 20 34 30 20 6F 72 20 6D 6F 72 65 20 4E 65 6D 65 73 69 73 20 62 6F 73 73 65 73 2E 01 00 3F 0B 00 42 6F 73 73 20 53 6C 61 79 65 72 19 00 55 6E 6C 6F 63 6B 65 64 20 61 6C 6C 20 42 61 6E 65 20 62 6F 73 73 65 73 2E 00 00 40 0B 00 42 6F 73 73 20 53 6D 69 74 65 72 23 00 55 6E 6C 6F 63 6B 65 64 20 34 30 20 6F 72 20 6D 6F 72 65 20 41 72 63 68 66 6F 65 20 62 6F 73 73 65 73 2E 01 00 41 0C 00 42 6F 73 73 20 56 65 74 65 72 61 6E 20 00 55 6E 6C 6F 63 6B 65 64 20 34 30 20 6F 72 20 6D 6F 72 65 20 42 61 6E 65 20 62 6F 73 73 65 73 2E 01 00 42 1B 00 43 72 65 61 74 75 72 65 20 6F 66 20 48 61 62 69 74 20 28 47 72 61 64 65 20 31 29 37 00 52 65 77 61 72 64 20 53 74 72 65 61 6B 20 6F 66 20 61 74 20 6C 65 61 73 74 20 37 20 64 61 79 73 20 6F 66 20 63 6F 6E 73 65 63 75 74 69 76 65 20 6C 6F 67 69 6E 73 2E 01 00 43 1B 00 43 72 65 61 74 75 72 65 20 6F 66 20 48 61 62 69 74 20 28 47 72 61 64 65 20 32 29 38 00 52 65 77 61 72 64 20 53 74 72 65 61 6B 20 6F 66 20 61 74 20 6C 65 61 73 74 20 33 30 20 64 61 79 73 20 6F 66 20 63 6F 6E 73 65 63 75 74 69 76 65 20 6C 6F 67 69 6E 73 2E 01 00 44 1B 00 43 72 65 61 74 75 72 65 20 6F 66 20 48 61 62 69 74 20 28 47 72 61 64 65 20 33 29 38 00 52 65 77 61 72 64 20 53 74 72 65 61 6B 20 6F 66 20 61 74 20 6C 65 61 73 74 20 39 30 20 64 61 79 73 20 6F 66 20 63 6F 6E 73 65 63 75 74 69 76 65 20 6C 6F 67 69 6E 73 2E 01 00 45 1B 00 43 72 65 61 74 75 72 65 20 6F 66 20 48 61 62 69 74 20 28 47 72 61 64 65 20 34 29 39 00 52 65 77 61 72 64 20 53 74 72 65 61 6B 20 6F 66 20 61 74 20 6C 65 61 73 74 20 31 38 30 20 64 61 79 73 20 6F 66 20 63 6F 6E 73 65 63 75 74 69 76 65 20 6C 6F 67 69 6E 73 2E 01 00 46 1B 00 43 72 65 61 74 75 72 65 20 6F 66 20 48 61 62 69 74 20 28 47 72 61 64 65 20 35 29 39 00 52 65 77 61 72 64 20 53 74 72 65 61 6B 20 6F 66 20 61 74 20 6C 65 61 73 74 20 33 36 35 20 64 61 79 73 20 6F 66 20 63 6F 6E 73 65 63 75 74 69 76 65 20 6C 6F 67 69 6E 73 2E 01 00 47 11 00 41 73 70 69 72 69 6E 67 20 48 75 6E 74 73 6D 61 6E 1E 00 49 6E 76 65 73 74 65 64 20 31 36 30 2C 30 30 30 20 74 61 73 6B 73 20 70 6F 69 6E 74 73 2E 01 00 48 15 00 43 6F 6D 70 65 74 65 6E 74 20 42 65 61 73 74 73 6C 61 79 65 72 1E 00 49 6E 76 65 73 74 65 64 20 33 32 30 2C 30 30 30 20 74 61 73 6B 73 20 70 6F 69 6E 74 73 2E 01 00 49 13 00 46 65 61 72 65 64 20 42 6F 75 6E 74 79 68 75 6E 74 65 72 1E 00 49 6E 76 65 73 74 65 64 20 34 33 30 2C 30 30 30 20 74 61 73 6B 73 20 70 6F 69 6E 74 73 2E 01 00 4A 16 00 44 65 64 69 63 61 74 65 64 20 45 6E 74 72 65 70 72 65 6E 65 75 72 22 00 45 78 70 6C 6F 72 65 64 20 35 30 25 20 6F 66 20 61 6C 6C 20 74 68 65 20 6D 61 70 20 61 72 65 61 73 2E 00 00 4B 0C 00 47 6C 6F 62 65 74 72 6F 74 74 65 72 17 00 45 78 70 6C 6F 72 65 64 20 61 6C 6C 20 6D 61 70 20 61 72 65 61 73 2E 00 00 4C 0C 00 47 75 69 6C 64 20 4C 65 61 64 65 72 10 00 4C 65 61 64 69 6E 67 20 61 20 47 75 69 6C 64 2E 00 00 4D 14 00 50 72 6F 63 6F 6E 73 75 6C 20 6F 66 20 49 6B 73 75 70 61 6E 6F 00 4F 6E 6C 79 20 61 20 74 72 75 65 20 64 65 76 6F 74 65 65 20 74 6F 20 74 68 65 20 63 61 75 73 65 20 6F 66 20 74 68 65 20 61 6E 63 69 65 6E 74 20 49 6B 73 20 61 6E 64 20 74 68 65 69 72 20 6C 6F 73 74 20 6C 65 67 61 63 79 20 6D 61 79 20 73 74 65 70 20 75 70 20 74 6F 20 74 68 65 20 72 61 6E 6B 20 6F 66 20 70 72 6F 63 6F 6E 73 75 6C 2E 01 00 4E 14 00 41 64 6D 69 72 65 72 20 6F 66 20 74 68 65 20 43 72 6F 77 6E 20 00 41 64 6A 75 73 74 20 79 6F 75 72 20 63 72 6F 77 6E 20 61 6E 64 20 68 61 6E 64 6C 65 20 69 74 2E 01 00 4F 0B 00 42 69 67 20 53 70 65 6E 64 65 72 20 00 55 6E 6C 6F 63 6B 65 64 20 74 68 65 20 66 75 6C 6C 20 47 6F 6C 64 65 6E 20 4F 75 74 66 69 74 2E 01 00 50 15 00 43 68 61 6C 6C 65 6E 67 65 72 20 6F 66 20 74 68 65 20 49 6B 73 48 00 43 68 61 6C 6C 65 6E 67 65 64 20 41 68 61 75 2C 20 67 75 61 72 64 69 61 6E 20 6F 66 20 49 6B 73 75 70 61 6E 2C 20 69 6E 20 74 72 61 64 69 74 69 6F 6E 61 6C 20 49 6B 73 20 77 61 72 72 69 6F 72 20 61 74 74 69 72 65 2E 01 00 51 17 00 52 6F 79 61 6C 20 42 6F 75 6E 61 63 65 61 6E 20 41 64 76 69 73 6F 72 3B 00 43 61 6C 6C 65 64 20 74 6F 20 74 68 65 20 63 6F 75 72 74 20 6F 66 20 42 6F 75 6E 61 63 20 62 79 20 4B 65 73 61 72 20 74 68 65 20 59 6F 75 6E 67 65 72 20 68 69 6D 73 65 6C 66 2E 01 00 52 08 00 41 65 74 65 72 6E 61 6C 51 00 41 77 61 72 64 65 64 20 65 78 63 6C 75 73 69 76 65 6C 79 20 74 6F 20 73 74 61 6C 77 61 72 74 20 68 65 72 6F 65 73 20 6B 65 65 70 69 6E 67 20 74 68 65 20 66 61 69 74 68 20 75 6E 64 65 72 20 61 6C 6C 20 63 69 72 63 75 6D 73 74 61 6E 63 65 73 2E 01 00 53 0F 00 52 6F 62 69 6E 73 6F 6E 20 43 72 75 73 6F 65 75 00 53 6F 6D 65 20 64 69 73 63 6F 76 65 72 69 65 73 20 61 72 65 20 72 65 73 65 72 76 65 64 20 74 6F 20 6F 6E 6C 79 20 74 68 65 20 6D 6F 73 74 20 65 78 70 65 72 69 65 6E 63 65 64 20 61 64 76 65 6E 74 75 72 65 72 73 2E 20 55 6E 74 69 6C 20 74 68 65 20 6E 65 78 74 20 66 72 6F 6E 74 69 65 72 20 6F 70 65 6E 73 20 6F 6E 20 74 68 65 20 68 6F 72 69 7A 6F 6E 2E 01 00 54 0C 00 43 68 6F 6D 70 6D 65 69 73 74 65 72 56 00 41 77 61 72 64 65 64 20 6F 6E 6C 79 20 74 6F 20 74 72 75 65 20 63 6F 6E 6E 6F 69 73 73 65 75 72 73 20 75 6E 64 65 72 74 61 6B 69 6E 67 20 65 76 65 6E 20 74 68 65 20 6D 6F 73 74 20 65 78 6F 74 69 63 20 63 75 6C 69 6E 61 72 79 20 65 73 63 61 70 61 64 65 73 2E 01 00 55 0F 00 42 72 69 6E 67 65 72 20 6F 66 20 52 61 69 6E 3A 00 46 6F 72 67 69 6E 67 20 74 68 72 6F 75 67 68 20 62 61 74 74 6C 65 20 61 66 74 65 72 20 62 61 74 74 6C 65 20 6C 69 6B 65 20 61 20 74 72 75 65 20 67 6C 61 64 69 61 74 6F 72 2E 01 00 56 07 00 42 65 61 73 74 6C 79 29 00 52 65 61 63 68 65 64 20 32 30 30 30 20 63 68 61 72 6D 20 70 6F 69 6E 74 73 2E 20 51 75 69 74 65 20 62 65 61 73 74 6C 79 21 01 00 57 0F 00 4D 69 64 6E 69 67 68 74 20 48 75 6E 74 65 72 42 00 57 68 65 6E 20 74 68 65 20 68 75 6E 74 65 72 20 62 65 63 6F 6D 65 73 20 74 68 65 20 68 75 6E 74 65 64 2C 20 70 65 72 73 65 76 65 72 61 6E 63 65 20 64 65 63 69 64 65 73 20 74 68 65 20 67 61 6D 65 2E 01 00 58 09 00 52 61 74 69 6E 61 74 6F 72 5B 00 4B 69 6C 6C 69 6E 67 20 73 6F 6D 65 20 73 6E 61 72 6B 79 20 63 61 76 65 20 72 61 74 73 20 69 73 20 68 65 6C 70 66 75 6C 2C 20 6B 69 6C 6C 69 6E 67 20 6F 76 65 72 20 74 65 6E 20 74 68 6F 75 73 61 6E 64 20 6F 66 20 74 68 65 6D 20 69 73 20 61 20 73 74 61 74 65 6D 65 6E 74 2E 01 00 59 10 00 44 6F 6F 6D 73 64 61 79 20 4E 65 6D 65 73 69 73 3A 00 41 77 61 72 64 65 64 20 66 6F 72 20 67 72 65 61 74 20 68 65 6C 70 20 69 6E 20 74 68 65 20 62 61 74 74 6C 65 20 61 67 61 69 6E 73 74 20 47 61 7A 27 68 61 72 61 67 6F 74 68 2E 01 00 5A 0E 00 48 65 72 6F 20 6F 66 20 42 6F 75 6E 61 63 6A 00 59 6F 75 20 70 72 65 76 61 69 6C 65 64 20 64 75 72 69 6E 67 20 74 68 65 20 62 61 74 74 6C 65 20 6F 66 20 42 6F 75 6E 61 63 20 61 6E 64 20 62 72 6F 6B 65 20 74 68 65 20 73 69 65 67 65 20 74 68 61 74 20 68 65 6C 64 20 42 6F 75 6E 61 63 27 73 20 70 65 6F 70 6C 65 20 69 6E 20 69 74 73 20 66 69 72 6D 20 67 72 61 73 70 2E 01 00 5B 0D 00 4B 69 6E 67 20 6F 66 20 44 65 6D 6F 6E 1A 00 44 65 66 65 61 74 20 4D 6F 72 73 68 61 62 61 61 6C 20 35 20 74 69 6D 65 73 2E 01 00 5C 0A 00 50 6C 61 6E 65 67 61 7A 65 72 32 00 46 6F 6C 6C 6F 77 65 64 20 74 68 65 20 74 72 61 69 6C 20 6F 66 20 74 68 65 20 50 6C 61 6E 65 73 74 72 69 64 65 72 20 74 6F 20 74 68 65 20 65 6E 64 2E 01 00 5D 0E 00 54 69 6D 65 20 54 72 61 76 65 6C 6C 65 72 1A 00 41 6E 79 77 68 65 72 65 20 69 6E 20 74 69 6D 65 20 6F 72 20 73 70 61 63 65 2E 01 00 5E 0A 00 54 72 75 6C 79 20 42 6F 73 73 19 00 52 65 61 63 68 20 31 35 2C 30 30 30 20 62 6F 73 73 20 70 6F 69 6E 74 73 2E 01 00 5F 10 00 50 65 6E 73 69 76 65 20 57 61 6E 64 65 72 65 72 6A 00 59 6F 75 20 68 61 76 65 20 68 6F 6E 6F 75 72 65 64 20 74 68 65 20 4D 65 72 75 64 72 69 20 62 79 20 76 69 73 69 74 69 6E 67 20 61 6C 6C 20 6F 66 20 74 68 65 69 72 20 73 68 72 69 6E 65 73 20 61 6E 64 20 63 6F 6D 70 6C 65 74 69 6E 67 20 74 68 65 20 61 6E 63 69 65 6E 74 20 54 68 72 65 65 2D 46 6F 6C 64 20 50 61 74 68 2E 01 00 

LEN=58 TYPE=0
DA 00 00 0D 00 4B 6E 69 67 68 74 20 53 61 6D 70 6C 65 06 00 4B 6E 69 67 68 74 C0 00 83 00 5F 71 27 73 00 00 00 00 00 00 00 00 00 01 0C 00 44 72 61 67 6F 6E 64 6F 75 73 65 72 

LEN=6083 TYPE=11
DA 0B 00 10 5F 01 0C 00 47 6F 6C 64 20 48 6F 61 72 64 65 72 1F 00 45 61 72 6E 65 64 20 61 74 20 6C 65 61 73 74 20 31 2C 30 30 30 2C 30 30 30 20 67 6F 6C 64 2E 00 00 02 10 00 50 6C 61 74 69 6E 75 6D 20 48 6F 61 72 64 65 72 20 00 45 61 72 6E 65 64 20 61 74 20 6C 65 61 73 74 20 31 30 2C 30 30 30 2C 30 30 30 20 67 6F 6C 64 2E 00 00 03 0F 00 43 72 79 73 74 61 6C 20 48 6F 61 72 64 65 72 21 00 45 61 72 6E 65 64 20 61 74 20 6C 65 61 73 74 20 31 30 30 2C 30 30 30 2C 30 30 30 20 67 6F 6C 64 2E 00 00 04 16 00 42 65 61 73 74 73 74 72 69 64 65 72 20 28 47 72 61 64 65 20 31 29 1B 00 55 6E 6C 6F 63 6B 65 64 20 31 30 20 6F 72 20 6D 6F 72 65 20 4D 6F 75 6E 74 73 2E 01 00 05 16 00 42 65 61 73 74 73 74 72 69 64 65 72 20 28 47 72 61 64 65 20 32 29 1B 00 55 6E 6C 6F 63 6B 65 64 20 32 30 20 6F 72 20 6D 6F 72 65 20 4D 6F 75 6E 74 73 2E 01 00 06 16 00 42 65 61 73 74 73 74 72 69 64 65 72 20 28 47 72 61 64 65 20 33 29 1B 00 55 6E 6C 6F 63 6B 65 64 20 33 30 20 6F 72 20 6D 6F 72 65 20 4D 6F 75 6E 74 73 2E 01 00 07 16 00 42 65 61 73 74 73 74 72 69 64 65 72 20 28 47 72 61 64 65 20 34 29 1B 00 55 6E 6C 6F 63 6B 65 64 20 34 30 20 6F 72 20 6D 6F 72 65 20 4D 6F 75 6E 74 73 2E 01 00 08 16 00 42 65 61 73 74 73 74 72 69 64 65 72 20 28 47 72 61 64 65 20 35 29 1B 00 55 6E 6C 6F 63 6B 65 64 20 35 30 20 6F 72 20 6D 6F 72 65 20 4D 6F 75 6E 74 73 2E 01 00 09 1A 00 54 69 62 69 61 27 73 20 54 6F 70 6D 6F 64 65 6C 20 28 47 72 61 64 65 20 31 29 1C 00 55 6E 6C 6F 63 6B 65 64 20 31 30 20 6F 72 20 6D 6F 72 65 20 4F 75 74 66 69 74 73 2E 01 00 0A 1A 00 54 69 62 69 61 27 73 20 54 6F 70 6D 6F 64 65 6C 20 28 47 72 61 64 65 20 32 29 1C 00 55 6E 6C 6F 63 6B 65 64 20 32 30 20 6F 72 20 6D 6F 72 65 20 4F 75 74 66 69 74 73 2E 01 00 0B 1A 00 54 69 62 69 61 27 73 20 54 6F 70 6D 6F 64 65 6C 20 28 47 72 61 64 65 20 33 29 1C 00 55 6E 6C 6F 63 6B 65 64 20 33 30 20 6F 72 20 6D 6F 72 65 20 4F 75 74 66 69 74 73 2E 01 00 0C 1A 00 54 69 62 69 61 27 73 20 54 6F 70 6D 6F 64 65 6C 20 28 47 72 61 64 65 20 34 29 1C 00 55 6E 6C 6F 63 6B 65 64 20 34 30 20 6F 72 20 6D 6F 72 65 20 4F 75 74 66 69 74 73 2E 01 00 0D 1A 00 54 69 62 69 61 27 73 20 54 6F 70 6D 6F 64 65 6C 20 28 47 72 61 64 65 20 35 29 1C 00 55 6E 6C 6F 63 6B 65 64 20 35 30 20 6F 72 20 6D 6F 72 65 20 4F 75 74 66 69 74 73 2E 01 00 0E 0C 00 54 72 6F 6C 6C 74 72 61 73 68 65 72 11 00 52 65 61 63 68 65 64 20 6C 65 76 65 6C 20 35 30 2E 00 01 0F 0D 00 43 79 63 6C 6F 70 73 63 61 6D 70 65 72 12 00 52 65 61 63 68 65 64 20 6C 65 76 65 6C 20 31 30 30 2E 00 01 10 0C 00 44 72 61 67 6F 6E 64 6F 75 73 65 72 12 00 52 65 61 63 68 65 64 20 6C 65 76 65 6C 20 32 30 30 2E 00 01 11 09 00 44 65 6D 6F 6E 64 6F 6F 6D 12 00 52 65 61 63 68 65 64 20 6C 65 76 65 6C 20 33 30 30 2E 00 00 12 0A 00 44 72 61 6B 65 6E 62 61 6E 65 12 00 52 65 61 63 68 65 64 20 6C 65 76 65 6C 20 34 30 30 2E 00 00 13 08 00 53 69 6C 65 6E 63 65 72 12 00 52 65 61 63 68 65 64 20 6C 65 76 65 6C 20 35 30 30 2E 00 00 14 07 00 45 78 61 6C 74 65 64 13 00 52 65 61 63 68 65 64 20 6C 65 76 65 6C 20 31 30 30 30 2E 00 00 15 0D 00 41 70 65 78 20 50 72 65 64 61 74 6F 72 23 00 48 69 67 68 65 73 74 20 4C 65 76 65 6C 20 6F 6E 20 63 68 61 72 61 63 74 65 72 27 73 20 77 6F 72 6C 64 2E 00 01 16 08 00 42 69 67 20 42 6F 73 73 3E 00 48 69 67 68 65 73 74 20 73 63 6F 72 65 20 6F 66 20 61 63 63 75 6D 75 6C 61 74 65 64 20 62 6F 73 73 20 70 6F 69 6E 74 73 20 6F 6E 20 63 68 61 72 61 63 74 65 72 27 73 20 77 6F 72 6C 64 2E 00 00 17 12 00 4A 61 63 6B 20 6F 66 20 61 6C 6C 20 54 61 69 6E 74 73 47 00 48 69 67 68 65 73 74 20 73 63 6F 72 65 20 66 6F 72 20 6B 69 6C 6C 69 6E 67 20 47 6F 73 68 6E 61 72 20 61 6E 64 20 68 69 73 20 61 73 70 65 63 74 73 20 6F 6E 20 63 68 61 72 61 63 74 65 72 27 73 20 77 6F 72 6C 64 2E 00 00 18 11 00 4C 65 67 65 6E 64 20 6F 66 20 46 69 73 68 69 6E 67 2B 00 48 69 67 68 65 73 74 20 66 69 73 68 69 6E 67 20 6C 65 76 65 6C 20 6F 6E 20 63 68 61 72 61 63 74 65 72 27 73 20 77 6F 72 6C 64 2E 00 00 19 0F 00 4C 65 67 65 6E 64 20 6F 66 20 4D 61 67 69 63 29 00 48 69 67 68 65 73 74 20 6D 61 67 69 63 20 6C 65 76 65 6C 20 6F 6E 20 63 68 61 72 61 63 74 65 72 27 73 20 77 6F 72 6C 64 2E 00 00 1A 16 00 4C 65 67 65 6E 64 20 6F 66 20 4D 61 72 6B 73 6D 61 6E 73 68 69 70 2C 00 48 69 67 68 65 73 74 20 64 69 73 74 61 6E 63 65 20 6C 65 76 65 6C 20 6F 6E 20 63 68 61 72 61 63 74 65 72 27 73 20 77 6F 72 6C 64 2E 00 00 1B 11 00 4C 65 67 65 6E 64 20 6F 66 20 74 68 65 20 41 78 65 27 00 48 69 67 68 65 73 74 20 61 78 65 20 6C 65 76 65 6C 20 6F 6E 20 63 68 61 72 61 63 74 65 72 27 73 20 77 6F 72 6C 64 2E 00 00 1C 12 00 4C 65 67 65 6E 64 20 6F 66 20 74 68 65 20 43 6C 75 62 28 00 48 69 67 68 65 73 74 20 63 6C 75 62 20 6C 65 76 65 6C 20 6F 6E 20 63 68 61 72 61 63 74 65 72 27 73 20 77 6F 72 6C 64 2E 00 00 1D 12 00 4C 65 67 65 6E 64 20 6F 66 20 74 68 65 20 46 69 73 74 28 00 48 69 67 68 65 73 74 20 66 69 73 74 20 6C 65 76 65 6C 20 6F 6E 20 63 68 61 72 61 63 74 65 72 27 73 20 77 6F 72 6C 64 2E 00 00 1E 14 00 4C 65 67 65 6E 64 20 6F 66 20 74 68 65 20 53 68 69 65 6C 64 2D 00 48 69 67 68 65 73 74 20 73 68 69 65 6C 64 69 6E 67 20 6C 65 76 65 6C 20 6F 6E 20 63 68 61 72 61 63 74 65 72 27 73 20 77 6F 72 6C 64 2E 00 01 1F 13 00 4C 65 67 65 6E 64 20 6F 66 20 74 68 65 20 53 77 6F 72 64 29 00 48 69 67 68 65 73 74 20 73 77 6F 72 64 20 6C 65 76 65 6C 20 6F 6E 20 63 68 61 72 61 63 74 65 72 27 73 20 77 6F 72 6C 64 2E 00 00 20 0F 00 50 72 69 6E 63 65 20 43 68 61 72 6D 69 6E 67 3F 00 48 69 67 68 65 73 74 20 73 63 6F 72 65 20 6F 66 20 61 63 63 75 6D 75 6C 61 74 65 64 20 63 68 61 72 6D 20 70 6F 69 6E 74 73 20 6F 6E 20 63 68 61 72 61 63 74 65 72 27 73 20 77 6F 72 6C 64 2E 00 00 21 17 00 52 65 69 67 6E 69 6E 67 20 44 72 6F 6D 65 20 43 68 61 6D 70 69 6F 6E 39 00 46 69 6E 69 73 68 65 64 20 6D 6F 73 74 20 72 65 63 65 6E 74 20 54 69 62 69 61 64 72 6F 6D 65 20 72 6F 74 61 20 72 61 6E 6B 65 64 20 69 6E 20 74 68 65 20 74 6F 70 20 35 2E 00 00 22 0A 00 42 69 70 65 64 61 6E 74 69 63 27 00 55 6E 6C 6F 63 6B 65 64 20 41 6C 6C 20 48 75 6D 61 6E 6F 69 64 20 42 65 73 74 69 61 72 79 20 65 6E 74 72 69 65 73 2E 00 00 23 11 00 42 6C 6F 6F 64 20 4D 6F 6F 6E 20 48 75 6E 74 65 72 2A 00 55 6E 6C 6F 63 6B 65 64 20 41 6C 6C 20 4C 79 63 61 6E 74 68 72 6F 70 65 20 42 65 73 74 69 61 72 79 20 65 6E 74 72 69 65 73 2E 00 00 24 0B 00 43 6F 6C 64 62 6C 6F 6F 64 65 64 27 00 55 6E 6C 6F 63 6B 65 64 20 41 6C 6C 20 41 6D 70 68 69 62 69 63 20 42 65 73 74 69 61 72 79 20 65 6E 74 72 69 65 73 2E 00 00 25 10 00 44 65 61 74 68 20 66 72 6F 6D 20 42 65 6C 6F 77 23 00 55 6E 6C 6F 63 6B 65 64 20 61 6C 6C 20 42 69 72 64 20 42 65 73 74 69 61 72 79 20 65 6E 74 72 69 65 73 2E 00 00 26 09 00 44 65 6D 6F 6E 61 74 6F 72 24 00 55 6E 6C 6F 63 6B 65 64 20 61 6C 6C 20 44 65 6D 6F 6E 20 42 65 73 74 69 61 72 79 20 65 6E 74 72 69 65 73 2E 00 00 27 0C 00 44 72 61 67 6F 6E 73 6C 61 79 65 72 25 00 55 6E 6C 6F 63 6B 65 64 20 61 6C 6C 20 44 72 61 67 6F 6E 20 42 65 73 74 69 61 72 79 20 65 6E 74 72 69 65 73 2E 00 00 28 0C 00 45 6C 65 6D 65 6E 74 61 6C 69 73 74 28 00 55 6E 6C 6F 63 6B 65 64 20 61 6C 6C 20 45 6C 65 6D 65 6E 74 61 6C 20 42 65 73 74 69 61 72 79 20 65 6E 74 72 69 65 73 2E 00 00 29 0C 00 45 78 74 65 72 6D 69 6E 61 74 6F 72 25 00 55 6E 6C 6F 63 6B 65 64 20 61 6C 6C 20 56 65 72 6D 69 6E 20 42 65 73 74 69 61 72 79 20 65 6E 74 72 69 65 73 2E 00 00 2A 0B 00 46 65 79 20 53 77 61 74 74 65 72 22 00 55 6E 6C 6F 63 6B 65 64 20 61 6C 6C 20 46 65 79 20 42 65 73 74 69 61 72 79 20 65 6E 74 72 69 65 73 2E 00 00 2B 0B 00 47 68 6F 73 74 68 75 6E 74 65 72 25 00 55 6E 6C 6F 63 6B 65 64 20 61 6C 6C 20 55 6E 64 65 61 64 20 42 65 73 74 69 61 72 79 20 65 6E 74 72 69 65 73 2E 00 00 2C 08 00 48 61 6E 64 79 6D 61 6E 28 00 55 6E 6C 6F 63 6B 65 64 20 61 6C 6C 20 43 6F 6E 73 74 72 75 63 74 20 42 65 73 74 69 61 72 79 20 65 6E 74 72 69 65 73 2E 00 00 2D 08 00 48 75 6E 74 73 6D 61 6E 25 00 55 6E 6C 6F 63 6B 65 64 20 61 6C 6C 20 4D 61 6D 6D 61 6C 20 42 65 73 74 69 61 72 79 20 65 6E 74 72 69 65 73 2E 00 00 2E 1A 00 49 6E 74 65 72 64 69 6D 65 6E 73 69 6F 6E 61 6C 20 44 65 73 74 72 6F 79 65 72 30 00 55 6E 6C 6F 63 6B 65 64 20 61 6C 6C 20 45 78 74 72 61 20 44 69 6D 65 6E 73 69 6F 6E 61 6C 20 42 65 73 74 69 61 72 79 20 65 6E 74 72 69 65 73 2E 00 00 2F 09 00 4D 61 6E 68 75 6E 74 65 72 24 00 55 6E 6C 6F 63 6B 65 64 20 61 6C 6C 20 48 75 6D 61 6E 20 42 65 73 74 69 61 72 79 20 65 6E 74 72 69 65 73 2E 00 00 30 12 00 4D 61 73 74 65 72 20 6F 66 20 49 6C 6C 75 73 69 6F 6E 26 00 55 6E 6C 6F 63 6B 65 64 20 61 6C 6C 20 4D 61 67 69 63 61 6C 20 42 65 73 74 69 61 72 79 20 65 6E 74 72 69 65 73 2E 00 00 31 0A 00 4F 6F 7A 65 20 42 6C 75 65 73 24 00 55 6E 6C 6F 63 6B 65 64 20 61 6C 6C 20 53 6C 69 6D 65 20 42 65 73 74 69 61 72 79 20 65 6E 74 72 69 65 73 2E 00 00 32 08 00 53 65 61 20 42 61 6E 65 26 00 55 6E 6C 6F 63 6B 65 64 20 61 6C 6C 20 41 71 75 61 74 69 63 20 42 65 73 74 69 61 72 79 20 65 6E 74 72 69 65 73 2E 00 00 33 0D 00 53 6E 61 6B 65 20 43 68 61 72 6D 65 72 26 00 55 6E 6C 6F 63 6B 65 64 20 61 6C 6C 20 52 65 70 74 69 6C 65 20 42 65 73 74 69 61 72 79 20 65 6E 74 72 69 65 73 2E 00 00 34 07 00 54 75 6D 62 6C 65 72 24 00 55 6E 6C 6F 63 6B 65 64 20 61 6C 6C 20 47 69 61 6E 74 20 42 65 73 74 69 61 72 79 20 65 6E 74 72 69 65 73 2E 00 00 35 0A 00 57 65 65 64 6B 69 6C 6C 65 72 24 00 55 6E 6C 6F 63 6B 65 64 20 61 6C 6C 20 50 6C 61 6E 74 20 42 65 73 74 69 61 72 79 20 65 6E 74 72 69 65 73 2E 00 00 36 0A 00 49 6E 6B 20 45 72 61 73 65 72 26 00 55 6E 6C 6F 63 6B 65 64 20 61 6C 6C 20 49 6E 6B 62 6F 72 6E 20 42 65 73 74 69 61 72 79 20 65 6E 74 72 69 65 73 2E 00 00 37 0B 00 45 78 65 63 75 74 69 6F 6E 65 72 1E 00 55 6E 6C 6F 63 6B 65 64 20 61 6C 6C 20 42 65 73 74 69 61 72 79 20 65 6E 74 72 69 65 73 2E 00 00 38 10 00 42 6F 73 73 20 41 6E 6E 69 68 69 6C 61 74 6F 72 1C 00 55 6E 6C 6F 63 6B 65 64 20 61 6C 6C 20 4E 65 6D 65 73 69 73 20 62 6F 73 73 65 73 2E 00 00 39 0E 00 42 6F 73 73 20 44 65 73 74 72 6F 79 65 72 23 00 55 6E 6C 6F 63 6B 65 64 20 31 30 20 6F 72 20 6D 6F 72 65 20 41 72 63 68 66 6F 65 20 62 6F 73 73 65 73 2E 01 00 3A 0F 00 42 6F 73 73 20 44 65 76 61 73 74 61 74 6F 72 23 00 55 6E 6C 6F 63 6B 65 64 20 31 30 20 6F 72 20 6D 6F 72 65 20 4E 65 6D 65 73 69 73 20 62 6F 73 73 65 73 2E 01 00 3B 0B 00 42 6F 73 73 20 45 72 61 73 65 72 1C 00 55 6E 6C 6F 63 6B 65 64 20 61 6C 6C 20 41 72 63 68 66 6F 65 20 62 6F 73 73 65 73 2E 00 00 3C 10 00 42 6F 73 73 20 45 78 65 63 75 74 69 6F 6E 65 72 14 00 55 6E 6C 6F 63 6B 65 64 20 61 6C 6C 20 62 6F 73 73 65 73 2E 00 00 3D 0B 00 42 6F 73 73 20 48 75 6E 74 65 72 20 00 55 6E 6C 6F 63 6B 65 64 20 31 30 20 6F 72 20 6D 6F 72 65 20 42 61 6E 65 20 62 6F 73 73 65 73 2E 01 00 3E 10 00 42 6F 73 73 20 4F 62 6C 69 74 65 72 61 74 6F 72 23 00 55 6E 6C 6F 63 6B 65 64 20 34 30 20 6F 72 20 6D 6F 72 65 20 4E 65 6D 65 73 69 73 20 62 6F 73 73 65 73 2E 01 00 3F 0B 00 42 6F 73 73 20 53 6C 61 79 65 72 19 00 55 6E 6C 6F 63 6B 65 64 20 61 6C 6C 20 42 61 6E 65 20 62 6F 73 73 65 73 2E 00 00 40 0B 00 42 6F 73 73 20 53 6D 69 74 65 72 23 00 55 6E 6C 6F 63 6B 65 64 20 34 30 20 6F 72 20 6D 6F 72 65 20 41 72 63 68 66 6F 65 20 62 6F 73 73 65 73 2E 01 00 41 0C 00 42 6F 73 73 20 56 65 74 65 72 61 6E 20 00 55 6E 6C 6F 63 6B 65 64 20 34 30 20 6F 72 20 6D 6F 72 65 20 42 61 6E 65 20 62 6F 73 73 65 73 2E 01 00 42 1B 00 43 72 65 61 74 75 72 65 20 6F 66 20 48 61 62 69 74 20 28 47 72 61 64 65 20 31 29 37 00 52 65 77 61 72 64 20 53 74 72 65 61 6B 20 6F 66 20 61 74 20 6C 65 61 73 74 20 37 20 64 61 79 73 20 6F 66 20 63 6F 6E 73 65 63 75 74 69 76 65 20 6C 6F 67 69 6E 73 2E 01 00 43 1B 00 43 72 65 61 74 75 72 65 20 6F 66 20 48 61 62 69 74 20 28 47 72 61 64 65 20 32 29 38 00 52 65 77 61 72 64 20 53 74 72 65 61 6B 20 6F 66 20 61 74 20 6C 65 61 73 74 20 33 30 20 64 61 79 73 20 6F 66 20 63 6F 6E 73 65 63 75 74 69 76 65 20 6C 6F 67 69 6E 73 2E 01 00 44 1B 00 43 72 65 61 74 75 72 65 20 6F 66 20 48 61 62 69 74 20 28 47 72 61 64 65 20 33 29 38 00 52 65 77 61 72 64 20 53 74 72 65 61 6B 20 6F 66 20 61 74 20 6C 65 61 73 74 20 39 30 20 64 61 79 73 20 6F 66 20 63 6F 6E 73 65 63 75 74 69 76 65 20 6C 6F 67 69 6E 73 2E 01 00 45 1B 00 43 72 65 61 74 75 72 65 20 6F 66 20 48 61 62 69 74 20 28 47 72 61 64 65 20 34 29 39 00 52 65 77 61 72 64 20 53 74 72 65 61 6B 20 6F 66 20 61 74 20 6C 65 61 73 74 20 31 38 30 20 64 61 79 73 20 6F 66 20 63 6F 6E 73 65 63 75 74 69 76 65 20 6C 6F 67 69 6E 73 2E 01 00 46 1B 00 43 72 65 61 74 75 72 65 20 6F 66 20 48 61 62 69 74 20 28 47 72 61 64 65 20 35 29 39 00 52 65 77 61 72 64 20 53 74 72 65 61 6B 20 6F 66 20 61 74 20 6C 65 61 73 74 20 33 36 35 20 64 61 79 73 20 6F 66 20 63 6F 6E 73 65 63 75 74 69 76 65 20 6C 6F 67 69 6E 73 2E 01 00 47 11 00 41 73 70 69 72 69 6E 67 20 48 75 6E 74 73 6D 61 6E 1E 00 49 6E 76 65 73 74 65 64 20 31 36 30 2C 30 30 30 20 74 61 73 6B 73 20 70 6F 69 6E 74 73 2E 01 00 48 15 00 43 6F 6D 70 65 74 65 6E 74 20 42 65 61 73 74 73 6C 61 79 65 72 1E 00 49 6E 76 65 73 74 65 64 20 33 32 30 2C 30 30 30 20 74 61 73 6B 73 20 70 6F 69 6E 74 73 2E 01 00 49 13 00 46 65 61 72 65 64 20 42 6F 75 6E 74 79 68 75 6E 74 65 72 1E 00 49 6E 76 65 73 74 65 64 20 34 33 30 2C 30 30 30 20 74 61 73 6B 73 20 70 6F 69 6E 74 73 2E 01 00 4A 16 00 44 65 64 69 63 61 74 65 64 20 45 6E 74 72 65 70 72 65 6E 65 75 72 22 00 45 78 70 6C 6F 72 65 64 20 35 30 25 20 6F 66 20 61 6C 6C 20 74 68 65 20 6D 61 70 20 61 72 65 61 73 2E 00 00 4B 0C 00 47 6C 6F 62 65 74 72 6F 74 74 65 72 17 00 45 78 70 6C 6F 72 65 64 20 61 6C 6C 20 6D 61 70 20 61 72 65 61 73 2E 00 00 4C 0C 00 47 75 69 6C 64 20 4C 65 61 64 65 72 10 00 4C 65 61 64 69 6E 67 20 61 20 47 75 69 6C 64 2E 00 00 4D 14 00 50 72 6F 63 6F 6E 73 75 6C 20 6F 66 20 49 6B 73 75 70 61 6E 6F 00 4F 6E 6C 79 20 61 20 74 72 75 65 20 64 65 76 6F 74 65 65 20 74 6F 20 74 68 65 20 63 61 75 73 65 20 6F 66 20 74 68 65 20 61 6E 63 69 65 6E 74 20 49 6B 73 20 61 6E 64 20 74 68 65 69 72 20 6C 6F 73 74 20 6C 65 67 61 63 79 20 6D 61 79 20 73 74 65 70 20 75 70 20 74 6F 20 74 68 65 20 72 61 6E 6B 20 6F 66 20 70 72 6F 63 6F 6E 73 75 6C 2E 01 00 4E 14 00 41 64 6D 69 72 65 72 20 6F 66 20 74 68 65 20 43 72 6F 77 6E 20 00 41 64 6A 75 73 74 20 79 6F 75 72 20 63 72 6F 77 6E 20 61 6E 64 20 68 61 6E 64 6C 65 20 69 74 2E 01 00 4F 0B 00 42 69 67 20 53 70 65 6E 64 65 72 20 00 55 6E 6C 6F 63 6B 65 64 20 74 68 65 20 66 75 6C 6C 20 47 6F 6C 64 65 6E 20 4F 75 74 66 69 74 2E 01 00 50 15 00 43 68 61 6C 6C 65 6E 67 65 72 20 6F 66 20 74 68 65 20 49 6B 73 48 00 43 68 61 6C 6C 65 6E 67 65 64 20 41 68 61 75 2C 20 67 75 61 72 64 69 61 6E 20 6F 66 20 49 6B 73 75 70 61 6E 2C 20 69 6E 20 74 72 61 64 69 74 69 6F 6E 61 6C 20 49 6B 73 20 77 61 72 72 69 6F 72 20 61 74 74 69 72 65 2E 01 00 51 17 00 52 6F 79 61 6C 20 42 6F 75 6E 61 63 65 61 6E 20 41 64 76 69 73 6F 72 3B 00 43 61 6C 6C 65 64 20 74 6F 20 74 68 65 20 63 6F 75 72 74 20 6F 66 20 42 6F 75 6E 61 63 20 62 79 20 4B 65 73 61 72 20 74 68 65 20 59 6F 75 6E 67 65 72 20 68 69 6D 73 65 6C 66 2E 01 00 52 08 00 41 65 74 65 72 6E 61 6C 51 00 41 77 61 72 64 65 64 20 65 78 63 6C 75 73 69 76 65 6C 79 20 74 6F 20 73 74 61 6C 77 61 72 74 20 68 65 72 6F 65 73 20 6B 65 65 70 69 6E 67 20 74 68 65 20 66 61 69 74 68 20 75 6E 64 65 72 20 61 6C 6C 20 63 69 72 63 75 6D 73 74 61 6E 63 65 73 2E 01 00 53 0F 00 52 6F 62 69 6E 73 6F 6E 20 43 72 75 73 6F 65 75 00 53 6F 6D 65 20 64 69 73 63 6F 76 65 72 69 65 73 20 61 72 65 20 72 65 73 65 72 76 65 64 20 74 6F 20 6F 6E 6C 79 20 74 68 65 20 6D 6F 73 74 20 65 78 70 65 72 69 65 6E 63 65 64 20 61 64 76 65 6E 74 75 72 65 72 73 2E 20 55 6E 74 69 6C 20 74 68 65 20 6E 65 78 74 20 66 72 6F 6E 74 69 65 72 20 6F 70 65 6E 73 20 6F 6E 20 74 68 65 20 68 6F 72 69 7A 6F 6E 2E 01 00 54 0C 00 43 68 6F 6D 70 6D 65 69 73 74 65 72 56 00 41 77 61 72 64 65 64 20 6F 6E 6C 79 20 74 6F 20 74 72 75 65 20 63 6F 6E 6E 6F 69 73 73 65 75 72 73 20 75 6E 64 65 72 74 61 6B 69 6E 67 20 65 76 65 6E 20 74 68 65 20 6D 6F 73 74 20 65 78 6F 74 69 63 20 63 75 6C 69 6E 61 72 79 20 65 73 63 61 70 61 64 65 73 2E 01 00 55 0F 00 42 72 69 6E 67 65 72 20 6F 66 20 52 61 69 6E 3A 00 46 6F 72 67 69 6E 67 20 74 68 72 6F 75 67 68 20 62 61 74 74 6C 65 20 61 66 74 65 72 20 62 61 74 74 6C 65 20 6C 69 6B 65 20 61 20 74 72 75 65 20 67 6C 61 64 69 61 74 6F 72 2E 01 00 56 07 00 42 65 61 73 74 6C 79 29 00 52 65 61 63 68 65 64 20 32 30 30 30 20 63 68 61 72 6D 20 70 6F 69 6E 74 73 2E 20 51 75 69 74 65 20 62 65 61 73 74 6C 79 21 01 00 57 0F 00 4D 69 64 6E 69 67 68 74 20 48 75 6E 74 65 72 42 00 57 68 65 6E 20 74 68 65 20 68 75 6E 74 65 72 20 62 65 63 6F 6D 65 73 20 74 68 65 20 68 75 6E 74 65 64 2C 20 70 65 72 73 65 76 65 72 61 6E 63 65 20 64 65 63 69 64 65 73 20 74 68 65 20 67 61 6D 65 2E 01 00 58 09 00 52 61 74 69 6E 61 74 6F 72 5B 00 4B 69 6C 6C 69 6E 67 20 73 6F 6D 65 20 73 6E 61 72 6B 79 20 63 61 76 65 20 72 61 74 73 20 69 73 20 68 65 6C 70 66 75 6C 2C 20 6B 69 6C 6C 69 6E 67 20 6F 76 65 72 20 74 65 6E 20 74 68 6F 75 73 61 6E 64 20 6F 66 20 74 68 65 6D 20 69 73 20 61 20 73 74 61 74 65 6D 65 6E 74 2E 01 00 59 10 00 44 6F 6F 6D 73 64 61 79 20 4E 65 6D 65 73 69 73 3A 00 41 77 61 72 64 65 64 20 66 6F 72 20 67 72 65 61 74 20 68 65 6C 70 20 69 6E 20 74 68 65 20 62 61 74 74 6C 65 20 61 67 61 69 6E 73 74 20 47 61 7A 27 68 61 72 61 67 6F 74 68 2E 01 00 5A 0E 00 48 65 72 6F 20 6F 66 20 42 6F 75 6E 61 63 6A 00 59 6F 75 20 70 72 65 76 61 69 6C 65 64 20 64 75 72 69 6E 67 20 74 68 65 20 62 61 74 74 6C 65 20 6F 66 20 42 6F 75 6E 61 63 20 61 6E 64 20 62 72 6F 6B 65 20 74 68 65 20 73 69 65 67 65 20 74 68 61 74 20 68 65 6C 64 20 42 6F 75 6E 61 63 27 73 20 70 65 6F 70 6C 65 20 69 6E 20 69 74 73 20 66 69 72 6D 20 67 72 61 73 70 2E 01 00 5B 0D 00 4B 69 6E 67 20 6F 66 20 44 65 6D 6F 6E 1A 00 44 65 66 65 61 74 20 4D 6F 72 73 68 61 62 61 61 6C 20 35 20 74 69 6D 65 73 2E 01 00 5C 0A 00 50 6C 61 6E 65 67 61 7A 65 72 32 00 46 6F 6C 6C 6F 77 65 64 20 74 68 65 20 74 72 61 69 6C 20 6F 66 20 74 68 65 20 50 6C 61 6E 65 73 74 72 69 64 65 72 20 74 6F 20 74 68 65 20 65 6E 64 2E 01 00 5D 0E 00 54 69 6D 65 20 54 72 61 76 65 6C 6C 65 72 1A 00 41 6E 79 77 68 65 72 65 20 69 6E 20 74 69 6D 65 20 6F 72 20 73 70 61 63 65 2E 01 00 5E 0A 00 54 72 75 6C 79 20 42 6F 73 73 19 00 52 65 61 63 68 20 31 35 2C 30 30 30 20 62 6F 73 73 20 70 6F 69 6E 74 73 2E 01 00 5F 10 00 50 65 6E 73 69 76 65 20 57 61 6E 64 65 72 65 72 6A 00 59 6F 75 20 68 61 76 65 20 68 6F 6E 6F 75 72 65 64 20 74 68 65 20 4D 65 72 75 64 72 69 20 62 79 20 76 69 73 69 74 69 6E 67 20 61 6C 6C 20 6F 66 20 74 68 65 69 72 20 73 68 72 69 6E 65 73 20 61 6E 64 20 63 6F 6D 70 6C 65 74 69 6E 67 20 74 68 65 20 61 6E 63 69 65 6E 74 20 54 68 72 65 65 2D 46 6F 6C 64 20 50 61 74 68 2E 01 00 

LEN=46 TYPE=0
DA 00 00 0D 00 4B 6E 69 67 68 74 20 53 61 6D 70 6C 65 06 00 4B 6E 69 67 68 74 C0 00 83 00 5F 71 27 73 00 00 00 00 00 00 00 00 00 01 00 00 

LEN=6083 TYPE=11
DA 0B 00 00 5F 01 0C 00 47 6F 6C 64 20 48 6F 61 72 64 65 72 1F 00 45 61 72 6E 65 64 20 61 74 20 6C 65 61 73 74 20 31 2C 30 30 30 2C 30 30 30 20 67 6F 6C 64 2E 00 00 02 10 00 50 6C 61 74 69 6E 75 6D 20 48 6F 61 72 64 65 72 20 00 45 61 72 6E 65 64 20 61 74 20 6C 65 61 73 74 20 31 30 2C 30 30 30 2C 30 30 30 20 67 6F 6C 64 2E 00 00 03 0F 00 43 72 79 73 74 61 6C 20 48 6F 61 72 64 65 72 21 00 45 61 72 6E 65 64 20 61 74 20 6C 65 61 73 74 20 31 30 30 2C 30 30 30 2C 30 30 30 20 67 6F 6C 64 2E 00 00 04 16 00 42 65 61 73 74 73 74 72 69 64 65 72 20 28 47 72 61 64 65 20 31 29 1B 00 55 6E 6C 6F 63 6B 65 64 20 31 30 20 6F 72 20 6D 6F 72 65 20 4D 6F 75 6E 74 73 2E 01 00 05 16 00 42 65 61 73 74 73 74 72 69 64 65 72 20 28 47 72 61 64 65 20 32 29 1B 00 55 6E 6C 6F 63 6B 65 64 20 32 30 20 6F 72 20 6D 6F 72 65 20 4D 6F 75 6E 74 73 2E 01 00 06 16 00 42 65 61 73 74 73 74 72 69 64 65 72 20 28 47 72 61 64 65 20 33 29 1B 00 55 6E 6C 6F 63 6B 65 64 20 33 30 20 6F 72 20 6D 6F 72 65 20 4D 6F 75 6E 74 73 2E 01 00 07 16 00 42 65 61 73 74 73 74 72 69 64 65 72 20 28 47 72 61 64 65 20 34 29 1B 00 55 6E 6C 6F 63 6B 65 64 20 34 30 20 6F 72 20 6D 6F 72 65 20 4D 6F 75 6E 74 73 2E 01 00 08 16 00 42 65 61 73 74 73 74 72 69 64 65 72 20 28 47 72 61 64 65 20 35 29 1B 00 55 6E 6C 6F 63 6B 65 64 20 35 30 20 6F 72 20 6D 6F 72 65 20 4D 6F 75 6E 74 73 2E 01 00 09 1A 00 54 69 62 69 61 27 73 20 54 6F 70 6D 6F 64 65 6C 20 28 47 72 61 64 65 20 31 29 1C 00 55 6E 6C 6F 63 6B 65 64 20 31 30 20 6F 72 20 6D 6F 72 65 20 4F 75 74 66 69 74 73 2E 01 00 0A 1A 00 54 69 62 69 61 27 73 20 54 6F 70 6D 6F 64 65 6C 20 28 47 72 61 64 65 20 32 29 1C 00 55 6E 6C 6F 63 6B 65 64 20 32 30 20 6F 72 20 6D 6F 72 65 20 4F 75 74 66 69 74 73 2E 01 00 0B 1A 00 54 69 62 69 61 27 73 20 54 6F 70 6D 6F 64 65 6C 20 28 47 72 61 64 65 20 33 29 1C 00 55 6E 6C 6F 63 6B 65 64 20 33 30 20 6F 72 20 6D 6F 72 65 20 4F 75 74 66 69 74 73 2E 01 00 0C 1A 00 54 69 62 69 61 27 73 20 54 6F 70 6D 6F 64 65 6C 20 28 47 72 61 64 65 20 34 29 1C 00 55 6E 6C 6F 63 6B 65 64 20 34 30 20 6F 72 20 6D 6F 72 65 20 4F 75 74 66 69 74 73 2E 01 00 0D 1A 00 54 69 62 69 61 27 73 20 54 6F 70 6D 6F 64 65 6C 20 28 47 72 61 64 65 20 35 29 1C 00 55 6E 6C 6F 63 6B 65 64 20 35 30 20 6F 72 20 6D 6F 72 65 20 4F 75 74 66 69 74 73 2E 01 00 0E 0C 00 54 72 6F 6C 6C 74 72 61 73 68 65 72 11 00 52 65 61 63 68 65 64 20 6C 65 76 65 6C 20 35 30 2E 00 01 0F 0D 00 43 79 63 6C 6F 70 73 63 61 6D 70 65 72 12 00 52 65 61 63 68 65 64 20 6C 65 76 65 6C 20 31 30 30 2E 00 01 10 0C 00 44 72 61 67 6F 6E 64 6F 75 73 65 72 12 00 52 65 61 63 68 65 64 20 6C 65 76 65 6C 20 32 30 30 2E 00 01 11 09 00 44 65 6D 6F 6E 64 6F 6F 6D 12 00 52 65 61 63 68 65 64 20 6C 65 76 65 6C 20 33 30 30 2E 00 00 12 0A 00 44 72 61 6B 65 6E 62 61 6E 65 12 00 52 65 61 63 68 65 64 20 6C 65 76 65 6C 20 34 30 30 2E 00 00 13 08 00 53 69 6C 65 6E 63 65 72 12 00 52 65 61 63 68 65 64 20 6C 65 76 65 6C 20 35 30 30 2E 00 00 14 07 00 45 78 61 6C 74 65 64 13 00 52 65 61 63 68 65 64 20 6C 65 76 65 6C 20 31 30 30 30 2E 00 00 15 0D 00 41 70 65 78 20 50 72 65 64 61 74 6F 72 23 00 48 69 67 68 65 73 74 20 4C 65 76 65 6C 20 6F 6E 20 63 68 61 72 61 63 74 65 72 27 73 20 77 6F 72 6C 64 2E 00 01 16 08 00 42 69 67 20 42 6F 73 73 3E 00 48 69 67 68 65 73 74 20 73 63 6F 72 65 20 6F 66 20 61 63 63 75 6D 75 6C 61 74 65 64 20 62 6F 73 73 20 70 6F 69 6E 74 73 20 6F 6E 20 63 68 61 72 61 63 74 65 72 27 73 20 77 6F 72 6C 64 2E 00 00 17 12 00 4A 61 63 6B 20 6F 66 20 61 6C 6C 20 54 61 69 6E 74 73 47 00 48 69 67 68 65 73 74 20 73 63 6F 72 65 20 66 6F 72 20 6B 69 6C 6C 69 6E 67 20 47 6F 73 68 6E 61 72 20 61 6E 64 20 68 69 73 20 61 73 70 65 63 74 73 20 6F 6E 20 63 68 61 72 61 63 74 65 72 27 73 20 77 6F 72 6C 64 2E 00 00 18 11 00 4C 65 67 65 6E 64 20 6F 66 20 46 69 73 68 69 6E 67 2B 00 48 69 67 68 65 73 74 20 66 69 73 68 69 6E 67 20 6C 65 76 65 6C 20 6F 6E 20 63 68 61 72 61 63 74 65 72 27 73 20 77 6F 72 6C 64 2E 00 00 19 0F 00 4C 65 67 65 6E 64 20 6F 66 20 4D 61 67 69 63 29 00 48 69 67 68 65 73 74 20 6D 61 67 69 63 20 6C 65 76 65 6C 20 6F 6E 20 63 68 61 72 61 63 74 65 72 27 73 20 77 6F 72 6C 64 2E 00 00 1A 16 00 4C 65 67 65 6E 64 20 6F 66 20 4D 61 72 6B 73 6D 61 6E 73 68 69 70 2C 00 48 69 67 68 65 73 74 20 64 69 73 74 61 6E 63 65 20 6C 65 76 65 6C 20 6F 6E 20 63 68 61 72 61 63 74 65 72 27 73 20 77 6F 72 6C 64 2E 00 00 1B 11 00 4C 65 67 65 6E 64 20 6F 66 20 74 68 65 20 41 78 65 27 00 48 69 67 68 65 73 74 20 61 78 65 20 6C 65 76 65 6C 20 6F 6E 20 63 68 61 72 61 63 74 65 72 27 73 20 77 6F 72 6C 64 2E 00 00 1C 12 00 4C 65 67 65 6E 64 20 6F 66 20 74 68 65 20 43 6C 75 62 28 00 48 69 67 68 65 73 74 20 63 6C 75 62 20 6C 65 76 65 6C 20 6F 6E 20 63 68 61 72 61 63 74 65 72 27 73 20 77 6F 72 6C 64 2E 00 00 1D 12 00 4C 65 67 65 6E 64 20 6F 66 20 74 68 65 20 46 69 73 74 28 00 48 69 67 68 65 73 74 20 66 69 73 74 20 6C 65 76 65 6C 20 6F 6E 20 63 68 61 72 61 63 74 65 72 27 73 20 77 6F 72 6C 64 2E 00 00 1E 14 00 4C 65 67 65 6E 64 20 6F 66 20 74 68 65 20 53 68 69 65 6C 64 2D 00 48 69 67 68 65 73 74 20 73 68 69 65 6C 64 69 6E 67 20 6C 65 76 65 6C 20 6F 6E 20 63 68 61 72 61 63 74 65 72 27 73 20 77 6F 72 6C 64 2E 00 01 1F 13 00 4C 65 67 65 6E 64 20 6F 66 20 74 68 65 20 53 77 6F 72 64 29 00 48 69 67 68 65 73 74 20 73 77 6F 72 64 20 6C 65 76 65 6C 20 6F 6E 20 63 68 61 72 61 63 74 65 72 27 73 20 77 6F 72 6C 64 2E 00 00 20 0F 00 50 72 69 6E 63 65 20 43 68 61 72 6D 69 6E 67 3F 00 48 69 67 68 65 73 74 20 73 63 6F 72 65 20 6F 66 20 61 63 63 75 6D 75 6C 61 74 65 64 20 63 68 61 72 6D 20 70 6F 69 6E 74 73 20 6F 6E 20 63 68 61 72 61 63 74 65 72 27 73 20 77 6F 72 6C 64 2E 00 00 21 17 00 52 65 69 67 6E 69 6E 67 20 44 72 6F 6D 65 20 43 68 61 6D 70 69 6F 6E 39 00 46 69 6E 69 73 68 65 64 20 6D 6F 73 74 20 72 65 63 65 6E 74 20 54 69 62 69 61 64 72 6F 6D 65 20 72 6F 74 61 20 72 61 6E 6B 65 64 20 69 6E 20 74 68 65 20 74 6F 70 20 35 2E 00 00 22 0A 00 42 69 70 65 64 61 6E 74 69 63 27 00 55 6E 6C 6F 63 6B 65 64 20 41 6C 6C 20 48 75 6D 61 6E 6F 69 64 20 42 65 73 74 69 61 72 79 20 65 6E 74 72 69 65 73 2E 00 00 23 11 00 42 6C 6F 6F 64 20 4D 6F 6F 6E 20 48 75 6E 74 65 72 2A 00 55 6E 6C 6F 63 6B 65 64 20 41 6C 6C 20 4C 79 63 61 6E 74 68 72 6F 70 65 20 42 65 73 74 69 61 72 79 20 65 6E 74 72 69 65 73 2E 00 00 24 0B 00 43 6F 6C 64 62 6C 6F 6F 64 65 64 27 00 55 6E 6C 6F 63 6B 65 64 20 41 6C 6C 20 41 6D 70 68 69 62 69 63 20 42 65 73 74 69 61 72 79 20 65 6E 74 72 69 65 73 2E 00 00 25 10 00 44 65 61 74 68 20 66 72 6F 6D 20 42 65 6C 6F 77 23 00 55 6E 6C 6F 63 6B 65 64 20 61 6C 6C 20 42 69 72 64 20 42 65 73 74 69 61 72 79 20 65 6E 74 72 69 65 73 2E 00 00 26 09 00 44 65 6D 6F 6E 61 74 6F 72 24 00 55 6E 6C 6F 63 6B 65 64 20 61 6C 6C 20 44 65 6D 6F 6E 20 42 65 73 74 69 61 72 79 20 65 6E 74 72 69 65 73 2E 00 00 27 0C 00 44 72 61 67 6F 6E 73 6C 61 79 65 72 25 00 55 6E 6C 6F 63 6B 65 64 20 61 6C 6C 20 44 72 61 67 6F 6E 20 42 65 73 74 69 61 72 79 20 65 6E 74 72 69 65 73 2E 00 00 28 0C 00 45 6C 65 6D 65 6E 74 61 6C 69 73 74 28 00 55 6E 6C 6F 63 6B 65 64 20 61 6C 6C 20 45 6C 65 6D 65 6E 74 61 6C 20 42 65 73 74 69 61 72 79 20 65 6E 74 72 69 65 73 2E 00 00 29 0C 00 45 78 74 65 72 6D 69 6E 61 74 6F 72 25 00 55 6E 6C 6F 63 6B 65 64 20 61 6C 6C 20 56 65 72 6D 69 6E 20 42 65 73 74 69 61 72 79 20 65 6E 74 72 69 65 73 2E 00 00 2A 0B 00 46 65 79 20 53 77 61 74 74 65 72 22 00 55 6E 6C 6F 63 6B 65 64 20 61 6C 6C 20 46 65 79 20 42 65 73 74 69 61 72 79 20 65 6E 74 72 69 65 73 2E 00 00 2B 0B 00 47 68 6F 73 74 68 75 6E 74 65 72 25 00 55 6E 6C 6F 63 6B 65 64 20 61 6C 6C 20 55 6E 64 65 61 64 20 42 65 73 74 69 61 72 79 20 65 6E 74 72 69 65 73 2E 00 00 2C 08 00 48 61 6E 64 79 6D 61 6E 28 00 55 6E 6C 6F 63 6B 65 64 20 61 6C 6C 20 43 6F 6E 73 74 72 75 63 74 20 42 65 73 74 69 61 72 79 20 65 6E 74 72 69 65 73 2E 00 00 2D 08 00 48 75 6E 74 73 6D 61 6E 25 00 55 6E 6C 6F 63 6B 65 64 20 61 6C 6C 20 4D 61 6D 6D 61 6C 20 42 65 73 74 69 61 72 79 20 65 6E 74 72 69 65 73 2E 00 00 2E 1A 00 49 6E 74 65 72 64 69 6D 65 6E 73 69 6F 6E 61 6C 20 44 65 73 74 72 6F 79 65 72 30 00 55 6E 6C 6F 63 6B 65 64 20 61 6C 6C 20 45 78 74 72 61 20 44 69 6D 65 6E 73 69 6F 6E 61 6C 20 42 65 73 74 69 61 72 79 20 65 6E 74 72 69 65 73 2E 00 00 2F 09 00 4D 61 6E 68 75 6E 74 65 72 24 00 55 6E 6C 6F 63 6B 65 64 20 61 6C 6C 20 48 75 6D 61 6E 20 42 65 73 74 69 61 72 79 20 65 6E 74 72 69 65 73 2E 00 00 30 12 00 4D 61 73 74 65 72 20 6F 66 20 49 6C 6C 75 73 69 6F 6E 26 00 55 6E 6C 6F 63 6B 65 64 20 61 6C 6C 20 4D 61 67 69 63 61 6C 20 42 65 73 74 69 61 72 79 20 65 6E 74 72 69 65 73 2E 00 00 31 0A 00 4F 6F 7A 65 20 42 6C 75 65 73 24 00 55 6E 6C 6F 63 6B 65 64 20 61 6C 6C 20 53 6C 69 6D 65 20 42 65 73 74 69 61 72 79 20 65 6E 74 72 69 65 73 2E 00 00 32 08 00 53 65 61 20 42 61 6E 65 26 00 55 6E 6C 6F 63 6B 65 64 20 61 6C 6C 20 41 71 75 61 74 69 63 20 42 65 73 74 69 61 72 79 20 65 6E 74 72 69 65 73 2E 00 00 33 0D 00 53 6E 61 6B 65 20 43 68 61 72 6D 65 72 26 00 55 6E 6C 6F 63 6B 65 64 20 61 6C 6C 20 52 65 70 74 69 6C 65 20 42 65 73 74 69 61 72 79 20 65 6E 74 72 69 65 73 2E 00 00 34 07 00 54 75 6D 62 6C 65 72 24 00 55 6E 6C 6F 63 6B 65 64 20 61 6C 6C 20 47 69 61 6E 74 20 42 65 73 74 69 61 72 79 20 65 6E 74 72 69 65 73 2E 00 00 35 0A 00 57 65 65 64 6B 69 6C 6C 65 72 24 00 55 6E 6C 6F 63 6B 65 64 20 61 6C 6C 20 50 6C 61 6E 74 20 42 65 73 74 69 61 72 79 20 65 6E 74 72 69 65 73 2E 00 00 36 0A 00 49 6E 6B 20 45 72 61 73 65 72 26 00 55 6E 6C 6F 63 6B 65 64 20 61 6C 6C 20 49 6E 6B 62 6F 72 6E 20 42 65 73 74 69 61 72 79 20 65 6E 74 72 69 65 73 2E 00 00 37 0B 00 45 78 65 63 75 74 69 6F 6E 65 72 1E 00 55 6E 6C 6F 63 6B 65 64 20 61 6C 6C 20 42 65 73 74 69 61 72 79 20 65 6E 74 72 69 65 73 2E 00 00 38 10 00 42 6F 73 73 20 41 6E 6E 69 68 69 6C 61 74 6F 72 1C 00 55 6E 6C 6F 63 6B 65 64 20 61 6C 6C 20 4E 65 6D 65 73 69 73 20 62 6F 73 73 65 73 2E 00 00 39 0E 00 42 6F 73 73 20 44 65 73 74 72 6F 79 65 72 23 00 55 6E 6C 6F 63 6B 65 64 20 31 30 20 6F 72 20 6D 6F 72 65 20 41 72 63 68 66 6F 65 20 62 6F 73 73 65 73 2E 01 00 3A 0F 00 42 6F 73 73 20 44 65 76 61 73 74 61 74 6F 72 23 00 55 6E 6C 6F 63 6B 65 64 20 31 30 20 6F 72 20 6D 6F 72 65 20 4E 65 6D 65 73 69 73 20 62 6F 73 73 65 73 2E 01 00 3B 0B 00 42 6F 73 73 20 45 72 61 73 65 72 1C 00 55 6E 6C 6F 63 6B 65 64 20 61 6C 6C 20 41 72 63 68 66 6F 65 20 62 6F 73 73 65 73 2E 00 00 3C 10 00 42 6F 73 73 20 45 78 65 63 75 74 69 6F 6E 65 72 14 00 55 6E 6C 6F 63 6B 65 64 20 61 6C 6C 20 62 6F 73 73 65 73 2E 00 00 3D 0B 00 42 6F 73 73 20 48 75 6E 74 65 72 20 00 55 6E 6C 6F 63 6B 65 64 20 31 30 20 6F 72 20 6D 6F 72 65 20 42 61 6E 65 20 62 6F 73 73 65 73 2E 01 00 3E 10 00 42 6F 73 73 20 4F 62 6C 69 74 65 72 61 74 6F 72 23 00 55 6E 6C 6F 63 6B 65 64 20 34 30 20 6F 72 20 6D 6F 72 65 20 4E 65 6D 65 73 69 73 20 62 6F 73 73 65 73 2E 01 00 3F 0B 00 42 6F 73 73 20 53 6C 61 79 65 72 19 00 55 6E 6C 6F 63 6B 65 64 20 61 6C 6C 20 42 61 6E 65 20 62 6F 73 73 65 73 2E 00 00 40 0B 00 42 6F 73 73 20 53 6D 69 74 65 72 23 00 55 6E 6C 6F 63 6B 65 64 20 34 30 20 6F 72 20 6D 6F 72 65 20 41 72 63 68 66 6F 65 20 62 6F 73 73 65 73 2E 01 00 41 0C 00 42 6F 73 73 20 56 65 74 65 72 61 6E 20 00 55 6E 6C 6F 63 6B 65 64 20 34 30 20 6F 72 20 6D 6F 72 65 20 42 61 6E 65 20 62 6F 73 73 65 73 2E 01 00 42 1B 00 43 72 65 61 74 75 72 65 20 6F 66 20 48 61 62 69 74 20 28 47 72 61 64 65 20 31 29 37 00 52 65 77 61 72 64 20 53 74 72 65 61 6B 20 6F 66 20 61 74 20 6C 65 61 73 74 20 37 20 64 61 79 73 20 6F 66 20 63 6F 6E 73 65 63 75 74 69 76 65 20 6C 6F 67 69 6E 73 2E 01 00 43 1B 00 43 72 65 61 74 75 72 65 20 6F 66 20 48 61 62 69 74 20 28 47 72 61 64 65 20 32 29 38 00 52 65 77 61 72 64 20 53 74 72 65 61 6B 20 6F 66 20 61 74 20 6C 65 61 73 74 20 33 30 20 64 61 79 73 20 6F 66 20 63 6F 6E 73 65 63 75 74 69 76 65 20 6C 6F 67 69 6E 73 2E 01 00 44 1B 00 43 72 65 61 74 75 72 65 20 6F 66 20 48 61 62 69 74 20 28 47 72 61 64 65 20 33 29 38 00 52 65 77 61 72 64 20 53 74 72 65 61 6B 20 6F 66 20 61 74 20 6C 65 61 73 74 20 39 30 20 64 61 79 73 20 6F 66 20 63 6F 6E 73 65 63 75 74 69 76 65 20 6C 6F 67 69 6E 73 2E 01 00 45 1B 00 43 72 65 61 74 75 72 65 20 6F 66 20 48 61 62 69 74 20 28 47 72 61 64 65 20 34 29 39 00 52 65 77 61 72 64 20 53 74 72 65 61 6B 20 6F 66 20 61 74 20 6C 65 61 73 74 20 31 38 30 20 64 61 79 73 20 6F 66 20 63 6F 6E 73 65 63 75 74 69 76 65 20 6C 6F 67 69 6E 73 2E 01 00 46 1B 00 43 72 65 61 74 75 72 65 20 6F 66 20 48 61 62 69 74 20 28 47 72 61 64 65 20 35 29 39 00 52 65 77 61 72 64 20 53 74 72 65 61 6B 20 6F 66 20 61 74 20 6C 65 61 73 74 20 33 36 35 20 64 61 79 73 20 6F 66 20 63 6F 6E 73 65 63 75 74 69 76 65 20 6C 6F 67 69 6E 73 2E 01 00 47 11 00 41 73 70 69 72 69 6E 67 20 48 75 6E 74 73 6D 61 6E 1E 00 49 6E 76 65 73 74 65 64 20 31 36 30 2C 30 30 30 20 74 61 73 6B 73 20 70 6F 69 6E 74 73 2E 01 00 48 15 00 43 6F 6D 70 65 74 65 6E 74 20 42 65 61 73 74 73 6C 61 79 65 72 1E 00 49 6E 76 65 73 74 65 64 20 33 32 30 2C 30 30 30 20 74 61 73 6B 73 20 70 6F 69 6E 74 73 2E 01 00 49 13 00 46 65 61 72 65 64 20 42 6F 75 6E 74 79 68 75 6E 74 65 72 1E 00 49 6E 76 65 73 74 65 64 20 34 33 30 2C 30 30 30 20 74 61 73 6B 73 20 70 6F 69 6E 74 73 2E 01 00 4A 16 00 44 65 64 69 63 61 74 65 64 20 45 6E 74 72 65 70 72 65 6E 65 75 72 22 00 45 78 70 6C 6F 72 65 64 20 35 30 25 20 6F 66 20 61 6C 6C 20 74 68 65 20 6D 61 70 20 61 72 65 61 73 2E 00 00 4B 0C 00 47 6C 6F 62 65 74 72 6F 74 74 65 72 17 00 45 78 70 6C 6F 72 65 64 20 61 6C 6C 20 6D 61 70 20 61 72 65 61 73 2E 00 00 4C 0C 00 47 75 69 6C 64 20 4C 65 61 64 65 72 10 00 4C 65 61 64 69 6E 67 20 61 20 47 75 69 6C 64 2E 00 00 4D 14 00 50 72 6F 63 6F 6E 73 75 6C 20 6F 66 20 49 6B 73 75 70 61 6E 6F 00 4F 6E 6C 79 20 61 20 74 72 75 65 20 64 65 76 6F 74 65 65 20 74 6F 20 74 68 65 20 63 61 75 73 65 20 6F 66 20 74 68 65 20 61 6E 63 69 65 6E 74 20 49 6B 73 20 61 6E 64 20 74 68 65 69 72 20 6C 6F 73 74 20 6C 65 67 61 63 79 20 6D 61 79 20 73 74 65 70 20 75 70 20 74 6F 20 74 68 65 20 72 61 6E 6B 20 6F 66 20 70 72 6F 63 6F 6E 73 75 6C 2E 01 00 4E 14 00 41 64 6D 69 72 65 72 20 6F 66 20 74 68 65 20 43 72 6F 77 6E 20 00 41 64 6A 75 73 74 20 79 6F 75 72 20 63 72 6F 77 6E 20 61 6E 64 20 68 61 6E 64 6C 65 20 69 74 2E 01 00 4F 0B 00 42 69 67 20 53 70 65 6E 64 65 72 20 00 55 6E 6C 6F 63 6B 65 64 20 74 68 65 20 66 75 6C 6C 20 47 6F 6C 64 65 6E 20 4F 75 74 66 69 74 2E 01 00 50 15 00 43 68 61 6C 6C 65 6E 67 65 72 20 6F 66 20 74 68 65 20 49 6B 73 48 00 43 68 61 6C 6C 65 6E 67 65 64 20 41 68 61 75 2C 20 67 75 61 72 64 69 61 6E 20 6F 66 20 49 6B 73 75 70 61 6E 2C 20 69 6E 20 74 72 61 64 69 74 69 6F 6E 61 6C 20 49 6B 73 20 77 61 72 72 69 6F 72 20 61 74 74 69 72 65 2E 01 00 51 17 00 52 6F 79 61 6C 20 42 6F 75 6E 61 63 65 61 6E 20 41 64 76 69 73 6F 72 3B 00 43 61 6C 6C 65 64 20 74 6F 20 74 68 65 20 63 6F 75 72 74 20 6F 66 20 42 6F 75 6E 61 63 20 62 79 20 4B 65 73 61 72 20 74 68 65 20 59 6F 75 6E 67 65 72 20 68 69 6D 73 65 6C 66 2E 01 00 52 08 00 41 65 74 65 72 6E 61 6C 51 00 41 77 61 72 64 65 64 20 65 78 63 6C 75 73 69 76 65 6C 79 20 74 6F 20 73 74 61 6C 77 61 72 74 20 68 65 72 6F 65 73 20 6B 65 65 70 69 6E 67 20 74 68 65 20 66 61 69 74 68 20 75 6E 64 65 72 20 61 6C 6C 20 63 69 72 63 75 6D 73 74 61 6E 63 65 73 2E 01 00 53 0F 00 52 6F 62 69 6E 73 6F 6E 20 43 72 75 73 6F 65 75 00 53 6F 6D 65 20 64 69 73 63 6F 76 65 72 69 65 73 20 61 72 65 20 72 65 73 65 72 76 65 64 20 74 6F 20 6F 6E 6C 79 20 74 68 65 20 6D 6F 73 74 20 65 78 70 65 72 69 65 6E 63 65 64 20 61 64 76 65 6E 74 75 72 65 72 73 2E 20 55 6E 74 69 6C 20 74 68 65 20 6E 65 78 74 20 66 72 6F 6E 74 69 65 72 20 6F 70 65 6E 73 20 6F 6E 20 74 68 65 20 68 6F 72 69 7A 6F 6E 2E 01 00 54 0C 00 43 68 6F 6D 70 6D 65 69 73 74 65 72 56 00 41 77 61 72 64 65 64 20 6F 6E 6C 79 20 74 6F 20 74 72 75 65 20 63 6F 6E 6E 6F 69 73 73 65 75 72 73 20 75 6E 64 65 72 74 61 6B 69 6E 67 20 65 76 65 6E 20 74 68 65 20 6D 6F 73 74 20 65 78 6F 74 69 63 20 63 75 6C 69 6E 61 72 79 20 65 73 63 61 70 61 64 65 73 2E 01 00 55 0F 00 42 72 69 6E 67 65 72 20 6F 66 20 52 61 69 6E 3A 00 46 6F 72 67 69 6E 67 20 74 68 72 6F 75 67 68 20 62 61 74 74 6C 65 20 61 66 74 65 72 20 62 61 74 74 6C 65 20 6C 69 6B 65 20 61 20 74 72 75 65 20 67 6C 61 64 69 61 74 6F 72 2E 01 00 56 07 00 42 65 61 73 74 6C 79 29 00 52 65 61 63 68 65 64 20 32 30 30 30 20 63 68 61 72 6D 20 70 6F 69 6E 74 73 2E 20 51 75 69 74 65 20 62 65 61 73 74 6C 79 21 01 00 57 0F 00 4D 69 64 6E 69 67 68 74 20 48 75 6E 74 65 72 42 00 57 68 65 6E 20 74 68 65 20 68 75 6E 74 65 72 20 62 65 63 6F 6D 65 73 20 74 68 65 20 68 75 6E 74 65 64 2C 20 70 65 72 73 65 76 65 72 61 6E 63 65 20 64 65 63 69 64 65 73 20 74 68 65 20 67 61 6D 65 2E 01 00 58 09 00 52 61 74 69 6E 61 74 6F 72 5B 00 4B 69 6C 6C 69 6E 67 20 73 6F 6D 65 20 73 6E 61 72 6B 79 20 63 61 76 65 20 72 61 74 73 20 69 73 20 68 65 6C 70 66 75 6C 2C 20 6B 69 6C 6C 69 6E 67 20 6F 76 65 72 20 74 65 6E 20 74 68 6F 75 73 61 6E 64 20 6F 66 20 74 68 65 6D 20 69 73 20 61 20 73 74 61 74 65 6D 65 6E 74 2E 01 00 59 10 00 44 6F 6F 6D 73 64 61 79 20 4E 65 6D 65 73 69 73 3A 00 41 77 61 72 64 65 64 20 66 6F 72 20 67 72 65 61 74 20 68 65 6C 70 20 69 6E 20 74 68 65 20 62 61 74 74 6C 65 20 61 67 61 69 6E 73 74 20 47 61 7A 27 68 61 72 61 67 6F 74 68 2E 01 00 5A 0E 00 48 65 72 6F 20 6F 66 20 42 6F 75 6E 61 63 6A 00 59 6F 75 20 70 72 65 76 61 69 6C 65 64 20 64 75 72 69 6E 67 20 74 68 65 20 62 61 74 74 6C 65 20 6F 66 20 42 6F 75 6E 61 63 20 61 6E 64 20 62 72 6F 6B 65 20 74 68 65 20 73 69 65 67 65 20 74 68 61 74 20 68 65 6C 64 20 42 6F 75 6E 61 63 27 73 20 70 65 6F 70 6C 65 20 69 6E 20 69 74 73 20 66 69 72 6D 20 67 72 61 73 70 2E 01 00 5B 0D 00 4B 69 6E 67 20 6F 66 20 44 65 6D 6F 6E 1A 00 44 65 66 65 61 74 20 4D 6F 72 73 68 61 62 61 61 6C 20 35 20 74 69 6D 65 73 2E 01 00 5C 0A 00 50 6C 61 6E 65 67 61 7A 65 72 32 00 46 6F 6C 6C 6F 77 65 64 20 74 68 65 20 74 72 61 69 6C 20 6F 66 20 74 68 65 20 50 6C 61 6E 65 73 74 72 69 64 65 72 20 74 6F 20 74 68 65 20 65 6E 64 2E 01 00 5D 0E 00 54 69 6D 65 20 54 72 61 76 65 6C 6C 65 72 1A 00 41 6E 79 77 68 65 72 65 20 69 6E 20 74 69 6D 65 20 6F 72 20 73 70 61 63 65 2E 01 00 5E 0A 00 54 72 75 6C 79 20 42 6F 73 73 19 00 52 65 61 63 68 20 31 35 2C 30 30 30 20 62 6F 73 73 20 70 6F 69 6E 74 73 2E 01 00 5F 10 00 50 65 6E 73 69 76 65 20 57 61 6E 64 65 72 65 72 6A 00 59 6F 75 20 68 61 76 65 20 68 6F 6E 6F 75 72 65 64 20 74 68 65 20 4D 65 72 75 64 72 69 20 62 79 20 76 69 73 69 74 69 6E 67 20 61 6C 6C 20 6F 66 20 74 68 65 69 72 20 73 68 72 69 6E 65 73 20 61 6E 64 20 63 6F 6D 70 6C 65 74 69 6E 67 20 74 68 65 20 61 6E 63 69 65 6E 74 20 54 68 72 65 65 2D 46 6F 6C 64 20 50 61 74 68 2E 01 00 

LEN=6083 TYPE=11
DA 0B 00 00 5F 01 0C 00 47 6F 6C 64 20 48 6F 61 72 64 65 72 1F 00 45 61 72 6E 65 64 20 61 74 20 6C 65 61 73 74 20 31 2C 30 30 30 2C 30 30 30 20 67 6F 6C 64 2E 00 00 02 10 00 50 6C 61 74 69 6E 75 6D 20 48 6F 61 72 64 65 72 20 00 45 61 72 6E 65 64 20 61 74 20 6C 65 61 73 74 20 31 30 2C 30 30 30 2C 30 30 30 20 67 6F 6C 64 2E 00 00 03 0F 00 43 72 79 73 74 61 6C 20 48 6F 61 72 64 65 72 21 00 45 61 72 6E 65 64 20 61 74 20 6C 65 61 73 74 20 31 30 30 2C 30 30 30 2C 30 30 30 20 67 6F 6C 64 2E 00 00 04 16 00 42 65 61 73 74 73 74 72 69 64 65 72 20 28 47 72 61 64 65 20 31 29 1B 00 55 6E 6C 6F 63 6B 65 64 20 31 30 20 6F 72 20 6D 6F 72 65 20 4D 6F 75 6E 74 73 2E 01 00 05 16 00 42 65 61 73 74 73 74 72 69 64 65 72 20 28 47 72 61 64 65 20 32 29 1B 00 55 6E 6C 6F 63 6B 65 64 20 32 30 20 6F 72 20 6D 6F 72 65 20 4D 6F 75 6E 74 73 2E 01 00 06 16 00 42 65 61 73 74 73 74 72 69 64 65 72 20 28 47 72 61 64 65 20 33 29 1B 00 55 6E 6C 6F 63 6B 65 64 20 33 30 20 6F 72 20 6D 6F 72 65 20 4D 6F 75 6E 74 73 2E 01 00 07 16 00 42 65 61 73 74 73 74 72 69 64 65 72 20 28 47 72 61 64 65 20 34 29 1B 00 55 6E 6C 6F 63 6B 65 64 20 34 30 20 6F 72 20 6D 6F 72 65 20 4D 6F 75 6E 74 73 2E 01 00 08 16 00 42 65 61 73 74 73 74 72 69 64 65 72 20 28 47 72 61 64 65 20 35 29 1B 00 55 6E 6C 6F 63 6B 65 64 20 35 30 20 6F 72 20 6D 6F 72 65 20 4D 6F 75 6E 74 73 2E 01 00 09 1A 00 54 69 62 69 61 27 73 20 54 6F 70 6D 6F 64 65 6C 20 28 47 72 61 64 65 20 31 29 1C 00 55 6E 6C 6F 63 6B 65 64 20 31 30 20 6F 72 20 6D 6F 72 65 20 4F 75 74 66 69 74 73 2E 01 00 0A 1A 00 54 69 62 69 61 27 73 20 54 6F 70 6D 6F 64 65 6C 20 28 47 72 61 64 65 20 32 29 1C 00 55 6E 6C 6F 63 6B 65 64 20 32 30 20 6F 72 20 6D 6F 72 65 20 4F 75 74 66 69 74 73 2E 01 00 0B 1A 00 54 69 62 69 61 27 73 20 54 6F 70 6D 6F 64 65 6C 20 28 47 72 61 64 65 20 33 29 1C 00 55 6E 6C 6F 63 6B 65 64 20 33 30 20 6F 72 20 6D 6F 72 65 20 4F 75 74 66 69 74 73 2E 01 00 0C 1A 00 54 69 62 69 61 27 73 20 54 6F 70 6D 6F 64 65 6C 20 28 47 72 61 64 65 20 34 29 1C 00 55 6E 6C 6F 63 6B 65 64 20 34 30 20 6F 72 20 6D 6F 72 65 20 4F 75 74 66 69 74 73 2E 01 00 0D 1A 00 54 69 62 69 61 27 73 20 54 6F 70 6D 6F 64 65 6C 20 28 47 72 61 64 65 20 35 29 1C 00 55 6E 6C 6F 63 6B 65 64 20 35 30 20 6F 72 20 6D 6F 72 65 20 4F 75 74 66 69 74 73 2E 01 00 0E 0C 00 54 72 6F 6C 6C 74 72 61 73 68 65 72 11 00 52 65 61 63 68 65 64 20 6C 65 76 65 6C 20 35 30 2E 00 01 0F 0D 00 43 79 63 6C 6F 70 73 63 61 6D 70 65 72 12 00 52 65 61 63 68 65 64 20 6C 65 76 65 6C 20 31 30 30 2E 00 01 10 0C 00 44 72 61 67 6F 6E 64 6F 75 73 65 72 12 00 52 65 61 63 68 65 64 20 6C 65 76 65 6C 20 32 30 30 2E 00 01 11 09 00 44 65 6D 6F 6E 64 6F 6F 6D 12 00 52 65 61 63 68 65 64 20 6C 65 76 65 6C 20 33 30 30 2E 00 00 12 0A 00 44 72 61 6B 65 6E 62 61 6E 65 12 00 52 65 61 63 68 65 64 20 6C 65 76 65 6C 20 34 30 30 2E 00 00 13 08 00 53 69 6C 65 6E 63 65 72 12 00 52 65 61 63 68 65 64 20 6C 65 76 65 6C 20 35 30 30 2E 00 00 14 07 00 45 78 61 6C 74 65 64 13 00 52 65 61 63 68 65 64 20 6C 65 76 65 6C 20 31 30 30 30 2E 00 00 15 0D 00 41 70 65 78 20 50 72 65 64 61 74 6F 72 23 00 48 69 67 68 65 73 74 20 4C 65 76 65 6C 20 6F 6E 20 63 68 61 72 61 63 74 65 72 27 73 20 77 6F 72 6C 64 2E 00 01 16 08 00 42 69 67 20 42 6F 73 73 3E 00 48 69 67 68 65 73 74 20 73 63 6F 72 65 20 6F 66 20 61 63 63 75 6D 75 6C 61 74 65 64 20 62 6F 73 73 20 70 6F 69 6E 74 73 20 6F 6E 20 63 68 61 72 61 63 74 65 72 27 73 20 77 6F 72 6C 64 2E 00 00 17 12 00 4A 61 63 6B 20 6F 66 20 61 6C 6C 20 54 61 69 6E 74 73 47 00 48 69 67 68 65 73 74 20 73 63 6F 72 65 20 66 6F 72 20 6B 69 6C 6C 69 6E 67 20 47 6F 73 68 6E 61 72 20 61 6E 64 20 68 69 73 20 61 73 70 65 63 74 73 20 6F 6E 20 63 68 61 72 61 63 74 65 72 27 73 20 77 6F 72 6C 64 2E 00 00 18 11 00 4C 65 67 65 6E 64 20 6F 66 20 46 69 73 68 69 6E 67 2B 00 48 69 67 68 65 73 74 20 66 69 73 68 69 6E 67 20 6C 65 76 65 6C 20 6F 6E 20 63 68 61 72 61 63 74 65 72 27 73 20 77 6F 72 6C 64 2E 00 00 19 0F 00 4C 65 67 65 6E 64 20 6F 66 20 4D 61 67 69 63 29 00 48 69 67 68 65 73 74 20 6D 61 67 69 63 20 6C 65 76 65 6C 20 6F 6E 20 63 68 61 72 61 63 74 65 72 27 73 20 77 6F 72 6C 64 2E 00 00 1A 16 00 4C 65 67 65 6E 64 20 6F 66 20 4D 61 72 6B 73 6D 61 6E 73 68 69 70 2C 00 48 69 67 68 65 73 74 20 64 69 73 74 61 6E 63 65 20 6C 65 76 65 6C 20 6F 6E 20 63 68 61 72 61 63 74 65 72 27 73 20 77 6F 72 6C 64 2E 00 00 1B 11 00 4C 65 67 65 6E 64 20 6F 66 20 74 68 65 20 41 78 65 27 00 48 69 67 68 65 73 74 20 61 78 65 20 6C 65 76 65 6C 20 6F 6E 20 63 68 61 72 61 63 74 65 72 27 73 20 77 6F 72 6C 64 2E 00 00 1C 12 00 4C 65 67 65 6E 64 20 6F 66 20 74 68 65 20 43 6C 75 62 28 00 48 69 67 68 65 73 74 20 63 6C 75 62 20 6C 65 76 65 6C 20 6F 6E 20 63 68 61 72 61 63 74 65 72 27 73 20 77 6F 72 6C 64 2E 00 00 1D 12 00 4C 65 67 65 6E 64 20 6F 66 20 74 68 65 20 46 69 73 74 28 00 48 69 67 68 65 73 74 20 66 69 73 74 20 6C 65 76 65 6C 20 6F 6E 20 63 68 61 72 61 63 74 65 72 27 73 20 77 6F 72 6C 64 2E 00 00 1E 14 00 4C 65 67 65 6E 64 20 6F 66 20 74 68 65 20 53 68 69 65 6C 64 2D 00 48 69 67 68 65 73 74 20 73 68 69 65 6C 64 69 6E 67 20 6C 65 76 65 6C 20 6F 6E 20 63 68 61 72 61 63 74 65 72 27 73 20 77 6F 72 6C 64 2E 00 01 1F 13 00 4C 65 67 65 6E 64 20 6F 66 20 74 68 65 20 53 77 6F 72 64 29 00 48 69 67 68 65 73 74 20 73 77 6F 72 64 20 6C 65 76 65 6C 20 6F 6E 20 63 68 61 72 61 63 74 65 72 27 73 20 77 6F 72 6C 64 2E 00 00 20 0F 00 50 72 69 6E 63 65 20 43 68 61 72 6D 69 6E 67 3F 00 48 69 67 68 65 73 74 20 73 63 6F 72 65 20 6F 66 20 61 63 63 75 6D 75 6C 61 74 65 64 20 63 68 61 72 6D 20 70 6F 69 6E 74 73 20 6F 6E 20 63 68 61 72 61 63 74 65 72 27 73 20 77 6F 72 6C 64 2E 00 00 21 17 00 52 65 69 67 6E 69 6E 67 20 44 72 6F 6D 65 20 43 68 61 6D 70 69 6F 6E 39 00 46 69 6E 69 73 68 65 64 20 6D 6F 73 74 20 72 65 63 65 6E 74 20 54 69 62 69 61 64 72 6F 6D 65 20 72 6F 74 61 20 72 61 6E 6B 65 64 20 69 6E 20 74 68 65 20 74 6F 70 20 35 2E 00 00 22 0A 00 42 69 70 65 64 61 6E 74 69 63 27 00 55 6E 6C 6F 63 6B 65 64 20 41 6C 6C 20 48 75 6D 61 6E 6F 69 64 20 42 65 73 74 69 61 72 79 20 65 6E 74 72 69 65 73 2E 00 00 23 11 00 42 6C 6F 6F 64 20 4D 6F 6F 6E 20 48 75 6E 74 65 72 2A 00 55 6E 6C 6F 63 6B 65 64 20 41 6C 6C 20 4C 79 63 61 6E 74 68 72 6F 70 65 20 42 65 73 74 69 61 72 79 20 65 6E 74 72 69 65 73 2E 00 00 24 0B 00 43 6F 6C 64 62 6C 6F 6F 64 65 64 27 00 55 6E 6C 6F 63 6B 65 64 20 41 6C 6C 20 41 6D 70 68 69 62 69 63 20 42 65 73 74 69 61 72 79 20 65 6E 74 72 69 65 73 2E 00 00 25 10 00 44 65 61 74 68 20 66 72 6F 6D 20 42 65 6C 6F 77 23 00 55 6E 6C 6F 63 6B 65 64 20 61 6C 6C 20 42 69 72 64 20 42 65 73 74 69 61 72 79 20 65 6E 74 72 69 65 73 2E 00 00 26 09 00 44 65 6D 6F 6E 61 74 6F 72 24 00 55 6E 6C 6F 63 6B 65 64 20 61 6C 6C 20 44 65 6D 6F 6E 20 42 65 73 74 69 61 72 79 20 65 6E 74 72 69 65 73 2E 00 00 27 0C 00 44 72 61 67 6F 6E 73 6C 61 79 65 72 25 00 55 6E 6C 6F 63 6B 65 64 20 61 6C 6C 20 44 72 61 67 6F 6E 20 42 65 73 74 69 61 72 79 20 65 6E 74 72 69 65 73 2E 00 00 28 0C 00 45 6C 65 6D 65 6E 74 61 6C 69 73 74 28 00 55 6E 6C 6F 63 6B 65 64 20 61 6C 6C 20 45 6C 65 6D 65 6E 74 61 6C 20 42 65 73 74 69 61 72 79 20 65 6E 74 72 69 65 73 2E 00 00 29 0C 00 45 78 74 65 72 6D 69 6E 61 74 6F 72 25 00 55 6E 6C 6F 63 6B 65 64 20 61 6C 6C 20 56 65 72 6D 69 6E 20 42 65 73 74 69 61 72 79 20 65 6E 74 72 69 65 73 2E 00 00 2A 0B 00 46 65 79 20 53 77 61 74 74 65 72 22 00 55 6E 6C 6F 63 6B 65 64 20 61 6C 6C 20 46 65 79 20 42 65 73 74 69 61 72 79 20 65 6E 74 72 69 65 73 2E 00 00 2B 0B 00 47 68 6F 73 74 68 75 6E 74 65 72 25 00 55 6E 6C 6F 63 6B 65 64 20 61 6C 6C 20 55 6E 64 65 61 64 20 42 65 73 74 69 61 72 79 20 65 6E 74 72 69 65 73 2E 00 00 2C 08 00 48 61 6E 64 79 6D 61 6E 28 00 55 6E 6C 6F 63 6B 65 64 20 61 6C 6C 20 43 6F 6E 73 74 72 75 63 74 20 42 65 73 74 69 61 72 79 20 65 6E 74 72 69 65 73 2E 00 00 2D 08 00 48 75 6E 74 73 6D 61 6E 25 00 55 6E 6C 6F 63 6B 65 64 20 61 6C 6C 20 4D 61 6D 6D 61 6C 20 42 65 73 74 69 61 72 79 20 65 6E 74 72 69 65 73 2E 00 00 2E 1A 00 49 6E 74 65 72 64 69 6D 65 6E 73 69 6F 6E 61 6C 20 44 65 73 74 72 6F 79 65 72 30 00 55 6E 6C 6F 63 6B 65 64 20 61 6C 6C 20 45 78 74 72 61 20 44 69 6D 65 6E 73 69 6F 6E 61 6C 20 42 65 73 74 69 61 72 79 20 65 6E 74 72 69 65 73 2E 00 00 2F 09 00 4D 61 6E 68 75 6E 74 65 72 24 00 55 6E 6C 6F 63 6B 65 64 20 61 6C 6C 20 48 75 6D 61 6E 20 42 65 73 74 69 61 72 79 20 65 6E 74 72 69 65 73 2E 00 00 30 12 00 4D 61 73 74 65 72 20 6F 66 20 49 6C 6C 75 73 69 6F 6E 26 00 55 6E 6C 6F 63 6B 65 64 20 61 6C 6C 20 4D 61 67 69 63 61 6C 20 42 65 73 74 69 61 72 79 20 65 6E 74 72 69 65 73 2E 00 00 31 0A 00 4F 6F 7A 65 20 42 6C 75 65 73 24 00 55 6E 6C 6F 63 6B 65 64 20 61 6C 6C 20 53 6C 69 6D 65 20 42 65 73 74 69 61 72 79 20 65 6E 74 72 69 65 73 2E 00 00 32 08 00 53 65 61 20 42 61 6E 65 26 00 55 6E 6C 6F 63 6B 65 64 20 61 6C 6C 20 41 71 75 61 74 69 63 20 42 65 73 74 69 61 72 79 20 65 6E 74 72 69 65 73 2E 00 00 33 0D 00 53 6E 61 6B 65 20 43 68 61 72 6D 65 72 26 00 55 6E 6C 6F 63 6B 65 64 20 61 6C 6C 20 52 65 70 74 69 6C 65 20 42 65 73 74 69 61 72 79 20 65 6E 74 72 69 65 73 2E 00 00 34 07 00 54 75 6D 62 6C 65 72 24 00 55 6E 6C 6F 63 6B 65 64 20 61 6C 6C 20 47 69 61 6E 74 20 42 65 73 74 69 61 72 79 20 65 6E 74 72 69 65 73 2E 00 00 35 0A 00 57 65 65 64 6B 69 6C 6C 65 72 24 00 55 6E 6C 6F 63 6B 65 64 20 61 6C 6C 20 50 6C 61 6E 74 20 42 65 73 74 69 61 72 79 20 65 6E 74 72 69 65 73 2E 00 00 36 0A 00 49 6E 6B 20 45 72 61 73 65 72 26 00 55 6E 6C 6F 63 6B 65 64 20 61 6C 6C 20 49 6E 6B 62 6F 72 6E 20 42 65 73 74 69 61 72 79 20 65 6E 74 72 69 65 73 2E 00 00 37 0B 00 45 78 65 63 75 74 69 6F 6E 65 72 1E 00 55 6E 6C 6F 63 6B 65 64 20 61 6C 6C 20 42 65 73 74 69 61 72 79 20 65 6E 74 72 69 65 73 2E 00 00 38 10 00 42 6F 73 73 20 41 6E 6E 69 68 69 6C 61 74 6F 72 1C 00 55 6E 6C 6F 63 6B 65 64 20 61 6C 6C 20 4E 65 6D 65 73 69 73 20 62 6F 73 73 65 73 2E 00 00 39 0E 00 42 6F 73 73 20 44 65 73 74 72 6F 79 65 72 23 00 55 6E 6C 6F 63 6B 65 64 20 31 30 20 6F 72 20 6D 6F 72 65 20 41 72 63 68 66 6F 65 20 62 6F 73 73 65 73 2E 01 00 3A 0F 00 42 6F 73 73 20 44 65 76 61 73 74 61 74 6F 72 23 00 55 6E 6C 6F 63 6B 65 64 20 31 30 20 6F 72 20 6D 6F 72 65 20 4E 65 6D 65 73 69 73 20 62 6F 73 73 65 73 2E 01 00 3B 0B 00 42 6F 73 73 20 45 72 61 73 65 72 1C 00 55 6E 6C 6F 63 6B 65 64 20 61 6C 6C 20 41 72 63 68 66 6F 65 20 62 6F 73 73 65 73 2E 00 00 3C 10 00 42 6F 73 73 20 45 78 65 63 75 74 69 6F 6E 65 72 14 00 55 6E 6C 6F 63 6B 65 64 20 61 6C 6C 20 62 6F 73 73 65 73 2E 00 00 3D 0B 00 42 6F 73 73 20 48 75 6E 74 65 72 20 00 55 6E 6C 6F 63 6B 65 64 20 31 30 20 6F 72 20 6D 6F 72 65 20 42 61 6E 65 20 62 6F 73 73 65 73 2E 01 00 3E 10 00 42 6F 73 73 20 4F 62 6C 69 74 65 72 61 74 6F 72 23 00 55 6E 6C 6F 63 6B 65 64 20 34 30 20 6F 72 20 6D 6F 72 65 20 4E 65 6D 65 73 69 73 20 62 6F 73 73 65 73 2E 01 00 3F 0B 00 42 6F 73 73 20 53 6C 61 79 65 72 19 00 55 6E 6C 6F 63 6B 65 64 20 61 6C 6C 20 42 61 6E 65 20 62 6F 73 73 65 73 2E 00 00 40 0B 00 42 6F 73 73 20 53 6D 69 74 65 72 23 00 55 6E 6C 6F 63 6B 65 64 20 34 30 20 6F 72 20 6D 6F 72 65 20 41 72 63 68 66 6F 65 20 62 6F 73 73 65 73 2E 01 00 41 0C 00 42 6F 73 73 20 56 65 74 65 72 61 6E 20 00 55 6E 6C 6F 63 6B 65 64 20 34 30 20 6F 72 20 6D 6F 72 65 20 42 61 6E 65 20 62 6F 73 73 65 73 2E 01 00 42 1B 00 43 72 65 61 74 75 72 65 20 6F 66 20 48 61 62 69 74 20 28 47 72 61 64 65 20 31 29 37 00 52 65 77 61 72 64 20 53 74 72 65 61 6B 20 6F 66 20 61 74 20 6C 65 61 73 74 20 37 20 64 61 79 73 20 6F 66 20 63 6F 6E 73 65 63 75 74 69 76 65 20 6C 6F 67 69 6E 73 2E 01 00 43 1B 00 43 72 65 61 74 75 72 65 20 6F 66 20 48 61 62 69 74 20 28 47 72 61 64 65 20 32 29 38 00 52 65 77 61 72 64 20 53 74 72 65 61 6B 20 6F 66 20 61 74 20 6C 65 61 73 74 20 33 30 20 64 61 79 73 20 6F 66 20 63 6F 6E 73 65 63 75 74 69 76 65 20 6C 6F 67 69 6E 73 2E 01 00 44 1B 00 43 72 65 61 74 75 72 65 20 6F 66 20 48 61 62 69 74 20 28 47 72 61 64 65 20 33 29 38 00 52 65 77 61 72 64 20 53 74 72 65 61 6B 20 6F 66 20 61 74 20 6C 65 61 73 74 20 39 30 20 64 61 79 73 20 6F 66 20 63 6F 6E 73 65 63 75 74 69 76 65 20 6C 6F 67 69 6E 73 2E 01 00 45 1B 00 43 72 65 61 74 75 72 65 20 6F 66 20 48 61 62 69 74 20 28 47 72 61 64 65 20 34 29 39 00 52 65 77 61 72 64 20 53 74 72 65 61 6B 20 6F 66 20 61 74 20 6C 65 61 73 74 20 31 38 30 20 64 61 79 73 20 6F 66 20 63 6F 6E 73 65 63 75 74 69 76 65 20 6C 6F 67 69 6E 73 2E 01 00 46 1B 00 43 72 65 61 74 75 72 65 20 6F 66 20 48 61 62 69 74 20 28 47 72 61 64 65 20 35 29 39 00 52 65 77 61 72 64 20 53 74 72 65 61 6B 20 6F 66 20 61 74 20 6C 65 61 73 74 20 33 36 35 20 64 61 79 73 20 6F 66 20 63 6F 6E 73 65 63 75 74 69 76 65 20 6C 6F 67 69 6E 73 2E 01 00 47 11 00 41 73 70 69 72 69 6E 67 20 48 75 6E 74 73 6D 61 6E 1E 00 49 6E 76 65 73 74 65 64 20 31 36 30 2C 30 30 30 20 74 61 73 6B 73 20 70 6F 69 6E 74 73 2E 01 00 48 15 00 43 6F 6D 70 65 74 65 6E 74 20 42 65 61 73 74 73 6C 61 79 65 72 1E 00 49 6E 76 65 73 74 65 64 20 33 32 30 2C 30 30 30 20 74 61 73 6B 73 20 70 6F 69 6E 74 73 2E 01 00 49 13 00 46 65 61 72 65 64 20 42 6F 75 6E 74 79 68 75 6E 74 65 72 1E 00 49 6E 76 65 73 74 65 64 20 34 33 30 2C 30 30 30 20 74 61 73 6B 73 20 70 6F 69 6E 74 73 2E 01 00 4A 16 00 44 65 64 69 63 61 74 65 64 20 45 6E 74 72 65 70 72 65 6E 65 75 72 22 00 45 78 70 6C 6F 72 65 64 20 35 30 25 20 6F 66 20 61 6C 6C 20 74 68 65 20 6D 61 70 20 61 72 65 61 73 2E 00 00 4B 0C 00 47 6C 6F 62 65 74 72 6F 74 74 65 72 17 00 45 78 70 6C 6F 72 65 64 20 61 6C 6C 20 6D 61 70 20 61 72 65 61 73 2E 00 00 4C 0C 00 47 75 69 6C 64 20 4C 65 61 64 65 72 10 00 4C 65 61 64 69 6E 67 20 61 20 47 75 69 6C 64 2E 00 00 4D 14 00 50 72 6F 63 6F 6E 73 75 6C 20 6F 66 20 49 6B 73 75 70 61 6E 6F 00 4F 6E 6C 79 20 61 20 74 72 75 65 20 64 65 76 6F 74 65 65 20 74 6F 20 74 68 65 20 63 61 75 73 65 20 6F 66 20 74 68 65 20 61 6E 63 69 65 6E 74 20 49 6B 73 20 61 6E 64 20 74 68 65 69 72 20 6C 6F 73 74 20 6C 65 67 61 63 79 20 6D 61 79 20 73 74 65 70 20 75 70 20 74 6F 20 74 68 65 20 72 61 6E 6B 20 6F 66 20 70 72 6F 63 6F 6E 73 75 6C 2E 01 00 4E 14 00 41 64 6D 69 72 65 72 20 6F 66 20 74 68 65 20 43 72 6F 77 6E 20 00 41 64 6A 75 73 74 20 79 6F 75 72 20 63 72 6F 77 6E 20 61 6E 64 20 68 61 6E 64 6C 65 20 69 74 2E 01 00 4F 0B 00 42 69 67 20 53 70 65 6E 64 65 72 20 00 55 6E 6C 6F 63 6B 65 64 20 74 68 65 20 66 75 6C 6C 20 47 6F 6C 64 65 6E 20 4F 75 74 66 69 74 2E 01 00 50 15 00 43 68 61 6C 6C 65 6E 67 65 72 20 6F 66 20 74 68 65 20 49 6B 73 48 00 43 68 61 6C 6C 65 6E 67 65 64 20 41 68 61 75 2C 20 67 75 61 72 64 69 61 6E 20 6F 66 20 49 6B 73 75 70 61 6E 2C 20 69 6E 20 74 72 61 64 69 74 69 6F 6E 61 6C 20 49 6B 73 20 77 61 72 72 69 6F 72 20 61 74 74 69 72 65 2E 01 00 51 17 00 52 6F 79 61 6C 20 42 6F 75 6E 61 63 65 61 6E 20 41 64 76 69 73 6F 72 3B 00 43 61 6C 6C 65 64 20 74 6F 20 74 68 65 20 63 6F 75 72 74 20 6F 66 20 42 6F 75 6E 61 63 20 62 79 20 4B 65 73 61 72 20 74 68 65 20 59 6F 75 6E 67 65 72 20 68 69 6D 73 65 6C 66 2E 01 00 52 08 00 41 65 74 65 72 6E 61 6C 51 00 41 77 61 72 64 65 64 20 65 78 63 6C 75 73 69 76 65 6C 79 20 74 6F 20 73 74 61 6C 77 61 72 74 20 68 65 72 6F 65 73 20 6B 65 65 70 69 6E 67 20 74 68 65 20 66 61 69 74 68 20 75 6E 64 65 72 20 61 6C 6C 20 63 69 72 63 75 6D 73 74 61 6E 63 65 73 2E 01 00 53 0F 00 52 6F 62 69 6E 73 6F 6E 20 43 72 75 73 6F 65 75 00 53 6F 6D 65 20 64 69 73 63 6F 76 65 72 69 65 73 20 61 72 65 20 72 65 73 65 72 76 65 64 20 74 6F 20 6F 6E 6C 79 20 74 68 65 20 6D 6F 73 74 20 65 78 70 65 72 69 65 6E 63 65 64 20 61 64 76 65 6E 74 75 72 65 72 73 2E 20 55 6E 74 69 6C 20 74 68 65 20 6E 65 78 74 20 66 72 6F 6E 74 69 65 72 20 6F 70 65 6E 73 20 6F 6E 20 74 68 65 20 68 6F 72 69 7A 6F 6E 2E 01 00 54 0C 00 43 68 6F 6D 70 6D 65 69 73 74 65 72 56 00 41 77 61 72 64 65 64 20 6F 6E 6C 79 20 74 6F 20 74 72 75 65 20 63 6F 6E 6E 6F 69 73 73 65 75 72 73 20 75 6E 64 65 72 74 61 6B 69 6E 67 20 65 76 65 6E 20 74 68 65 20 6D 6F 73 74 20 65 78 6F 74 69 63 20 63 75 6C 69 6E 61 72 79 20 65 73 63 61 70 61 64 65 73 2E 01 00 55 0F 00 42 72 69 6E 67 65 72 20 6F 66 20 52 61 69 6E 3A 00 46 6F 72 67 69 6E 67 20 74 68 72 6F 75 67 68 20 62 61 74 74 6C 65 20 61 66 74 65 72 20 62 61 74 74 6C 65 20 6C 69 6B 65 20 61 20 74 72 75 65 20 67 6C 61 64 69 61 74 6F 72 2E 01 00 56 07 00 42 65 61 73 74 6C 79 29 00 52 65 61 63 68 65 64 20 32 30 30 30 20 63 68 61 72 6D 20 70 6F 69 6E 74 73 2E 20 51 75 69 74 65 20 62 65 61 73 74 6C 79 21 01 00 57 0F 00 4D 69 64 6E 69 67 68 74 20 48 75 6E 74 65 72 42 00 57 68 65 6E 20 74 68 65 20 68 75 6E 74 65 72 20 62 65 63 6F 6D 65 73 20 74 68 65 20 68 75 6E 74 65 64 2C 20 70 65 72 73 65 76 65 72 61 6E 63 65 20 64 65 63 69 64 65 73 20 74 68 65 20 67 61 6D 65 2E 01 00 58 09 00 52 61 74 69 6E 61 74 6F 72 5B 00 4B 69 6C 6C 69 6E 67 20 73 6F 6D 65 20 73 6E 61 72 6B 79 20 63 61 76 65 20 72 61 74 73 20 69 73 20 68 65 6C 70 66 75 6C 2C 20 6B 69 6C 6C 69 6E 67 20 6F 76 65 72 20 74 65 6E 20 74 68 6F 75 73 61 6E 64 20 6F 66 20 74 68 65 6D 20 69 73 20 61 20 73 74 61 74 65 6D 65 6E 74 2E 01 00 59 10 00 44 6F 6F 6D 73 64 61 79 20 4E 65 6D 65 73 69 73 3A 00 41 77 61 72 64 65 64 20 66 6F 72 20 67 72 65 61 74 20 68 65 6C 70 20 69 6E 20 74 68 65 20 62 61 74 74 6C 65 20 61 67 61 69 6E 73 74 20 47 61 7A 27 68 61 72 61 67 6F 74 68 2E 01 00 5A 0E 00 48 65 72 6F 20 6F 66 20 42 6F 75 6E 61 63 6A 00 59 6F 75 20 70 72 65 76 61 69 6C 65 64 20 64 75 72 69 6E 67 20 74 68 65 20 62 61 74 74 6C 65 20 6F 66 20 42 6F 75 6E 61 63 20 61 6E 64 20 62 72 6F 6B 65 20 74 68 65 20 73 69 65 67 65 20 74 68 61 74 20 68 65 6C 64 20 42 6F 75 6E 61 63 27 73 20 70 65 6F 70 6C 65 20 69 6E 20 69 74 73 20 66 69 72 6D 20 67 72 61 73 70 2E 01 00 5B 0D 00 4B 69 6E 67 20 6F 66 20 44 65 6D 6F 6E 1A 00 44 65 66 65 61 74 20 4D 6F 72 73 68 61 62 61 61 6C 20 35 20 74 69 6D 65 73 2E 01 00 5C 0A 00 50 6C 61 6E 65 67 61 7A 65 72 32 00 46 6F 6C 6C 6F 77 65 64 20 74 68 65 20 74 72 61 69 6C 20 6F 66 20 74 68 65 20 50 6C 61 6E 65 73 74 72 69 64 65 72 20 74 6F 20 74 68 65 20 65 6E 64 2E 01 00 5D 0E 00 54 69 6D 65 20 54 72 61 76 65 6C 6C 65 72 1A 00 41 6E 79 77 68 65 72 65 20 69 6E 20 74 69 6D 65 20 6F 72 20 73 70 61 63 65 2E 01 00 5E 0A 00 54 72 75 6C 79 20 42 6F 73 73 19 00 52 65 61 63 68 20 31 35 2C 30 30 30 20 62 6F 73 73 20 70 6F 69 6E 74 73 2E 01 00 5F 10 00 50 65 6E 73 69 76 65 20 57 61 6E 64 65 72 65 72 6A 00 59 6F 75 20 68 61 76 65 20 68 6F 6E 6F 75 72 65 64 20 74 68 65 20 4D 65 72 75 64 72 69 20 62 79 20 76 69 73 69 74 69 6E 67 20 61 6C 6C 20 6F 66 20 74 68 65 69 72 20 73 68 72 69 6E 65 73 20 61 6E 64 20 63 6F 6D 70 6C 65 74 69 6E 67 20 74 68 65 20 61 6E 63 69 65 6E 74 20 54 68 72 65 65 2D 46 6F 6C 64 20 50 61 74 68 2E 01 00 

